municipality,name,facility_type,address,neighborhood,cep,phone,email,opening_hours,categories,source
Abadia dos Dourados,CRAS Casa das Famílias (Abadia dos Dourados),CRAS,"Rua Ilidio Duarte, 10",Vila Duarte,38540-000,(34) 38471147,crasabadia@gmail.com,,cras,MDS/SAGI/CadSUAS (extração 28/06/2026)
Abaeté,CRAS Abaeté,CRAS,"Rua Joaquim Pereira, 671",São João,35620-000,(37) 999559354,crasabaete@yahoo.com.br,,cras,MDS/SAGI/CadSUAS (extração 28/06/2026)
Abre Campo,"CRAS ""Samuel Alves de Carvalho"" (Abre Campo)",CRAS,"Largo Cras, 1004",Cachoeira da Conquista,35365-000,(31) 38721202,cras@abrecampo.mg.gov.br,,cras,MDS/SAGI/CadSUAS (extração 28/06/2026)
Acaiaca,CRAS Acaiaca,CRAS,"Avenida Marginal Sul, 80",Centro,35438-000,(31) 38871665,crasoficial@acaiaca.mg.gov.br,,cras,MDS/SAGI/CadSUAS (extração 28/06/2026)
Açucena,CRAS Açucena,CRAS,"Rua Demerval Pimenta, 37",Centro,35147-000,(33) 32981520,cras@acucena.mg.gov.br,,cras,MDS/SAGI/CadSUAS (extração 28/06/2026)
Água Boa,CRAS Água Boa,CRAS,"Rua Emilio Vasconcelos, 133",Centro,39790-000,(33) 35151817,assistenciasocial@aguaboa.mg.gov.br,,cras,MDS/SAGI/CadSUAS (extração 28/06/2026)
Água Comprida,CRAS Água Comprida,CRAS,"Rua 26, 160",Centro,38110-000,(34) 33241382,cras@pmaguacomprida.mg.gov.br,,cras,MDS/SAGI/CadSUAS (extração 28/06/2026)
Aguanil,CRAS Aguanil,CRAS,"Rua centro, 35",Ibraim José Abraão,37273-000,(35) 38341220,crasaguanil2012@hotmail.com,,cras,MDS/SAGI/CadSUAS (extração 28/06/2026)
Águas Formosas,CRAS Águas Formosas,CRAS,"Rua Nanuque, 139",Centro,39880-000,(33) 36112195,paifaf@hotmail.com,,cras,MDS/SAGI/CadSUAS (extração 28/06/2026)
Águas Vermelhas,CRAS Casa das Familias (Águas Vermelhas),CRAS,"Rua Sao Vicente, 42",Centro,39990-000,(33) 37551490,crasaguasv@gmail.com,,cras,MDS/SAGI/CadSUAS (extração 28/06/2026)
Aimorés,CRAS Aimorés,CRAS,"Avenida Raul Soares, 812",Centro,35200-000,(33) 32671671,coordenacaocras@aimores.mg.gov.br,,cras,MDS/SAGI/CadSUAS (extração 28/06/2026)
Aiuruoca,CRAS Paulo Roberto Benfica Varginha (Aiuruoca),CRAS,"Rua Joaquim Corrêa de Lima, 22",Vila Dr. Julinho,37450-000,(35) 33441453,cras@aiuruoca.mg.gov.br,,cras,MDS/SAGI/CadSUAS (extração 28/06/2026)
Alagoa,CRAS Alagoa,CRAS,"Praça Anísio Mendes da Fonseca, 1",Centro,37458-000,(35) 33661302,cras@alagoa.mg.gov.br,,cras,MDS/SAGI/CadSUAS (extração 28/06/2026)
Albertina,CRAS Albertina,CRAS,Praça Epaminondas Brum,Jardim dos Ipes,37596-000,(35) 34461233,social@albertina.mg.gov.br,,cras,MDS/SAGI/CadSUAS (extração 28/06/2026)
Além Paraíba,CRAS Angustura (Além Paraíba),CRAS,"Rua Doutor Getulio Vargas, 105",Angustura,36660-000,(32) 34665150,cras.angustura@alemparaiba.mg.gov.br,,cras,MDS/SAGI/CadSUAS (extração 28/06/2026)
Além Paraíba,CRAS Central (Além Paraíba),CRAS,"Rua Capitão Medeiros de Rezende, 188",Praça da Bandeira,36660-000,(32) 34665150,cras.central@alemparaiba.mg.gov.br,,cras,MDS/SAGI/CadSUAS (extração 28/06/2026)
Além Paraíba,CRAS Goiabal (Além Paraíba),CRAS,"Rua Padre Francisco Xavier Butinhá, 240",Goiabal,36660-000,(32) 34665150,cras.goiabal@alemparaiba.mg.gov.br,,cras,MDS/SAGI/CadSUAS (extração 28/06/2026)
Alfenas,CRAS Central (Alfenas),CRAS,"Avenida Governador Valadares, 505",Centro,37130-000,(35) 999921545,cras.central@alfenas.mg.gov.br,,cras,MDS/SAGI/CadSUAS (extração 28/06/2026)
Alfenas,CRAS Alvorada (Alfenas),CRAS,"Rua Emilia Pereira Esteves, 280",Jardim Alvorada,37130-000,(35) 32974547,claudineia.pereira@alfenas.mg.gov,,cras,MDS/SAGI/CadSUAS (extração 28/06/2026)
Alfenas,CRAS Campos Eliseos (Alfenas),CRAS,"Rua Paulo Marques de Carvalho, 345",Campos Eliseos,37130-000,(35) 32915129,cras@alfenas.mg.gov.br,,cras,MDS/SAGI/CadSUAS (extração 28/06/2026)
Alfredo Vasconcelos,CRAS Alfredo Vasconcelos,CRAS,"Avenida Agostinho Bianchetti, 110",Centro,36272-000,(32) 20290011,cras@alfredovasconcelos.mg.gov.br,,cras,MDS/SAGI/CadSUAS (extração 28/06/2026)
Almenara,CRAS Cidade Nova (Almenara),CRAS,"Avenida Thiago de Souza Carvalho, 365",Cidade Nova,39900-000,(33) 991209423,crascidadenovaalmenara@gmail.com,,cras,MDS/SAGI/CadSUAS (extração 28/06/2026)
Almenara,CRAS I (Almenara),CRAS,"Avenida Carlyle Guimaraes Cardoso, 194",Tereza Cristina,39900-000,(33) 9806-4556,almenaracrascentral@gmail.com,,cras,MDS/SAGI/CadSUAS (extração 28/06/2026)
Almenara,CRAS Monte das Oliveiras (Almenara),CRAS,"Rua H, 401",Monte das Oliveiras,39900-000,(33) 988021191,montedasoliveiras@gmial.com,,cras,MDS/SAGI/CadSUAS (extração 28/06/2026)
Alpercata,CRAS Era Nova (Alpercata),CRAS,"Rua Altino Marques, 98",Era Nova,35138-000,(33) 32362072,social@alpercata.mg.gov.br,,cras,MDS/SAGI/CadSUAS (extração 28/06/2026)
Alpercata,CRAS Hortêncio Salvador Augusto (Alpercata),CRAS,"Avenida José Alves Pereira, 685",Cidade Nova,35138-000,(33) 32361628,cras@alpercata.mg.gov.br,,cras,MDS/SAGI/CadSUAS (extração 28/06/2026)
Alpinópolis,CRAS Jose Gabriel dos Santos (Alpinópolis),CRAS,"Rua Rio de Janeiro, 400",Centro,37940-000,(35) 35232719,cras@alpinopolis.mg.gov.br,,cras,MDS/SAGI/CadSUAS (extração 28/06/2026)
Alterosa,CRAS Casa da Família (Alterosa),CRAS,"Rua Urias Jose Batista, 62",Bela Vista,37145-000,(35) 32942523,cras@alterosa.mg.gov.br,,cras,MDS/SAGI/CadSUAS (extração 28/06/2026)
Alto Caparaó,CRAS João Custódio da Silva (Alto Caparaó),CRAS,"Avenida Pico da Bandeira, 1199",Independência,36979-000,(32) 37472502,assistenciasocialdealtocaparao@yahoo.com.br,,cras,MDS/SAGI/CadSUAS (extração 28/06/2026)
Alto Jequitibá,CRAS Casa das Famílias (Alto Jequitibá),CRAS,"Avenida Catarina Eller, 281",Centro,36976-000,(33) 33431552,crascoordenacao1@hotmail.com,,cras,MDS/SAGI/CadSUAS (extração 28/06/2026)
Alto Rio Doce,CRAS Casa da Família de Alto Rio Doce-MG (Alto Rio Doce),CRAS,"Rua Dr. João Batista Viana, 416",Centro,36260-000,(32) 33451981,secretaria.assistenciasocial@altoriodoce.mg.gov.br,,cras,MDS/SAGI/CadSUAS (extração 28/06/2026)
Alvarenga,CRAS Alvarenga,CRAS,"Avenida Silvia Araujo de Souza, 38",Nossa Senhora das Graças,35249-000,(33) 30388096,assistenciasocial@alvarenga.mg.gov.br,,cras,MDS/SAGI/CadSUAS (extração 28/06/2026)
Alvinópolis,CRAS Alvinópolis,CRAS,"Rua Fonseca, 255",Centro,35950-000,(31) 38552316,acaosocialalvinopolis@outlook.com,,cras,MDS/SAGI/CadSUAS (extração 28/06/2026)
Alvorada de Minas,CRAS Alvorada de Minas,CRAS,"Rua Padre Paraiso, 239",Centro,39140-000,(31) 985120797,cras_alvorada@hotmail.com,,cras,MDS/SAGI/CadSUAS (extração 28/06/2026)
Amparo do Serra,CRAS Casa da Família (Amparo do Serra),CRAS,"Rua Maria Lima, 18",Conceição,35444-000,(31) 38955121,cras@amparodoserra.mg.gov.br,,cras,MDS/SAGI/CadSUAS (extração 28/06/2026)
Andradas,CRAS Andradas,CRAS,Rua Argemiro Pereira de Oliveira,Horto,37795-000,(35) 37315122,supervisao.cras@andradas.mg.gov.br,,cras,MDS/SAGI/CadSUAS (extração 28/06/2026)
Andrelândia,CRAS Teresa Neuman Alves Pereira Carvalho (Andrelândia),CRAS,"Rua Arthur Monteiro de Carvalho, 150",Santos Dumont,37300-000,(35) 34390006,cras01@andrelandia.mg.gov.br,,cras,MDS/SAGI/CadSUAS (extração 28/06/2026)
Andrelândia,CRAS Jose Maria Meireles de Carvalho (Andrelândia),CRAS,"Rua Jose Sergio Basilio, 45",Belo Horizonte Ii,37300-000,(35) 33251850,crasandrelandia@dreamnet.com.br,,cras,MDS/SAGI/CadSUAS (extração 28/06/2026)
Angelândia,CRAS Angelândia,CRAS,"Rua Padre José Batista, 36",Planalto,39685-000,(33) 40422797,crasangelandia2020@gmail.com,,cras,MDS/SAGI/CadSUAS (extração 28/06/2026)
Antônio Carlos,CRAS Antônio Carlos,CRAS,"Rua Coronel José Gonçalves de Araújo, 231",Sagrada Família,36220-000,(32) 080032125,smas@municipioantoniocarlos.mg.gov.br,,cras,MDS/SAGI/CadSUAS (extração 28/06/2026)
Antônio Dias,CRAS Bem Viver (Antônio Dias),CRAS,"Rua Carvalho de Brito, 80",Centro,35177-000,(31) 986950300,conselhosmunicipais.ad@gmail.com,,cras,MDS/SAGI/CadSUAS (extração 28/06/2026)
Antônio Prado de Minas,CRAS Prefeito Jose Levindo Fumian (Antônio Prado de Minas),CRAS,"Rua Prefeito Eurípedes Carlos de Abreu, 120",Centro,36850-000,(32) 37251014,socialgestao2025@gmail.com,,cras,MDS/SAGI/CadSUAS (extração 28/06/2026)
Araçaí,CRAS Araçaí,CRAS,"Rua Inácio Rocha, 326",Centro,35777-000,(31) 37156139,crasaracai@yahoo.com.br,,cras,MDS/SAGI/CadSUAS (extração 28/06/2026)
Aracitaba,CRAS Ana Neves de Melo (Aracitaba),CRAS,"Rua Joaquim André Fernandes, 62",Bairro Nossa Senhora de Lourdes,36255-000,(32) 32561108,social@aracitaba.mg.gov.br,,cras,MDS/SAGI/CadSUAS (extração 28/06/2026)
Araçuaí,CRAS Canoeiro (Araçuaí),CRAS,"Rua Vitória, 67",Nova Terra,39600-000,(33) 37312511,cras.canoeiro@aracuai.mg.gov.br,,cras,MDS/SAGI/CadSUAS (extração 28/06/2026)
Araçuaí,CRAS Maria Natividade (Araçuaí),CRAS,"Avenida Dr.nuno Melo, 78",Centro,39600-000,(33) 37311236,cras.marianatividade@aracuai.mg.gov.br,,cras,MDS/SAGI/CadSUAS (extração 28/06/2026)
Araguari,CRAS Araguari,CRAS,"Rua Adolfo Carlos Carísio, 140",Industrial,38442-038,(34) 984022131,crasteritorioum@gmail.com,,cras,MDS/SAGI/CadSUAS (extração 28/06/2026)
Araguari,CRAS Araguari - Alan Kardec,CRAS,"Rua Terezinha Machado da Silva, 291",Alan Kardec,38440-133,(34) 984037517,crasterritorio2@yahoo.com,,cras,MDS/SAGI/CadSUAS (extração 28/06/2026)
Araguari,CRAS Araguari - Independencia,CRAS,"Rua Oziano Moreira de Almeida, 10",Independencia,38443-106,(34) 998924141,asocial@araguari.mg.gov.br,,cras,MDS/SAGI/CadSUAS (extração 28/06/2026)
Araguari,CRAS Araguari - Monte Moria,CRAS,Rua Dr. Sebastião Campos,Monte Moria,38441-310,(34) 999486485,cras5araguari@gmail.com,,cras,MDS/SAGI/CadSUAS (extração 28/06/2026)
Araguari,CRAS Araguari - Milenium,CRAS,"Rua Santa Catarina, 515",Milenium,38447-023,(34) 984397985,cras3araguari@gmail.com,,cras,MDS/SAGI/CadSUAS (extração 28/06/2026)
Arantina,CRAS Dona Tereza Maria Gonçalves (Arantina),CRAS,"Rua Francisco Fernandes Alves, 123",Centro,37360-000,(32) 32961421,cras@arantina.mg.gov.br,,cras,MDS/SAGI/CadSUAS (extração 28/06/2026)
Araponga,CRAS Cantinho do Céu (Araponga),CRAS,Rua Gabriel Lopes Leles,Centro,36594-000,(31) 38941235,crasaraponga@gmail.com,,cras,MDS/SAGI/CadSUAS (extração 28/06/2026)
Araporã,CRAS Araporã,CRAS,"Rua Gabriel Dias, 111",Centro,38465-000,(34) 32849530,cras@arapora.mg.gov.br,,cras,MDS/SAGI/CadSUAS (extração 28/06/2026)
Arapuá,CRAS Colmeia (Arapuá),CRAS,"Avenida Eduardo Augusto de Medeiros, 1101",Centro,38860-000,(34) 38561227,social@arapua.mg.gov.br,,cras,MDS/SAGI/CadSUAS (extração 28/06/2026)
Araújos,CRAS Araújos,CRAS,"Rua São Vicente, 1201",Centro,35603-000,(37) 32881527,crasaraujos@yahoo.com.br,,cras,MDS/SAGI/CadSUAS (extração 28/06/2026)
Araxá,CRAS Abolição (Araxá),CRAS,"Rua Marcolino Coelho Borges, 390",Abolição,38180-226,(34) 36680593,crasabolicao@araxa.mg.gov.br,,cras,MDS/SAGI/CadSUAS (extração 28/06/2026)
Araxá,CRAS Bom Jesus (Araxá),CRAS,"Rua Jason Armando de Paula, 117",Bom Jesus,38181-020,(34) 36699433,crasbomjesus@araxa.mg.gov.br,,cras,MDS/SAGI/CadSUAS (extração 28/06/2026)
Araxá,CRAS Centro (Araxá),CRAS,"Rua Dr Garibaldi Cunha, 10",Centro,38183-040,(34) 36680596,crascentro@araxa.mg.gov.br,,cras,MDS/SAGI/CadSUAS (extração 28/06/2026)
Araxá,CRAS Pão de Açucar (Araxá),CRAS,"Rua Eurindo Barbosa de Lacerda, 245",Pão de Açúcar,38181-578,(34) 36680595,craspaodeacucar@araxa.mg.gov.br,,cras,MDS/SAGI/CadSUAS (extração 28/06/2026)
Arceburgo,CRAS Arceburgo,CRAS,"Rua Nicolau Jacob, 165",Vila Centenária,37820-000,(35) 997538085,pmassistencia@yahoo.com.br,,cras,MDS/SAGI/CadSUAS (extração 28/06/2026)
Arcos,CRAS Brasília (Arcos),CRAS,"Rua Tenente Florencionunes, 222",Brasília,35600-322,(37) 33522564,crasarcos@arcos.mg.gov.br,,cras,MDS/SAGI/CadSUAS (extração 28/06/2026)
Areado,CRAS Areado,CRAS,"Rua Alferes José Joaquim da Cunha Bastos, 401",São Vicente,37140-000,(35) 32932983,crasdeareado@hotmail.com,,cras,MDS/SAGI/CadSUAS (extração 28/06/2026)
Argirita,CRAS Rosario (Argirita),CRAS,"Rua Rosário, 10",Centro,36710-000,(32) 080003104,assistenciasocial@argirita.mg.gov.br,,cras,MDS/SAGI/CadSUAS (extração 28/06/2026)
Aricanduva,CRAS Aricanduva,CRAS,"Avenida Brasil, 212",Alvorada,39678-000,(33) 35159187,cras@aricanduva.mg.gov.br,,cras,MDS/SAGI/CadSUAS (extração 28/06/2026)
Arinos,CRAS I (Arinos),CRAS,"Rua: Natalia Carvalho Chaves, 3",Crispim Santna,38680-000,(38) 34600137,cras1@arinos.mg.gov.br,,cras,MDS/SAGI/CadSUAS (extração 28/06/2026)
Arinos,CRAS II Vida Nova (Arinos),CRAS,"Avenida Garibaldina Fernandes Valadares, 520",Primavera I,38680-000,(38) 36351060,cras2@arinos.mg.gov.br,,cras,MDS/SAGI/CadSUAS (extração 28/06/2026)
Astolfo Dutra,CRAS Astolfo Dutra,CRAS,"Rua Liberato Antonio da Cunha, 159",Nossa Senhora de Fatima,36780-000,(32) 34511830,crassocialad@yahoo.com,,cras,MDS/SAGI/CadSUAS (extração 28/06/2026)
Ataléia,CRAS Ataléia,CRAS,"Avenida Do Contorno, 667",Cidade Nova,39850-000,(33) 987589599,crasataleia@yahoo.com.br,,cras,MDS/SAGI/CadSUAS (extração 28/06/2026)
Augusto de Lima,CRAS Helena (Augusto de Lima),CRAS,"Rua Placidino Martins, 157",Santa Helena,39219-000,(38) 34010012,crasaugusto@yahoo.com.br,,cras,MDS/SAGI/CadSUAS (extração 28/06/2026)
Baependi,CRAS Baependi,CRAS,"Rua Doze, 360",Serra de Santa Maria,37443-000,(35) 920015684,crasfabianoviotti@gmail.com,,cras,MDS/SAGI/CadSUAS (extração 28/06/2026)
Baependi,CRAS Baependi - Cohab,CRAS,"Rua Professora Marizinha de Seixas, 119",Cohab,37443-000,(35) 920017459,cohabcoordenacao@gmail.com,,cras,MDS/SAGI/CadSUAS (extração 28/06/2026)
Baldim,CRAS Casa da Família (Baldim),CRAS,"Rua Francisco de Assis, 289",Centro,35732-000,(31) 983907441,assistenciasocialbaldim@yahoo.com.br,,cras,MDS/SAGI/CadSUAS (extração 28/06/2026)
Bambuí,"CRAS Bambui "" Sandro Carvalho"" (Bambuí)",CRAS,"Rua Zacarias Rodrigues, 165",Nossa Senhora das Graças,38900-000,(37) 999145878,cras@bambui.mg.gov.br,,cras,MDS/SAGI/CadSUAS (extração 28/06/2026)
Bandeira,CRAS Casa das Familias (Bandeira),CRAS,"Rua Belizario Amaral, 40",Centro,39917-000,(33) 37281283,assistenciasocial@bandeira.mg.gov.br,,cras,MDS/SAGI/CadSUAS (extração 28/06/2026)
Bandeira do Sul,CRAS Manoel Pereira Dias (Bandeira do Sul),CRAS,"Rua Presidente Tancredo Neves, 200",Centro,37740-000,(35) 37421892,cras@bandeiradosul.mg.gov.br,,cras,MDS/SAGI/CadSUAS (extração 28/06/2026)
Barão de Cocais,CRAS Barão de Cocais,CRAS,"Rua Joaquim do Carmo Goncalves, 674",São Miguel,35970-000,(31) 38377618,cras.pmbc@gmail.com,,cras,MDS/SAGI/CadSUAS (extração 28/06/2026)
Barão do Monte Alto,CRAS Barão do Monte Alto,CRAS,"Rua Antônio José Gonçalves, 837",Centro,36870-000,(32) 37271025,assistenciasocial@baraodomontealto.mg.gov.br,,cras,MDS/SAGI/CadSUAS (extração 28/06/2026)
Barbacena,CRAS Nova Cidade (Barbacena),CRAS,Rua São Paulo da Cruz,Ipanema,36205-527,(32) 33392025,cras.novacidade@barbacena.mg.gov.br,,cras,MDS/SAGI/CadSUAS (extração 28/06/2026)
Barbacena,CRAS São Pedro (Barbacena),CRAS,"Praça José Serapio da Silva, 673",São Pedro,36204-214,(32) 33392079,cras.saopedro@barbacena.mg.gov.br,,cras,MDS/SAGI/CadSUAS (extração 28/06/2026)
Barbacena,CRAS Santa Maria (Barbacena),CRAS,"Avenida Marcolino Rodrigues Campos, 8",João Paulo Ii,36202-732,(32) 31981171,desenvolvimento.social@barbacena.mg.gov.br,,cras,MDS/SAGI/CadSUAS (extração 28/06/2026)
Barra Longa,CRAS Viva Feliz (Barra Longa),CRAS,"Rua Getúlio Etrusco, 50",Centro,35447-000,(31) 38775204,semasbarralonga.2015@gmail.com,,cras,MDS/SAGI/CadSUAS (extração 28/06/2026)
Barroso,CRAS Casa das famílias (Barroso),CRAS,"Rua Joaquim Meireles, 20",Centro,36212-000,(32) 33514875,protecaosocialbasica@barroso.mg.gov.br,,cras,MDS/SAGI/CadSUAS (extração 28/06/2026)
Bela Vista de Minas,CRAS Senhor do Bonfim (Bela Vista de Minas),CRAS,"Rua Guilherme Machado, 220",Senhor do Bonfim,35938-000,(31) 38531185,crasbonfim@belavistademinas.mg.gov.br,,cras,MDS/SAGI/CadSUAS (extração 28/06/2026)
Bela Vista de Minas,CRAS Lages (Bela Vista de Minas),CRAS,"Rua Joaquim Gomes, 135",Lages,35938-000,(31) 39531023,dasbvm@yahoo.com.br,,cras,MDS/SAGI/CadSUAS (extração 28/06/2026)
Belmiro Braga,CRAS Casa da Família (Belmiro Braga),CRAS,"Rua Joana Claudina, 329",Centro,36126-000,(32) 32841198,assistenciasocialbb@yahoo.com.br,,cras,MDS/SAGI/CadSUAS (extração 28/06/2026)
Belo Horizonte,CRAS Alto Vera Cruz (Belo Horizonte),CRAS,"Rua Padre Júlio Maria, 1550",Alto Vera Cruz,30285-360,(31) 988660839,cras.altoveracruz@pbh.gov.br,,cras,MDS/SAGI/CadSUAS (extração 28/06/2026)
Belo Horizonte,CRAS Apolônia (Belo Horizonte),CRAS,"Rua Visconde de Itaboraí, 304",Jardim Leblon,31540-460,(31) 32771816,cras.apolonia@pbh.gov.br,,cras,MDS/SAGI/CadSUAS (extração 28/06/2026)
Belo Horizonte,CRAS Arthur de Sá (Belo Horizonte),CRAS,"Rua Professor Geraldo Fontes, 30",União,31170-540,(31) 32779155,cras.arthurdesa@pbh.gov.br,,cras,MDS/SAGI/CadSUAS (extração 28/06/2026)
Belo Horizonte,CRAS Cabana do Pai Tomás (Belo Horizonte),CRAS,"Avenida Capim Branco, 231",Vista Alegre,30518-020,(31) 980211931,crascabana@pbh.gov.br,,cras,MDS/SAGI/CadSUAS (extração 28/06/2026)
Belo Horizonte,CRAS Confisco (Belo Horizonte),CRAS,"Rua Cecília Magalhães Gomes (antiga Rua K), 127",Confisco,31360-510,(31) 32777146,cras.confisco@pbh.gov.br,,cras,MDS/SAGI/CadSUAS (extração 28/06/2026)
Belo Horizonte,CRAS Conjunto Paulo Vi (Belo Horizonte),CRAS,"Rua Da Neblina, 120",Conjunto Paulo Vi,31998-180,(31) 32776840,cras.paulovi@pbh.gov.br,,cras,MDS/SAGI/CadSUAS (extração 28/06/2026)
Belo Horizonte,CRAS Dandara (Belo Horizonte),CRAS,"Rua José Simplício Moreira, 1144",Trevo,31370-624,(31) 989066792,cras.dandara@pbh.gov.br,,cras,MDS/SAGI/CadSUAS (extração 28/06/2026)
Belo Horizonte,CRAS Granja de Freitas (Belo Horizonte),CRAS,"Rua Do Grupo, 12",Granja de Freitas,30285-220,(31) 32775660,cras.granjadefreitas@pbh.gov.br,,cras,MDS/SAGI/CadSUAS (extração 28/06/2026)
Belo Horizonte,CRAS Havai Ventosa (Belo Horizonte),CRAS,"Rua Manila, 432",Havaí,30575-010,(31) 32779616,cras.havaiventosa@pbh.gov.br,,cras,MDS/SAGI/CadSUAS (extração 28/06/2026)
Belo Horizonte,CRAS Independência (Belo Horizonte),CRAS,"Rua Maria Antonieta Ferreira, 151",Independência,30672-090,(31) 32462152,cras.independencia@pbh.gov.br,,cras,MDS/SAGI/CadSUAS (extração 28/06/2026)
Belo Horizonte,CRAS Jardim Felicidade (Belo Horizonte),CRAS,"Rua Cecília Trindade da Silva, 55",Jardim Felicidade,31742-533,(31) 32469503,cras.jardimfelicidade@pbh.gov.br,,cras,MDS/SAGI/CadSUAS (extração 28/06/2026)
Belo Horizonte,CRAS Lagoa (Belo Horizonte),CRAS,"Rua José Sabino Maciel, 120",Lagoa,31578-060,(31) 32469016,cras.lagoa@pbh.gov.br,,cras,MDS/SAGI/CadSUAS (extração 28/06/2026)
Belo Horizonte,CRAS Mantiqueira (Belo Horizonte),CRAS,"Rua Luzia Salomão, 300",Mantiqueira,31660-040,(31) 989136253,cras.mantiqueira@pbh.gov.br,,cras,MDS/SAGI/CadSUAS (extração 28/06/2026)
Belo Horizonte,CRAS Mariano de Abreu (Belo Horizonte),CRAS,"Rua Cinco de Janeiro, 115",Mariano de Abreu,31050-340,(31) 32775643,cras.marianodeabreu@pbh.gov.br,,cras,MDS/SAGI/CadSUAS (extração 28/06/2026)
Belo Horizonte,CRAS Morro das Pedras (Belo Horizonte),CRAS,"Avenida Silva Lobo, 2379",Nova Granada,30431-191,(31) 32777091,cras.morrodaspedras@pbh.gov.br,,cras,MDS/SAGI/CadSUAS (extração 28/06/2026)
Belo Horizonte,CRAS Novo Aarão Reis (Belo Horizonte),CRAS,"Avenida Risoleta Neves, 347",Novo Aarão Reis,31514-483,(31) 32771327,cras.novoaraoreis@pbh.gov.br,,cras,MDS/SAGI/CadSUAS (extração 28/06/2026)
Belo Horizonte,CRAS Novo Ouro Preto (Belo Horizonte),CRAS,"Rua Geraldina Cândida de Jesus, 92",Ouro Preto,31330-560,(31) 32771592,cras.novoouropreto@pbh.gov.br,,cras,MDS/SAGI/CadSUAS (extração 28/06/2026)
Belo Horizonte,CRAS Pedreira Prado Lopes (Belo Horizonte),CRAS,"Avenida José Bonifácio, 189",São Cristóvão,31210-690,(31) 989315591,cras.pedreirapradolopes@pbh.gov.br,,cras,MDS/SAGI/CadSUAS (extração 28/06/2026)
Belo Horizonte,CRAS Petrópolis (Belo Horizonte),CRAS,"Rua Frederico Boy Prussiano, 137",Petrópolis,30666-517,(31) 32779578,cras.petropolis@pbh.gov.br,,cras,MDS/SAGI/CadSUAS (extração 28/06/2026)
Belo Horizonte,CRAS Providência (Belo Horizonte),CRAS,"Rua São Sebastião, 140",Minaslândia,31810-380,(31) 32777394,cras.providencia@pbh.gov.br,,cras,MDS/SAGI/CadSUAS (extração 28/06/2026)
Belo Horizonte,CRAS Santa Rita de Cássia (Belo Horizonte),CRAS,"Rua São Tomás de Aquino, 640",Vila Santa Rita de Cássia,30330-530,(31) 989477080,cras.santaritadecassia@pbh.gov.br,,cras,MDS/SAGI/CadSUAS (extração 28/06/2026)
Belo Horizonte,CRAS Santa Rosa (Belo Horizonte),CRAS,"Rua Major Delfino de Paula, 2553",São Francisco,31255-170,(31) 988740981,cras.santarosa@pbh.gov.br,,cras,MDS/SAGI/CadSUAS (extração 28/06/2026)
Belo Horizonte,CRAS Sumaré (Belo Horizonte),CRAS,"Rua Cirilo Gaspar de Araujo, 522",Vila Sumaré,31250-130,(31) 32467552,cras.sumare@pbh.gov.br,,cras,MDS/SAGI/CadSUAS (extração 28/06/2026)
Belo Horizonte,CRAS Taquaril (Belo Horizonte),CRAS,"Rua Ludgero Felipe Ferreira, 42",Conjunto Taquaril,30290-650,(31) 989680424,cras.taquaril@pbh.gov.br,,cras,MDS/SAGI/CadSUAS (extração 28/06/2026)
Belo Horizonte,CRAS Vila Antena (Belo Horizonte),CRAS,"Rua Central, 78",Vila Antena,30451-496,(31) 988740972,crasvilaantena@pbh.gov.br,,cras,MDS/SAGI/CadSUAS (extração 28/06/2026)
Belo Horizonte,CRAS Vila Betânia (Belo Horizonte),CRAS,"Rua Demiza, 770",Betânia,30514-020,(31) 980210626,cras.vilabetania@pbh.gov.br,,cras,MDS/SAGI/CadSUAS (extração 28/06/2026)
Belo Horizonte,CRAS Vila Biquinhas (Belo Horizonte),CRAS,"Rua Coronel Joaquim Tibúrcio, 850",Heliópolis,31741-570,(31) 32468004,cras.vilabiquinhas@pbh.gov.br,,cras,MDS/SAGI/CadSUAS (extração 28/06/2026)
Belo Horizonte,CRAS Vila Califórnia (Belo Horizonte),CRAS,"Avenida Avaí, 700",Vila Califórnia,30850-230,(31) 32463045,cras.vilacalifornia@pbh.gov.br,,cras,MDS/SAGI/CadSUAS (extração 28/06/2026)
Belo Horizonte,CRAS Vila Cemig (Belo Horizonte),CRAS,"Rua Faisão, 1071",Flávio Marques Lisboa,30624-080,(31) 988660973,cras.vilacemig@pbh.gov.br,,cras,MDS/SAGI/CadSUAS (extração 28/06/2026)
Belo Horizonte,CRAS Vila Coqueiral (Belo Horizonte),CRAS,"Rua Rainha das Flores, 102",Jardim Filadelfia,30865-260,(31) 32778376,cras.coqueiral@pbh.gov.br,,cras,MDS/SAGI/CadSUAS (extração 28/06/2026)
Belo Horizonte,CRAS Vila Marçola (Belo Horizonte),CRAS,"Rua Engenheiro Lucas Júlio Proença, 73",Serra,30220-350,(31) 32465006,cras.vilamarcola@pbh.gov.br,,cras,MDS/SAGI/CadSUAS (extração 28/06/2026)
Belo Horizonte,CRAS Vila Maria (Belo Horizonte),CRAS,"Rua Professor Amílcar Viana Martins, 65",Jardim Vitória,31975-220,(31) 32468051,cras.vilamaria@pbh.gov.br,,cras,MDS/SAGI/CadSUAS (extração 28/06/2026)
Belo Horizonte,CRAS Vila Nossa Senhora de Fátima (Belo Horizonte),CRAS,"Rua Dona Benta, 145",Nossa Senhora de Fatima,30250-498,(31) 32779913,cras.vilafatima@pbh.gov.br,,cras,MDS/SAGI/CadSUAS (extração 28/06/2026)
Belo Horizonte,CRAS Vila São José (Belo Horizonte),CRAS,"Rua Joaquim José Ribeiro, 50",Manacás,30840-810,(31) 32777149,cras.saojose@pbh.gov.br,,cras,MDS/SAGI/CadSUAS (extração 28/06/2026)
Belo Horizonte,CRAS Vila Senhor dos Passos (Belo Horizonte),CRAS,"Rua Evaristo da Veiga, 239",Senhor dos Passos,30210-300,(31) 32776119,cras.senhordospassos@pbh.gov.br,,cras,MDS/SAGI/CadSUAS (extração 28/06/2026)
Belo Horizonte,CRAS Vista Alegre I (Belo Horizonte),CRAS,"Rua Aguanil, 425",Vista Alegre,30518-000,(31) 93835129,crasvistaalegre@pbh.gov.br,,cras,MDS/SAGI/CadSUAS (extração 28/06/2026)
Belo Horizonte,CRAS Zilah Spósito (Belo Horizonte),CRAS,"Rua Coquilho, 75",Zilah Spósito,31748-945,(31) 32771848,cras.zilahsposito@pbh.gov.br,,cras,MDS/SAGI/CadSUAS (extração 28/06/2026)
Belo Oriente,CRAS GIRASSOL - Unidade I (Perpétuo Socorro) (Belo Oriente),CRAS,"Avenida Milton Campos, 15",Perpétuo Socorro,35196-000,(31) 32401149,crasps@belooriente.mg.gov.br,,cras,MDS/SAGI/CadSUAS (extração 28/06/2026)
Belo Oriente,CRAS Girassol - Unidade 2 (B.J.Bagre) (Belo Oriente),CRAS,"Avenida Raimundo Leonídio de Almeida, 405",Milagres,35195-000,(31) 999258933,crassede@belooriente.mg.gov.br,,cras,MDS/SAGI/CadSUAS (extração 28/06/2026)
Belo Oriente,CRAS Girassol - Unidade 3 (S.S. Braúnas) (Belo Oriente),CRAS,"Praça São Sebastião, 46",São Sebastião de Braunas,35195-000,(31) 999854787,crasps@belooriente.mg.gov.br,,cras,MDS/SAGI/CadSUAS (extração 28/06/2026)
Belo Oriente,CRAS Girassol - Unidade 4 (Sede) (Belo Oriente),CRAS,"Rua Nossa Senhora da Piedade, 6",Centro de Belo Oriente,35195-000,(31) 997959723,crassede@belooriente.mg.gov.br,,cras,MDS/SAGI/CadSUAS (extração 28/06/2026)
Belo Vale,CRAS Belo Vale,CRAS,"Avenida Tocantins, 297",Centro,35473-000,(31) 37341418,ssocial.pmbelovale@gmail.com,,cras,MDS/SAGI/CadSUAS (extração 28/06/2026)
Berilo,CRAS Sede (Berilo),CRAS,"Rua Vereador Teodoro Vieira de Souza, 1",Dom Sivestre,39640-000,(33) 997075139,crasberilomg@hotmail.com,,cras,MDS/SAGI/CadSUAS (extração 28/06/2026)
Berilo,CRAS Leliveldia (Berilo),CRAS,"Rua 32.0, 1",Centro,39640-000,(33) 997074060,crasleliveldia2017@gmail.com,,cras,MDS/SAGI/CadSUAS (extração 28/06/2026)
Berizal,CRAS Berizal,CRAS,"Rua Bahia, 35",Planalto,39555-000,(38) 997417873,crasberizalmg@hotmail.com,,cras,MDS/SAGI/CadSUAS (extração 28/06/2026)
Bertópolis,CRAS Bertópolis,CRAS,"Avenida Governador Valadares, 755",Centro,39875-000,(33) 999649346,social@bertopolis.mg.gov.br,,cras,MDS/SAGI/CadSUAS (extração 28/06/2026)
Betim,CRAS Icaivera (Betim),CRAS,"Rua Amongueaba, 167",Icaivera,32639-158,(31) 35311651,semas.crasnorte@betim.mg.gov.br,,cras,MDS/SAGI/CadSUAS (extração 28/06/2026)
Betim,CRAS Alterosas I (Betim),CRAS,"Rua Circular, 369",Industrial Sao Pedro,32673-114,(31) 35915645,semas.crasalterosasI@betim.mg.gov.br,,cras,MDS/SAGI/CadSUAS (extração 28/06/2026)
Betim,CRAS Alterosas Ii (Betim),CRAS,"Rua Jamour, 81",Jardim Alterosas,32670-660,(31) 35923823,semas.crasalterosas2@betim.mg.gov.br,,cras,MDS/SAGI/CadSUAS (extração 28/06/2026)
Betim,CRAS Alto Boa Vista (Betim),CRAS,"Rua Recanto do Sossego, 509",Alto Boa Vista,32641-278,(31) 35967743,semas.crasabv@betim.mg.gov.br,,cras,MDS/SAGI/CadSUAS (extração 28/06/2026)
Betim,CRAS Bandeirinhas (Betim),CRAS,"Rua Fausto Ribeiro Silva, 576",Bandeirinhas,32541-000,(31) 35968198,semas.crasbandeirinhas@betim.mg.gov.br,,cras,MDS/SAGI/CadSUAS (extração 28/06/2026)
Betim,CRAS Citrolandia (Betim),CRAS,"Rua Aracaju, 146",Varzea,32641-856,(31) 35961896,semas.crascitrolandia@betim.mg.gov.br,,cras,MDS/SAGI/CadSUAS (extração 28/06/2026)
Betim,CRAS Cruzeiro do Ptb (Betim),CRAS,"Rua Raymundo Gabriel de Rezende, 220",Conjunto Habitacional José Gomes de Castro,32661-626,(31) 3593-4392,semas.crascruzeiro@betim.mg.gov.br,,cras,MDS/SAGI/CadSUAS (extração 28/06/2026)
Betim,CRAS Guanabara (Betim),CRAS,"Rua Joaquim Cesário Resende, 118",Guanabara,32667-022,(31) 35935010,semas.crasguanabara@betim.mg.gov.br,,cras,MDS/SAGI/CadSUAS (extração 28/06/2026)
Betim,CRAS Imbiruçu (Betim),CRAS,"Avenida Nova York, 341",Capelinha,32677-164,(31) 35976423,semas.crasimbirucu@betim.mg.gov.br,,cras,MDS/SAGI/CadSUAS (extração 28/06/2026)
Betim,CRAS Jardim Perla (Betim),CRAS,"Rua Pitangui, 353",Vila Cristina,32686-320,(31) 35927842,semas.crasjardimperla@betim.mg.gov.br,,cras,MDS/SAGI/CadSUAS (extração 28/06/2026)
Betim,CRAS Norte (Betim),CRAS,"Avenida Quatro, 3",Vila das Flores,32605-245,(31) 35957793,semas.crasnorte@betim.mg.gov.br,,cras,MDS/SAGI/CadSUAS (extração 28/06/2026)
Betim,CRAS Petrovale (Betim),CRAS,"Rua Marrocos, 100",Petrovale,32668-094,(31) 35942420,semas.craspetrovale@betim.mg.gov.br,,cras,MDS/SAGI/CadSUAS (extração 28/06/2026)
Betim,CRAS Sao Joao (Betim),CRAS,"Rua Tavira, 241",São João,32655-616,(31) 35931392,semas.crassaojoao@betim.mg.gov.br,,cras,MDS/SAGI/CadSUAS (extração 28/06/2026)
Betim,CRAS Teresopolis (Betim),CRAS,Rua Gaturama,Jardim Teresopolis,32680-130,(31) 35915604,semas.crasteresopolis@betim.mg.gov.br,,cras,MDS/SAGI/CadSUAS (extração 28/06/2026)
Betim,CRAS Vianopolis (Betim),CRAS,"Rua Araxá, 450",Marimbá,32623-226,(31) 35963046,semas.crasvianopolis@betim.mg.gov.br,,cras,MDS/SAGI/CadSUAS (extração 28/06/2026)
Betim,CRAS Vila Recreio (Betim),CRAS,"Rua Liberdade, 65",Jardim Teresopolis,32682-999,(31) 35948595,semas.crasvilarecreio@betim.mg.gov.br,,cras,MDS/SAGI/CadSUAS (extração 28/06/2026)
Bias Fortes,CRAS Bias Fortes,CRAS,"Rua Prefeito Odilon de Oliveira Fonseca, 70",Centro,36230-000,(32) 34540907,biasfortescras@gmail.com,,cras,MDS/SAGI/CadSUAS (extração 28/06/2026)
Bicas,CRAS Bicas,CRAS,"Rua Jose Pinto Soares, 171",Centro,36600-050,(32) 32716657,cras@bicas.mg.gov.br,,cras,MDS/SAGI/CadSUAS (extração 28/06/2026)
Biquinhas,CRAS Biquinhas,CRAS,"Rua Gustavo Capanema, 22",Centro,35621-000,(37) 31129885,crasbiquinhas@yahoo.com.br,,cras,MDS/SAGI/CadSUAS (extração 28/06/2026)
Boa Esperança,"CRAS I - ""Gleice Maria Junqueira Chaves"" (Boa Esperança)",CRAS,"Rua Geraldo Lopes, 29",Centenario,37170-000,(35) 22150099,cras01@boaesperanca.mg.gov.br,,cras,MDS/SAGI/CadSUAS (extração 28/06/2026)
Boa Esperança,"CRAS II - ""José Afonso de Rezende"" (Boa Esperança)",CRAS,"Rua Mato Grosso, 382",Maringá,37170-000,(35) 22150098,cras02@boaesperanca.mg.gov.br,,cras,MDS/SAGI/CadSUAS (extração 28/06/2026)
Bocaina de Minas,CRAS Bocaina de Minas,CRAS,"Avenida Álvaro Benfica, 170",Centro,37340-000,(32) 32941427,sec_ass.socialbm@yahoo.com.br,,cras,MDS/SAGI/CadSUAS (extração 28/06/2026)
Bocaiúva,CRAS Bocaiúva,CRAS,"Rua Vereador Antônio Augusto Figueiredo, 208",Esplanada,39390-000,(38) 32515594,cras1@yahoo.com,,cras,MDS/SAGI/CadSUAS (extração 28/06/2026)
Bocaiúva,CRAS Bocaiúva - Pernambuco,CRAS,"Rua Jk, 606",Pernambuco,39390-000,(38) 32514365,craspernambuco@gmail.com,,cras,MDS/SAGI/CadSUAS (extração 28/06/2026)
Bocaiúva,CRAS Renascer Dolabela (Bocaiúva),CRAS,Praça do Hospital,Centro,39390-000,(38) 999334392,crasrenascerdolabela@gmail.com,,cras,MDS/SAGI/CadSUAS (extração 28/06/2026)
Bocaiúva,CRAS Rural (Bocaiúva),CRAS,"Rua Flaminio Freire, 247",Pernambuco,39390-000,(38) 32512395,boccrasrural@gmail.com,,cras,MDS/SAGI/CadSUAS (extração 28/06/2026)
Bom Despacho,CRAS Quenta Sol / Rosário (Bom Despacho),CRAS,"Avenida Dr. Juca, 783",Realengo,35630-086,(37) 35161215,cras-qr@pmbd.mg.gov.br,,cras,MDS/SAGI/CadSUAS (extração 28/06/2026)
Bom Despacho,CRAS Região Leste - Ana Rosa (Bom Despacho),CRAS,"Rua Cruz do Monte, 55",Ana Rosa,35632-066,(37) 35227653,cras-ac@pmbd.mg.gov.br,,cras,MDS/SAGI/CadSUAS (extração 28/06/2026)
Bom Despacho,CRAS Região Norte - Bo (Bom Despacho),CRAS,"Rua Picão Camacho, 500",Ozanan,35636-188,(37) 35227329,cras-bo@pmbd.mg.gov.br,,cras,MDS/SAGI/CadSUAS (extração 28/06/2026)
Bom Despacho,CRAS Região Oeste - Sv (Bom Despacho),CRAS,"Rua Alisson Justino de Souza, 1009",São Vicente,35634-230,(37) 35227613,cras-sv@pmbd.mg.gov.br,,cras,MDS/SAGI/CadSUAS (extração 28/06/2026)
Bom Jardim de Minas,CRAS Bom Jardim de Minas,CRAS,"Praça Presidente Vargas, 11",Centro,37310-000,(32) 20285205,acaosocial@bomjardimdeminas.mg.gov.br,,cras,MDS/SAGI/CadSUAS (extração 28/06/2026)
Bom Jesus da Penha,CRAS Bom Jesus da Penha,CRAS,"Rua Domingos Barulho, 74",Centro,37948-000,(35) 35631414,cras@bomjesusdapenha.mg.gov.br,,cras,MDS/SAGI/CadSUAS (extração 28/06/2026)
Bom Jesus do Amparo,CRAS Girassol (Bom Jesus do Amparo),CRAS,"Rua Professora Maria Ligória Bicalho, 147",Centro,35908-000,(31) 38331304,cras@bomjesusdoamparo.mg.gov.br,,cras,MDS/SAGI/CadSUAS (extração 28/06/2026)
Bom Jesus do Galho,CRAS Bom Jesus do Galho,CRAS,"Rua Abrão José Simão, 110",Santa Terezinha,35340-000,(33) 33541350,cras_bomjesusdogalho@yahoo.com,,cras,MDS/SAGI/CadSUAS (extração 28/06/2026)
Bom Jesus do Galho,CRAS Revés do Belém (Bom Jesus do Galho),CRAS,"Rua Lírios, 133",Revés do Belém,35340-000,(31) 988818025,revescras@gmail.com,,cras,MDS/SAGI/CadSUAS (extração 28/06/2026)
Bom Repouso,CRAS Prefeito Sebastião Ilto de Andrade (Bom Repouso),CRAS,"Rua Tiradentes, 20",Vila Nossa Senhora do Rosario,37610-000,(35) 39490535,assistenciasocialbr@yahoo.com.br,,cras,MDS/SAGI/CadSUAS (extração 28/06/2026)
Bom Sucesso,CRAS Padre José Elias Negreiros (Bom Sucesso),CRAS,"Avenida Cel. Antonio Caetano, 598",Palmeiras,37220-000,(35) 38413722,centroreferenciabs@yahoo.com.br,,cras,MDS/SAGI/CadSUAS (extração 28/06/2026)
Bonfim,CRAS Bonfim,CRAS,"Avenida Governador Benedito Valadares, 147",Centro,35480-000,(31) 35761451,assistenciasocial@prefeiturabonfim.mg.gov.br,,cras,MDS/SAGI/CadSUAS (extração 28/06/2026)
Bonfinópolis de Minas,CRAS Bonfinópolis de Minas,CRAS,"Rua José Camilo de Souza Primo, 520",Jardim Cinelandia,38650-000,(38) 997547646,pref.acaosocial@bonfinopolis.mg.gov.br,,cras,MDS/SAGI/CadSUAS (extração 28/06/2026)
Bonito de Minas,CRAS Bonito de Minas,CRAS,Rua Ranulfo Correia Saraiva,Centro,39490-000,(38) 36256220,cras@bonitodeminas.mg.gov.br,,cras,MDS/SAGI/CadSUAS (extração 28/06/2026)
Borda da Mata,CRAS Sebastiana Marques (Borda da Mata),CRAS,"Avenida João Olívio Megale, 915",Nossa Senhora Aparecida,37564-000,(35) 35920184,cras@bordadamata.mg.gov.br,,cras,MDS/SAGI/CadSUAS (extração 28/06/2026)
Botelhos,CRAS Botelhos,CRAS,"Praça São Benedito, 25",Centro,37720-000,(35) 37412606,cras@botelhos.mg.gov.br,,cras,MDS/SAGI/CadSUAS (extração 28/06/2026)
Botumirim,CRAS Botumirim,CRAS,"Rua Tito Maria, 28",Centro,39596-000,(38) 32551293,crasbotumirim@yahoo.com.br,,cras,MDS/SAGI/CadSUAS (extração 28/06/2026)
Brás Pires,CRAS Brás Pires,CRAS,Rua José Colombo Rivelli,Centro,36542-000,(32) 984551741,assistenciasocial@braspires.mg.gov.br,,cras,MDS/SAGI/CadSUAS (extração 28/06/2026)
Brasilândia de Minas,CRAS Brasilândia de Minas,CRAS,"Rua Maria de Lurdes, 78",Porto,38779-000,(38) 99984407,cras1@brasilandiademinas.mg.gov.br,,cras,MDS/SAGI/CadSUAS (extração 28/06/2026)
Brasília de Minas,CRAS Marlene Afonso Ruas (Brasília de Minas),CRAS,"Avenida Brasil, 1262",Cristina Rocha,39330-000,(38) 32312658,cras@brasiliademinas.mg.gov.br,,cras,MDS/SAGI/CadSUAS (extração 28/06/2026)
Brasília de Minas,CRAS Pedro Bento Dias (Brasília de Minas),CRAS,"Rua Lontra, 54",Centro,39330-000,(38) 32311579,craspedrob@brasiliademinas.mg.gov.br,,cras,MDS/SAGI/CadSUAS (extração 28/06/2026)
Brazópolis,CRAS Professora Julieta Alvarenga Chaves da Silveira (Brazópolis),CRAS,"Rua Sebastião Tobias Rosa,, 241",Horizonte Azul,37530-000,(35) 36412034,crasbrazopolis@yahoo.com.br,,cras,MDS/SAGI/CadSUAS (extração 28/06/2026)
Braúnas,CRAS Casa da Cidadania (Braúnas),CRAS,"Rua João Emiliano, 150",Centro,35189-000,(33) 998198421,crascidadania@braunas.mg.gov.br,,cras,MDS/SAGI/CadSUAS (extração 28/06/2026)
Brumadinho,CRAS Aranha (Brumadinho),CRAS,"Rua Dalva, 105",Aranha,32493-062,(31) 998486298,cras.aranha@brumadinho.mg.gov.br,,cras,MDS/SAGI/CadSUAS (extração 28/06/2026)
Brumadinho,CRAS Casa Branca (Brumadinho),CRAS,"Rua Das Quaresmeiras, 117",Jardim Casa Branca,32488-270,(31) 971373052,cras.casabranca@brumadinho.mg.gov.br,,cras,MDS/SAGI/CadSUAS (extração 28/06/2026)
Brumadinho,CRAS Centro (Brumadinho),CRAS,"Rua Aristides Passos, 168",Centro,32480-036,(31) 35713042,crascentro@brumadinho.mg.gov.br,,cras,MDS/SAGI/CadSUAS (extração 28/06/2026)
Brumadinho,CRAS Cohab (Brumadinho),CRAS,"Rua Belmira da Silva Moreira, 85",Conj Habt Maria Ana de Souza (conceição de Itaguá),32497-110,(31) 997588003,crascohab@brumadinho.mg.gov.br,,cras,MDS/SAGI/CadSUAS (extração 28/06/2026)
Bueno Brandão,CRAS Bueno Brandão,CRAS,"Rua Coronel Ramalho, 171",Centro,37578-000,(35) 998151354,cras@buenobrandao.mg.gov.br,,cras,MDS/SAGI/CadSUAS (extração 28/06/2026)
Buenópolis,CRAS Buenópolis,CRAS,"Rua Latif Mansur, 193",Centro,39230-000,(38) 37561504,crasbue@yahoo.com.br,,cras,MDS/SAGI/CadSUAS (extração 28/06/2026)
Bugre,CRAS Casa da Família (Bugre),CRAS,"Rua Alcides Costa, 105",Centro,35193-000,(33) 33558038,smasocial.bugre@gmail.com,,cras,MDS/SAGI/CadSUAS (extração 28/06/2026)
Buritis,CRAS Aconchego (Buritis),CRAS,"Rua Serra Bonita, 25",Centro,38660-000,(38) 36625245,cras@buritis.mg.gov.br,,cras,MDS/SAGI/CadSUAS (extração 28/06/2026)
Buritizeiro,CRAS São Francisco (Buritizeiro),CRAS,"Avenida Brasil, 476",São Francisco,39280-000,(38) 37422277,crasdeburitizeiromg@gmail.com,,cras,MDS/SAGI/CadSUAS (extração 28/06/2026)
Cabeceira Grande,CRAS Palmital de Minas (Cabeceira Grande),CRAS,"Rua Juvencio Martins Ferreira, 773",Centro,38625-000,(38) 36741348,crascabeceiragrande@gmail.com,,cras,MDS/SAGI/CadSUAS (extração 28/06/2026)
Cabeceira Grande,CRAS 1 (Cabeceira Grande),CRAS,Avenida Central,Centro,38625-000,(38) 36778036,crascabeceiragrande@gmail.com,,cras,MDS/SAGI/CadSUAS (extração 28/06/2026)
Cabo Verde,CRAS Casa da Familia (Cabo Verde),CRAS,"Rua Carlos Vieira de Oliveira, 89",Polengui,37880-000,(35) 37361370,cras@caboverde.mg.gov.br,,cras,MDS/SAGI/CadSUAS (extração 28/06/2026)
Cachoeira da Prata,CRAS Cachoeira da Prata,CRAS,"Avenida Getulio Vargas, 269",Centro,35765-000,(31) 37161213,social@cachoeiradaprata.mg.gov.br,,cras,MDS/SAGI/CadSUAS (extração 28/06/2026)
Cachoeira de Minas,CRAS Cachoeira de Minas,CRAS,"Rua Cel. Portugal, 166",Centro,37545-000,(35) 34721561,cras@cachoeirademinas.mg.gov.br,,cras,MDS/SAGI/CadSUAS (extração 28/06/2026)
Cachoeira de Pajeú,CRAS Cachoeira de Pajeú,CRAS,"Rua Propércio de Almeida, 16",Centro,39980-000,(33) 88124209,smas_cpajeu@yahoo.com.br,,cras,MDS/SAGI/CadSUAS (extração 28/06/2026)
Cachoeira Dourada,CRAS Cachoeira Dourada,CRAS,"Avenida 3.0, 29",Centro,38370-000,(34) 35145041,smas@cachoeiradourada.mg.gov.br,,cras,MDS/SAGI/CadSUAS (extração 28/06/2026)
Caetanópolis,CRAS Professora Francisca Moreira Barbosa (Caetanópolis),CRAS,"Rua Quintiliano Mascarenhas, 276",Nossa Senhora das Graças,35770-000,(31) 984154057,cras@caetanopolis.mg.gov.br,,cras,MDS/SAGI/CadSUAS (extração 28/06/2026)
Caeté,CRAS Bonsucesso (Caeté),CRAS,Avenida Francisco de Paula Castro,Bonsucesso,34800-000,(31) 998382231,crascaetemg@yahoo.com.br,,cras,MDS/SAGI/CadSUAS (extração 28/06/2026)
Caeté,CRAS Rancho Novo (Caeté),CRAS,"Rua Geraldo Margarido, 259",Distrito Rancho Novo,34800-000,(31) 36526025,crasranchonovo25@gmail.com,,cras,MDS/SAGI/CadSUAS (extração 28/06/2026)
Caeté,CRAS São Geraldo (Caeté),CRAS,"Rua Vereador Rogério Nunes de Melo, 591",Emboabas,34800-000,(31) 36519194,cras_saogeraldo@hotmail.com,,cras,MDS/SAGI/CadSUAS (extração 28/06/2026)
Caiana,CRAS Caiana,CRAS,"Rua Antonio Zanon, 141",Centro,36832-000,(32) 37451286,smscaiana@gmail.com,,cras,MDS/SAGI/CadSUAS (extração 28/06/2026)
Cajuri,CRAS Abrao Daibes (Cajuri),CRAS,"Praça Capitão Arnaldo Dias de andrade, 45",Centro,36560-000,(31) 38981391,social@cajuri.mg.gov.br,,cras,MDS/SAGI/CadSUAS (extração 28/06/2026)
Caldas,CRAS Maria Ophélia Pacheco Paschoal (Caldas),CRAS,"Praça Dr. João Batista Kersul de Brito, 30",Centro,37780-000,(35) 33100563,sdsc.caldas.mg@gmail.com,,cras,MDS/SAGI/CadSUAS (extração 28/06/2026)
Camacho,CRAS Casa das Famílias de Camacho (Camacho),CRAS,"Rua Zico Teixeira, 109",Centro,35555-000,(37) 34390003,crascamachomg@gmail.com,,cras,MDS/SAGI/CadSUAS (extração 28/06/2026)
Camanducaia,"CRAS ""Adolfina de Faria Santos"" (Camanducaia)",CRAS,"Praça Dr. Benjamin Guilherme de Macedo, 58",Centro,37650-000,(35) 34332997,alessandra.cras@camanducaia.mg.gov.br,,cras,MDS/SAGI/CadSUAS (extração 28/06/2026)
Cambuí,CRAS Cambuí,CRAS,"Rua Vereador Benedito Artur de Mello, 230",Vila Sanya Cruz,37600-000,(35) 34311862,cras@prefeituradecambui.mg.gov.br,,cras,MDS/SAGI/CadSUAS (extração 28/06/2026)
Cambuquira,CRAS Mais Apoio As Famílias (Cambuquira),CRAS,"Travessa Toninho Gato, 27",Figueira,37420-000,(35) 34670961,assistenciasocial@cambuquira.mg.gov.br,,cras,MDS/SAGI/CadSUAS (extração 28/06/2026)
Cambuquira,CRAS Ponto de Apoio Marimbeiro (Cambuquira),CRAS,"Rua Ceara, 183",Marimbeiro,37420-000,(35) 34670961,assistenciasocial@cambuquira.mg.gov.br,,cras,MDS/SAGI/CadSUAS (extração 28/06/2026)
Campanário,CRAS Campanário,CRAS,"Rua Vereador Jorge Pereira, 89",Centro,39835-000,(33) 35131511,crascampanario2025@gmail.com,,cras,MDS/SAGI/CadSUAS (extração 28/06/2026)
Campanha,CRAS Almerinda Ferreira (Campanha),CRAS,"Rua Toledo Piza, 626",São Cristóvão,37400-000,(35) 998247329,crascampanhamg@yahoo.com,,cras,MDS/SAGI/CadSUAS (extração 28/06/2026)
Campestre,CRAS Centro (Campestre),CRAS,"Rua Joaquim Ramos, 100",Nossa Senhora Aparecida,37730-000,(35) 37431788,crasjosefinasantos.campestre@gmail.com,,cras,MDS/SAGI/CadSUAS (extração 28/06/2026)
Campina Verde,CRAS Campina Verde,CRAS,"Avenida Santa Catarina, 58",Alvorada,38270-000,(34) 34121256,cras@campinaverde.mg.gov.br,,cras,MDS/SAGI/CadSUAS (extração 28/06/2026)
Campo Azul,CRAS Campo Azul,CRAS,"Avenida Joao Antonio de Almeida, 580",Centro,39338-000,(38) 32318141,crasrosanicunha2025@gmail.com,,cras,MDS/SAGI/CadSUAS (extração 28/06/2026)
Campo Belo,CRAS Campo Belo,CRAS,"Avenida Prefeito Wanderley Luiz Maia, 580",Vila Senhor Bom Jesus,37270-000,(35) 38322105,crassul@campobelo.mg.gov.br,,cras,MDS/SAGI/CadSUAS (extração 28/06/2026)
Campo Belo,CRAS Campo Belo - São Benedito,CRAS,"Rua Gibram Francisco, 320",São Benedito,37270-000,(35) 38315195,crasnorte@campobelo.mg.gov.br,,cras,MDS/SAGI/CadSUAS (extração 28/06/2026)
Campo Belo,CRAS Campo Belo - Jardim América,CRAS,"Rua Uruguai, 465",Jardim América,37270-000,(35) 38322357,crasleste@campobelo.mg.gov.br,,cras,MDS/SAGI/CadSUAS (extração 28/06/2026)
Campo do Meio,CRAS Casa das Famílias (Campo do Meio),CRAS,"Rua Jose Miguel Vilela, 256",Centro,37165-000,(35) 38571592,pmcmsocial@yahoo.com.br,,cras,MDS/SAGI/CadSUAS (extração 28/06/2026)
Campo Florido,CRAS Jardim Boa Vista (Campo Florido),CRAS,"Rua Santa Catarina, 173",Jardim Boa Vista,38130-000,(34) 33220281,cras@campoflorido.mg.gov.br,,cras,MDS/SAGI/CadSUAS (extração 28/06/2026)
Campo Florido,CRAS Campo Florido,CRAS,"Rua Ituiutaba, 65",Vila Junqueira,38130-000,(34) 33221708,cras@campoflorido.mg.gov.br,,cras,MDS/SAGI/CadSUAS (extração 28/06/2026)
Campos Altos,CRAS Boa Esperança (Campos Altos),CRAS,"Rua Dr. Rubens Ribeiro da Silva, 191",Boa Esperança,38970-000,(37) 34269179,cras@camposaltos.mg.gov.br,,cras,MDS/SAGI/CadSUAS (extração 28/06/2026)
Campos Gerais,CRAS Campos Gerais,CRAS,"Rua Coronel Carlos Caiafa, 843",Centro,37160-000,(80) 00354504,crascsgs@yahoo.com,,cras,MDS/SAGI/CadSUAS (extração 28/06/2026)
Cana Verde,CRAS Cana Verde,CRAS,"Rua Carmelita Carvalho Garcia, 345",Centro,37267-000,(35) 997000448,cras@canaverde.mg.gov.br,,cras,MDS/SAGI/CadSUAS (extração 28/06/2026)
Canaã,CRAS Bem Viver (Canaã),CRAS,Avenida Pedro Dias Lopes,Novo Horizonte,36592-000,(31) 984575942,crasbemviver@yahoo.com.br,,cras,MDS/SAGI/CadSUAS (extração 28/06/2026)
Canápolis,CRAS Canápolis,CRAS,"Rua 6.0, 360",Centro,38380-000,(34) 32663532,crascanapolis2016@hotmail.com,,cras,MDS/SAGI/CadSUAS (extração 28/06/2026)
Candeias,CRAS Candeias,CRAS,"Rua Dona Laloa, 18",Alto do Cruzeiro,37280-000,(35) 34750308,crascandeiasmg@hotmail.com,,cras,MDS/SAGI/CadSUAS (extração 28/06/2026)
Cantagalo,CRAS Casa das Familias (Cantagalo),CRAS,"Avenida Peçanha, 252",Centro,39703-000,(33) 999854724,assistenciasocial@cantagalo.mg.gov.br,,cras,MDS/SAGI/CadSUAS (extração 28/06/2026)
Caparaó,CRAS Espaço das Famílias (Caparaó),CRAS,"Rua Júlio de Assis, 122",Centro,36834-000,(32) 37471414,crascaparao@hotmail.com,,cras,MDS/SAGI/CadSUAS (extração 28/06/2026)
Capela Nova,CRAS Capela Nova,CRAS,"Rua Taquaral, 19",Centro,36290-000,(31) 999244948,assistenciasocial@capelanova.mg.gov.br,,cras,MDS/SAGI/CadSUAS (extração 28/06/2026)
Capelinha,CRAS Maria Baiana (Capelinha),CRAS,"Rua Matilde Evaristo de Souza, 56",Água Santa,39681-126,(33) 35163393,crasmariabaiana@yahoo.com,,cras,MDS/SAGI/CadSUAS (extração 28/06/2026)
Capelinha,CRAS Pedro Novato (Capelinha),CRAS,"Rua Polonia, 21",Jardim Aeroporto,39680-000,(33) 35164006,craspedronovato@gmail.com,,cras,MDS/SAGI/CadSUAS (extração 28/06/2026)
Capelinha,CRAS Vista Alegre (Capelinha),CRAS,"Rua Santa Cecília, 439",Maria Lúcia,39683-024,(33) 35164003,crascapelinha@yahoo.com.br,,cras,MDS/SAGI/CadSUAS (extração 28/06/2026)
Capetinga,CRAS Casa das Familias (Capetinga),CRAS,"Rua Horácio Faleiros, 380",Centro,37993-000,(35) 20230001,cras@capetinga.mg.gov.br,,cras,MDS/SAGI/CadSUAS (extração 28/06/2026)
Capim Branco,CRAS Capim Branco,CRAS,"Rua Saturnino Ribeiro Luz, 75",Represa,35730-000,(31) 984367445,cras@capimbranco.mg.gov.br,,cras,MDS/SAGI/CadSUAS (extração 28/06/2026)
Capinópolis,CRAS Capinópolis,CRAS,"Avenida Vicente de Paula Fontoura, 83",Centro,38360-000,(34) 32630371,crasca2017@gmail.com,,cras,MDS/SAGI/CadSUAS (extração 28/06/2026)
Capitão Andrade,CRAS Capitão Andrade,CRAS,"Rua Augusto Vaz, 298",São José,35123-000,(33) 32319714,cras@capitaoandrade.mg.gov.br,,cras,MDS/SAGI/CadSUAS (extração 28/06/2026)
Capitão Enéas,CRAS Capitão Enéas,CRAS,"Avenida Nossa Senhora da Guia, 1140",Centro,39472-000,(38) 998092603,pmcecras@hotmail.com,,cras,MDS/SAGI/CadSUAS (extração 28/06/2026)
Capitólio,CRAS Jonas Soares Pereira (Capitólio),CRAS,"Rua dos Franciscos, 200",Centro,37930-000,(37) 33731188,crascapitolio@yahoo.com.br,,cras,MDS/SAGI/CadSUAS (extração 28/06/2026)
Caputira,CRAS Constantino Soares Martins - Prefeito Tininho (Caputira),CRAS,"Praça Padre Joaquim de Castro, 54",Centro,36925-000,(31) 38735138,juliana.socialassist@gmail.com,,cras,MDS/SAGI/CadSUAS (extração 28/06/2026)
Caraí,CRAS Casa das Famílias (Caraí),CRAS,"Rua BoaVentura Fonseca, 347",Vila Gomes,39810-000,(33) 999571120,crascarai2019@gmail.com,,cras,MDS/SAGI/CadSUAS (extração 28/06/2026)
Caranaíba,"CRAS ""Casa das Famílias"" (Caranaíba)",CRAS,"Rua Santa Terezinha, 180",Centro,36428-000,(31) 984473619,cras@caranaiba.mg.gov.br,,cras,MDS/SAGI/CadSUAS (extração 28/06/2026)
Carandaí,CRAS Luiz Carlos Fonseca Amaral (Carandaí),CRAS,"Rua Dom Silvério, 77",Centro,36280-018,(32) 33611756,cras@carandai.mg.gov.br,,cras,MDS/SAGI/CadSUAS (extração 28/06/2026)
Carangola,CRAS Costurando Sonhos (Carangola),CRAS,"Rua Aquiles Garcia, 105",Ouro Verde,36800-000,(32) 37415250,crascarangola@yahoo.com.br,,cras,MDS/SAGI/CadSUAS (extração 28/06/2026)
Carangola,CRAS Gloria Lima Nolasco (Carangola),CRAS,"Rua Doutor Waldemar Soares, 473",Coroado,36800-000,(32) 37417084,crascoroado@gmail.com,,cras,MDS/SAGI/CadSUAS (extração 28/06/2026)
Caratinga,CRAS Esplanada (Caratinga),CRAS,"Rua Geraldo Cevidanes, 50",Esplanada,35300-000,(33) 33298100,crasmunicipal@social.caratinga.mg.gov.br,,cras,MDS/SAGI/CadSUAS (extração 28/06/2026)
Caratinga,CRAS Nossa Senhora Aparecida (Caratinga),CRAS,"Rua João Pinheiro, 392",Centro,35300-037,(33) 33298148,crasaparecida@social.caratinga.mg.gov.br,,cras,MDS/SAGI/CadSUAS (extração 28/06/2026)
Caratinga,CRAS Santa Cruz (Caratinga),CRAS,"Travessa São Vicente de Paula, 55",Santa Cruz,35300-196,(33) 33298094,crassantacruz@social.caratinga.mg.gov.br,,cras,MDS/SAGI/CadSUAS (extração 28/06/2026)
Carbonita,CRAS Carbonita,CRAS,"Rua Belgo Mineira, 4",Monte Belo,39665-000,(38) 35261333,crascarbonita@hotmail.com,,cras,MDS/SAGI/CadSUAS (extração 28/06/2026)
Careaçu,CRAS Careaçu,CRAS,"Avenida Antonio Florêncio Nogueira, 336",Centro,37582-000,(35) 34521445,crassocial@careacu.mg.gov.br,,cras,MDS/SAGI/CadSUAS (extração 28/06/2026)
Carlos Chagas,CRAS Casa das Familias (Carlos Chagas),CRAS,"Rua Martins Prates, 84",Centro,39864-000,(33) 36241489,assistencia@carloschagas.mg.gov.br,,cras,MDS/SAGI/CadSUAS (extração 28/06/2026)
Carmésia,CRAS Bem Me Quer (Carmésia),CRAS,"Rua Marieta Ferreira Soares, 101",Centro,35878-000,(31) 38641825,cras@carmesia.mg.gov.br,,cras,MDS/SAGI/CadSUAS (extração 28/06/2026)
Carmo da Cachoeira,CRAS Casa da Familia (Carmo da Cachoeira),CRAS,"Praça Santo Antônio, 640",Centro,37225-000,(35) 32251657,crassocial@carmodacachoeira.mg.gov.br,,cras,MDS/SAGI/CadSUAS (extração 28/06/2026)
Carmo da Mata,CRAS Casa das Familias (Carmo da Mata),CRAS,"Rua Coronel Matos, 265",Centro,35547-000,(37) 33831320,smds.cmata2@gmail.com.br,,cras,MDS/SAGI/CadSUAS (extração 28/06/2026)
Carmo de Minas,CRAS Carmo de Minas,CRAS,"Avenida Francisco Dias de Castro, 773",Centro,37472-000,(35) 33341367,crascmmg@yahoo.com.br,,cras,MDS/SAGI/CadSUAS (extração 28/06/2026)
Carmo do Cajuru,CRAS Carmo do Cajuru,CRAS,"Rua Guilherme Nunes, 273",Centro,35557-000,(37) 32443248,cras@carmodocajuru.mg.gov.br,,cras,MDS/SAGI/CadSUAS (extração 28/06/2026)
Carmo do Paranaíba,CRAS Carmo do Paranaíba,CRAS,"Avenida Santa Cruz, 1655",Santa Cruz,38840-000,(34) 38513382,cras@carmodoparanaiba.mg.gov.br,,cras,MDS/SAGI/CadSUAS (extração 28/06/2026)
Carmo do Rio Claro,CRAS Casa da Familia (Carmo do Rio Claro),CRAS,"Rua Getúlio Vargas, 262",Centro,37150-000,(35) 920025620,cras@carmodorioclaro.mg.gov.br,,cras,MDS/SAGI/CadSUAS (extração 28/06/2026)
Carmópolis de Minas,CRAS Eny Helena Amaral Castro (Carmópolis de Minas),CRAS,"Avenida Dom Alexandre Gonçalvez do Amaral, 279",Bela Vista,35534-000,(37) 33332668,crascarmopolis@gmail.com,,cras,MDS/SAGI/CadSUAS (extração 28/06/2026)
Carneirinho,CRAS Casa da Familia (Carneirinho),CRAS,"Rua Josefa Rodrigues, 687",Centro,38290-000,(34) 34540258,assistenciasocial@carneirinho.mg.gov.br,,cras,MDS/SAGI/CadSUAS (extração 28/06/2026)
Carrancas,CRAS Casa da Família (Carrancas),CRAS,"Avenida Coronel Rozendo, 340",Centro,37245-000,(35) 33271235,crascarrancas@yahoo.com.br,,cras,MDS/SAGI/CadSUAS (extração 28/06/2026)
Carvalhópolis,CRAS Carvalhópolis,CRAS,"Rua José Arimateia de Morais, 152",São Lucas,37760-000,(35) 32821578,cras@carvalhopolis.mg.gov.br,,cras,MDS/SAGI/CadSUAS (extração 28/06/2026)
Carvalhos,CRAS Carvalhos,CRAS,"Avenida Esdraz Thomas Salvador, 136",Niterói,37456-000,(35) 33451240,cras.carvalhos@hotmail.com,,cras,MDS/SAGI/CadSUAS (extração 28/06/2026)
Casa Grande,CRAS Casa Grande,CRAS,Praça São Sebastião,Centro,36422-000,(31) 37231220,cras@casagrande.mg.gov.br,,cras,MDS/SAGI/CadSUAS (extração 28/06/2026)
Cascalho Rico,CRAS Cascalho Rico,CRAS,"Rua Aureliano Machado dos Santos, 140",Centro,38460-000,(34) 32481153,socialcascalho@yahoo.com.br,,cras,MDS/SAGI/CadSUAS (extração 28/06/2026)
Cássia,CRAS Pe. Donizetti (Cássia),CRAS,"Avenida Santa Rita, 200",Centro,37980-000,(35) 998600397,crascassia@cassia.mg.gov.br,,cras,MDS/SAGI/CadSUAS (extração 28/06/2026)
Cataguases,"CRAS Casa da Família ""Ana Costa Valentim"" (Cataguases)",CRAS,"Rua José Alício, 240",Leonardo,36773-640,(32) 34225780,crasleonardo.associal.pmc@gmail.com,,cras,MDS/SAGI/CadSUAS (extração 28/06/2026)
Cataguases,CRAS Jose Cipriano Fiel (Cataguases),CRAS,"Vila São José, 6",Justino,36770-604,(32) 34292544,crasjcf@gmail.com,,cras,MDS/SAGI/CadSUAS (extração 28/06/2026)
Cataguases,CRAS Jose de Lima Monteiro (Cataguases),CRAS,"Rua Manoel Inácio Peixoto, 96",Distrito de Sereno,36777-000,(32) 34233019,crassereno@yahoo.com.br,,cras,MDS/SAGI/CadSUAS (extração 28/06/2026)
Catas Altas,CRAS Vista Alegre (Catas Altas),CRAS,"Rua Buganville, 271",Vista Alegre,35969-000,(31) 38327115,coordenador.cras@catasaltas.mg.gov.br,,cras,MDS/SAGI/CadSUAS (extração 28/06/2026)
Catas Altas da Noruega,CRAS Catas Altas da Noruega,CRAS,"Largo Santo Antônio, 6",Centro,36450-000,(08) 000311260,cras@catasaltasdanoruega.mg.gov.br,,cras,MDS/SAGI/CadSUAS (extração 28/06/2026)
Catuji,CRAS Catuji,CRAS,Praça Edmilson de Paula,Centro,39816-000,(33) 35329306,social@catuji.mg.gov.br,,cras,MDS/SAGI/CadSUAS (extração 28/06/2026)
Catuti,CRAS Catuti,CRAS,"Rua José de Morais, 535",Centro,39526-000,(38) 38138236,socialcatuti@yahoo.com.br,,cras,MDS/SAGI/CadSUAS (extração 28/06/2026)
Caxambu,CRAS Sra Luiza Menezes de Figueiredo (Caxambu),CRAS,"Avenida João Pessoa, 186",Centro,37440-000,(35) 33410749,crascaxambu@caxambu.mg.gov.br,,cras,MDS/SAGI/CadSUAS (extração 28/06/2026)
Cedro do Abaeté,CRAS Cedro do Abaeté,CRAS,"Avenida Coronel Francisco Guimarães, 8",Centro,35624-000,(37) 999047081,cras@cedrodoabaetemg.gov.br,,cras,MDS/SAGI/CadSUAS (extração 28/06/2026)
Central de Minas,CRAS Central de Minas,CRAS,"Rua Coimbra, 83",Centro,35260-000,(33) 32430231,crascentraldeminas@hotmail.com,,cras,MDS/SAGI/CadSUAS (extração 28/06/2026)
Centralina,CRAS Centralina,CRAS,"Rua Dos Machados, 247",Centro,38390-000,(34) 32678018,crascentralina@yahoo.com.br,,cras,MDS/SAGI/CadSUAS (extração 28/06/2026)
Chácara,CRAS Chácara,CRAS,"Rua Coronel Onofre Augusto de Paula, 648",Centro,36110-000,(32) 32771050,social@chacara.mg.gov.br,,cras,MDS/SAGI/CadSUAS (extração 28/06/2026)
Chalé,CRAS Chalé,CRAS,"Rua:Cicero Gomes, 90",Centro,36985-000,(33) 33451602,a.social@chale.mg.gov.br,,cras,MDS/SAGI/CadSUAS (extração 28/06/2026)
Chapada do Norte,CRAS Casa da Familia (Chapada do Norte),CRAS,"Rua do Rosario, 258",Centro,39648-000,(33) 999749205,craschapad95@gmail.com,,cras,MDS/SAGI/CadSUAS (extração 28/06/2026)
Chapada Gaúcha,CRAS Chapada Gaúcha,CRAS,"Rua Santa Tereza, 381",Jardim da Paz,38689-000,(38) 36341149,craschapadamg@gmail.com,,cras,MDS/SAGI/CadSUAS (extração 28/06/2026)
Chiador,CRAS Florescer (Chiador),CRAS,"Rua José Antônio Alves, 51",Centro,36630-000,(32) 32851113,social@chiador.mg.gov.br,,cras,MDS/SAGI/CadSUAS (extração 28/06/2026)
Cipotânea,CRAS Cipotânea,CRAS,Travessa Capitão Gomes s/n,Centro,36265-000,(32) 33481158,crascipotanea@yahoo.com.br,,cras,MDS/SAGI/CadSUAS (extração 28/06/2026)
Claraval,CRAS Vitalina Cândido da Silva (Claraval),CRAS,"Rua Juscelino Kubitschek de Oliveira, 182",Centro,37997-000,(34) 33535200,social@claraval.mg.gov.br,,cras,MDS/SAGI/CadSUAS (extração 28/06/2026)
Claro dos Poções,CRAS Claro dos Poções,CRAS,"Rua Primeiro de Maio, 17",Centro,39380-000,(38) 32371177,secretario-smds@clarodospocoes.mg.gov.br,,cras,MDS/SAGI/CadSUAS (extração 28/06/2026)
Cláudio,CRAS Aparecida Enete de Oliveira Pereira Marcelino (Cláudio),CRAS,"Rua Professor Sebastião Moreira, 548",Bela Vista,35530-000,(37) 33813358,cras@claudio.mg.gov.br,,cras,MDS/SAGI/CadSUAS (extração 28/06/2026)
Cláudio,CRAS Liberalina Souza (Cláudio),CRAS,"Rua Raposo Tavares, 20",Capelinha,35530-000,(37) 998379600,crasliberalina@claudio.mg.gov.br,,cras,MDS/SAGI/CadSUAS (extração 28/06/2026)
Coimbra,CRAS Coimbra,CRAS,"Avenida Ernesto Lopes, 390",Centro,36550-000,(32) 35551097,cras.socialcoimbramg@gmail.com,,cras,MDS/SAGI/CadSUAS (extração 28/06/2026)
Coluna,CRAS Coluna,CRAS,"Rua Francisco de Souza Ferreira, 559",Centro,39770-000,(33) 999760709,crascolunamg@gmail.com,,cras,MDS/SAGI/CadSUAS (extração 28/06/2026)
Comendador Gomes,CRAS Comendador Gomes,CRAS,"Rua Sinésio Marques Pimenta, 161",Alto Boa Vista,38250-000,(34) 20282470,crascg20@yahoo.com.br,,cras,MDS/SAGI/CadSUAS (extração 28/06/2026)
Comercinho,CRAS Comercinho,CRAS,"Rua Manoel Rafael Oliveira, 222",Centro,39628-000,(33) 37321243,crascomercinho@gmail.com,,cras,MDS/SAGI/CadSUAS (extração 28/06/2026)
Conceição da Aparecida,CRAS Conceição da Aparecida,CRAS,"Praça Dos Esportes, 54",Centro,37148-000,(35) 998283260,crasconceicaoap@hotmail.com,,cras,MDS/SAGI/CadSUAS (extração 28/06/2026)
Conceição da Barra de Minas,CRAS Conceição da Barra de Minas,CRAS,"Rua Prefeito Antonio Silva, 121",Centro,36360-000,(32) 20285150,assistenciasoc@cbm.mg.gov.br,,cras,MDS/SAGI/CadSUAS (extração 28/06/2026)
Conceição das Alagoas,"CRAS ""alvina Fonseca"" (Conceição das Alagoas)",CRAS,Praça Alvina Fonseca,Felipe Mansur,38120-000,(34) 33211000,cras_conceicaodasalagoas@hotmail.com,,cras,MDS/SAGI/CadSUAS (extração 28/06/2026)
Conceição das Pedras,CRAS pedra (Conceição das Pedras),CRAS,"Rua Joaquim Raimundo de Faria, 30",Centro,37527-000,(35) 36641300,cras@conceicaodaspedras.mg.gov.br,,cras,MDS/SAGI/CadSUAS (extração 28/06/2026)
Conceição de Ipanema,CRAS Casa da Familia (Conceição de Ipanema),CRAS,"Avenida Pastor Benjamim, 140",Centro,36947-000,(33) 33171433,smassistenciasocialconcipa@hotmail.com,,cras,MDS/SAGI/CadSUAS (extração 28/06/2026)
Conceição do Mato Dentro,CRAS Conceição do Mato Dentro,CRAS,"Rua Basilio Santiago, 91",Centro,35860-000,(31) 38682880,socialcmd@yahoo.com.br,,cras,MDS/SAGI/CadSUAS (extração 28/06/2026)
Conceição do Pará,CRAS Conceição do Pará,CRAS,"Rua zeca Batista, 80",Centro,35668-000,(37) 32761389,assistenciasocial@conceicaodopara.gov.br,,cras,MDS/SAGI/CadSUAS (extração 28/06/2026)
Conceição do Rio Verde,CRAS Conceição do Rio Verde,CRAS,Avenida Prefeito Dilermando de Oliveira,Nazaré,37430-000,(35) 920018873,crascrverde@hotmail.com,,cras,MDS/SAGI/CadSUAS (extração 28/06/2026)
Conceição dos Ouros,"CRAS ""Alfredo Pereira da Costa"" (Conceição dos Ouros)",CRAS,"Rua Duque de Caxias, 295",Centro,37548-000,(35) 36531455,cras@conceicaodosouros.mg.gov.br,,cras,MDS/SAGI/CadSUAS (extração 28/06/2026)
Cônego Marinho,CRAS Cônego Marinho,CRAS,"Avenida Marciliano Antonio Lisboa, 8",Centro,39489-000,(38) 999122774,crasconegomarinho@yahoo.com.br,,cras,MDS/SAGI/CadSUAS (extração 28/06/2026)
Confins,CRAS Familias em Ação (Confins),CRAS,"Rua São José, 287",Centroc,33500-000,(31) 36862086,crasconfins@gmail.com,,cras,MDS/SAGI/CadSUAS (extração 28/06/2026)
Congonhal,"CRAS Dona Joana Ferreira dos Santos ""Dona Joana"" (Congonhal)",CRAS,"Rua Jose do Patrocinio, 528",Centro,37584-000,(35) 991860120,assistenciasocial@congonhal.mg.gov.br,,cras,MDS/SAGI/CadSUAS (extração 28/06/2026)
Congonhas,CRAS Alvorada (Congonhas),CRAS,"Rua Felicio Rossi, 226",Alvorada,36410-496,(31) 37320613,crasalvorada@congonhas.mg.gov.br,,cras,MDS/SAGI/CadSUAS (extração 28/06/2026)
Congonhas,CRAS Dom Oscar (Congonhas),CRAS,"Rua Sybilla Maria Schuwerber, 353",Cristo Rei,36414-444,(31) 37320614,cras.domoscar@congonhas.mg.gov.br,,cras,MDS/SAGI/CadSUAS (extração 28/06/2026)
Congonhas,CRAS Pires (Congonhas),CRAS,"Rua Cruzul, 112",Pires,36415-000,(31) 37320615,craspires@gmail.com,,cras,MDS/SAGI/CadSUAS (extração 28/06/2026)
Congonhas,CRAS VILAS - Profeta (Congonhas),CRAS,"Rua Francisco Wenceslau, 126",Jardim Profeta,36412-168,(31) 37320953,crasvilas@gmail.com,,cras,MDS/SAGI/CadSUAS (extração 28/06/2026)
Congonhas do Norte,CRAS Congonhas do Norte,CRAS,"AV. Professora Amelia Lages, 502",Centro,35850-000,(31) 984228691,cras@congonhasdonorte.mg.gov.br,,cras,MDS/SAGI/CadSUAS (extração 28/06/2026)
Conquista,CRAS João Salvador da Silva (Conquista),CRAS,"Avenida Tonico Martins, 250",Rosário,38195-000,(34) 998090460,cras@conquista.mg.gov.br,,cras,MDS/SAGI/CadSUAS (extração 28/06/2026)
Conselheiro Lafaiete,CRAS Conselheiro Lafaiete,CRAS,"Avenida Furtado, 230",Santa Terezinha,36406-066,(31) 37649805,crasunidade1@conselheirolafaiete.mg.gov.br,,cras,MDS/SAGI/CadSUAS (extração 28/06/2026)
Conselheiro Lafaiete,CRAS Conselheiro Lafaiete - Manoel de Paula,CRAS,"Rua João dos Santos, 140",Manoel de Paula,36401-160,(31) 37649805,crasunidade2@conselheirolafaiete.mg.gov.br,,cras,MDS/SAGI/CadSUAS (extração 28/06/2026)
Conselheiro Lafaiete,CRAS Conselheiro Lafaiete - Rochedo,CRAS,"Rua Ito Alves, 175",Rochedo,36404-196,(31) 37649805,crasunidade3@conselheirolafaiete.mg.gov.br,,cras,MDS/SAGI/CadSUAS (extração 28/06/2026)
Conselheiro Lafaiete,CRAS Conselheiro Lafaiete - Santa Matilde,CRAS,"Rua São Benedito, 210",Santa Matilde,36405-160,(31) 37649805,crasunidade4@conselheirolafaiete.mg.gov.br,,cras,MDS/SAGI/CadSUAS (extração 28/06/2026)
Conselheiro Lafaiete,CRAS V - Rural (Conselheiro Lafaiete),CRAS,"Rua Rodrigues Maia, 490",Angélica,36401-011,(31) 37649805,crasrural@conselheirolafaiete.mg.gov.br,,cras,MDS/SAGI/CadSUAS (extração 28/06/2026)
Conselheiro Pena,CRAS Conselheiro Pena,CRAS,"Rua Feliciano Ferraz, 339",Centro,35240-021,(33) 984005895,semase.adm@gmail.com,,cras,MDS/SAGI/CadSUAS (extração 28/06/2026)
Consolação,CRAS casa amigos de coração (Consolação),CRAS,"Rua ananias candido de almeida, 3",Centro,37670-000,(35) 36561303,cras@consolacao.mg.gov.br,,cras,MDS/SAGI/CadSUAS (extração 28/06/2026)
Contagem,CRAS Casa Amarela (Contagem),CRAS,"Rua Ubatuba, 241",São Mateus,32180-600,(31) 33618626,casaamarela@yahoo.com.br,,cras,MDS/SAGI/CadSUAS (extração 28/06/2026)
Contagem,CRAS Eldorado (Contagem),CRAS,"Rua Buganville, 52",Eldorado,32315-090,(31) 39116774,craseldoradoo@hotmail.com,,cras,MDS/SAGI/CadSUAS (extração 28/06/2026)
Contagem,CRAS Icaivera (Contagem),CRAS,"Rua Poranga, 74",Icaivera,32055-160,(31) 33525475,crasicaivera@gmail.com,,cras,MDS/SAGI/CadSUAS (extração 28/06/2026)
Contagem,CRAS Industrial (Contagem),CRAS,"Rua Marquês do Paraná, 95",Industrial,32223-430,(31) 36150405,crasindustrial.2016@gmail.com,,cras,MDS/SAGI/CadSUAS (extração 28/06/2026)
Contagem,CRAS Nacional (Contagem),CRAS,"Rua Felipe dos Santos, 577",Nacional,32185-160,(31) 39139097,cras.nacional@contagem.mg.gov.br,,cras,MDS/SAGI/CadSUAS (extração 28/06/2026)
Contagem,CRAS Nova Contagem (Contagem),CRAS,"Rua Vl 6, 940",Nova Contagem,32050-325,(31) 3913-1873,crasnovacontagem@gmail.com,,cras,MDS/SAGI/CadSUAS (extração 28/06/2026)
Contagem,CRAS Parque São João (Contagem),CRAS,"Rua Hum, 60",Parque São João,32342-320,(31) 33924125,crasparquesaojoao@gmail.com,,cras,MDS/SAGI/CadSUAS (extração 28/06/2026)
Contagem,CRAS Petrolândia (Contagem),CRAS,"Rua Querosene, 30",Petrolândia,32072-310,(31) 33525608,craspetrolandia@gmail.com,,cras,MDS/SAGI/CadSUAS (extração 28/06/2026)
Contagem,CRAS Ressaca (Contagem),CRAS,"Avenida Borba Gato, 255",Jardim Laguna,32140-170,(31) 33574013,crasressaca@gmail.com,,cras,MDS/SAGI/CadSUAS (extração 28/06/2026)
Contagem,CRAS Sede (Contagem),CRAS,"Rua Joaquim José, 128",Fonte Grande,32013-390,(31) 33525361,crassedee@gmail.com,,cras,MDS/SAGI/CadSUAS (extração 28/06/2026)
Coqueiral,CRAS Coqueiral,CRAS,"Rua Ana Neri, 109",Centro,37235-000,(35) 38551162,acsocial@coqueiral.mg.gov.br,,cras,MDS/SAGI/CadSUAS (extração 28/06/2026)
Coração de Jesus,CRAS Renovação (Coração de Jesus),CRAS,"Avenida Herculano Rabelo Filho, 1772",Renovação,39340-000,(38) 32282378,crasrenovacao2017@gmail.com,,cras,MDS/SAGI/CadSUAS (extração 28/06/2026)
Coração de Jesus,CRAS Aeroporto (Coração de Jesus),CRAS,Rua Cedro,Aeroporto,39340-000,(38) 32282060,crasaeroporto2014@gmail.com,,cras,MDS/SAGI/CadSUAS (extração 28/06/2026)
Coração de Jesus,CRAS Alto Bom Jesus (Coração de Jesus),CRAS,"Avenida Montes Claros, 1747",Sagrada Família,39340-000,(38) 32282215,crasaltobomjesus@yahoo.com.br,,cras,MDS/SAGI/CadSUAS (extração 28/06/2026)
Cordisburgo,CRAS Cordisburgo,CRAS,"Rua Geraldino Rocha, 1058",Centro,35780-000,(31) 37151073,cras@cordisburgo.mg.gov.br,,cras,MDS/SAGI/CadSUAS (extração 28/06/2026)
Cordislândia,CRAS Cordislândia,CRAS,"Rua Constantino de Oliveira Filho, 342",Centro,37498-000,(35) 32441243,assistencia.social@yahoo.com,,cras,MDS/SAGI/CadSUAS (extração 28/06/2026)
Corinto,CRAS Corinto,CRAS,"Rua Guanabara, 211",Vila Marina,39200-000,(38) 37511921,cras@corinto.mg.gov.br,,cras,MDS/SAGI/CadSUAS (extração 28/06/2026)
Coroaci,CRAS Coroaci,CRAS,"Avenida Doutor Ferreira Leite, 90",Centro,39710-000,(33) 32911314,cras.coroaci@gmail.com,,cras,MDS/SAGI/CadSUAS (extração 28/06/2026)
Coromandel,"CRAS ""sandra Maria Resende Pereira"" (Coromandel)",CRAS,"Rua Antonio Pena, 59",Brasil Novo,38552-198,(34) 38413731,crascoromandel@gmail.com,,cras,MDS/SAGI/CadSUAS (extração 28/06/2026)
Coronel Fabriciano,CRAS Território I (Coronel Fabriciano),CRAS,"Rua São Sebastião, 861",Professores,35170-010,(31) 34067395,cras1@fabriciano.mg.gov.br,,cras,MDS/SAGI/CadSUAS (extração 28/06/2026)
Coronel Fabriciano,CRAS Território Ii (Coronel Fabriciano),CRAS,"Avenida Belo Horizonte, 697",Caladinho de Baixo,35171-167,(31) 34067396,cras2@fabriciano.mg.gov.br,,cras,MDS/SAGI/CadSUAS (extração 28/06/2026)
Coronel Fabriciano,CRAS Território Iii (Coronel Fabriciano),CRAS,"Avenida Sanitária, 2713",Melo Viana,35170-108,(31) 34067397,cras3@fabriciano.mg.gov.br,,cras,MDS/SAGI/CadSUAS (extração 28/06/2026)
Coronel Fabriciano,CRAS Território Iv (Coronel Fabriciano),CRAS,"Rua José Correia, 681",Santa Inês,35170-205,(31) 34067398,cras4@fabriciano.mg.gov.br,,cras,MDS/SAGI/CadSUAS (extração 28/06/2026)
Coronel Murta,CRAS Casa das Famílias (Coronel Murta),CRAS,"Rua Severo Leão, 63",Itaporé Velho,39635-000,(33) 999716264,social@coronelmurta.mg.gov.br,,cras,MDS/SAGI/CadSUAS (extração 28/06/2026)
Coronel Pacheco,CRAS Maria Antônia Ferreira Rezende (Coronel Pacheco),CRAS,"Rua Dos Andradas, 170",Centro,36155-000,(32) 999576092,cras@coronelpacheco.mg.gov.br,,cras,MDS/SAGI/CadSUAS (extração 28/06/2026)
Coronel Xavier Chaves,CRAS Coronel Xavier Chaves,CRAS,"Rua Dom Lara, 20",Centro,36330-000,(32) 32161053,assistentecras@coronelxavierchaves.mg.gov.br,,cras,MDS/SAGI/CadSUAS (extração 28/06/2026)
Córrego Danta,CRAS Córrego Danta,CRAS,"Rua A, 20",Rosario,38990-000,(37) 34241388,socialcd@hotmail.com,,cras,MDS/SAGI/CadSUAS (extração 28/06/2026)
Córrego do Bom Jesus,CRAS Casa das Famílias (Córrego do Bom Jesus),CRAS,"Rua Deputado Milton Salles, 86",Centro,37605-000,(35) 34321173,secretariasocialcbj@gmail.com,,cras,MDS/SAGI/CadSUAS (extração 28/06/2026)
Córrego Fundo,CRAS Novo Rumo (Córrego Fundo),CRAS,"Rua Vinte e Tres de Outubro, 191",Amazonas,35568-000,(37) 33229272,crasnovorumo.cra@gmail.com,,cras,MDS/SAGI/CadSUAS (extração 28/06/2026)
Córrego Novo,CRAS Casa da Família (Córrego Novo),CRAS,"Rua João Pereira Bitarães, 105",São Geraldo,35345-000,(33) 34430019,social@corregonovo.mg.gov.br,,cras,MDS/SAGI/CadSUAS (extração 28/06/2026)
Couto de Magalhães de Minas,CRAS Couto de Magalhães de Minas,CRAS,Rua do Sitio S/n,Centro,39188-000,(38) 999347543,coutosocial2017@gmail.com,,cras,MDS/SAGI/CadSUAS (extração 28/06/2026)
Crisólita,CRAS Esperança (Crisólita),CRAS,"Rua Floresta, 427",Centro,39885-000,(33) 991130612,cras@crisolita.mg.gov.br,,cras,MDS/SAGI/CadSUAS (extração 28/06/2026)
Cristais,CRAS Campos Eliseos (Cristais),CRAS,"Rua Olímpio Moreira Maia, 20",Sao Judas Tadeu,37275-000,(35) 38351151,smascristais@gmail.com,,cras,MDS/SAGI/CadSUAS (extração 28/06/2026)
Cristália,CRAS Casa da Familia de Cristalia (Cristália),CRAS,"Rua PEDREIRA, S/Nº",Centro,39598-000,(38) 32321373,crascristalia2018@gmail.com,,cras,MDS/SAGI/CadSUAS (extração 28/06/2026)
Cristiano Otoni,CRAS Cristiano Otoni,CRAS,"Rua Vicente de Paula Vieira, 270",Pinheiros,36426-000,(31) 37241264,das_otoni@yahoo.com.br,,cras,MDS/SAGI/CadSUAS (extração 28/06/2026)
Cristina,CRAS Casa das Famílias Ana Ferrer Fleming (donana) (Cristina),CRAS,"Rua Coronel Barbosa, 21",Centro,37476-000,(35) 32812133,crascristina@yahoo.com.br,,cras,MDS/SAGI/CadSUAS (extração 28/06/2026)
Crucilândia,CRAS Crucilândia,CRAS,"Praça Dom Silverio, 125",Centro,35478-000,(31) 31575128,crascrucilandia@gmail.com,,cras,MDS/SAGI/CadSUAS (extração 28/06/2026)
Cruzeiro da Fortaleza,CRAS 1 - Cruzeiro da Fortaleza (Cruzeiro da Fortaleza),CRAS,"Rua Paraiba, 666",Centro,38735-000,(34) 38351408,cras@cruzeirodafortaleza.mg.gov.br,,cras,MDS/SAGI/CadSUAS (extração 28/06/2026)
Cruzília,CRAS Cruzília,CRAS,"Rua Professor Pedro F. de Souza Fundos, 25",Centro,37445-000,(35) 99999999,cras@cruzilia.mg.gov.br,,cras,MDS/SAGI/CadSUAS (extração 28/06/2026)
Cuparaque,CRAS Cuparaque,CRAS,"Rua Joaquim Ribeiro de Castro, 449",Centro,35246-000,(33) 32625758,crascuparaque@hotmail.com,,cras,MDS/SAGI/CadSUAS (extração 28/06/2026)
Curral de Dentro,CRAS Curral de Dentro,CRAS,"Rua Taiobeiras, 463",Centro,39569-000,(38) 998590213,crascdd@yahoo.com.br,,cras,MDS/SAGI/CadSUAS (extração 28/06/2026)
Curvelo,CRAS Pólo Bela Vista (Curvelo),CRAS,"Rua Ceará, 134",Bela Vista,35796-150,(38) 37214398,crasbelavistacvo@gmail.com,,cras,MDS/SAGI/CadSUAS (extração 28/06/2026)
Curvelo,CRAS Polo Bom Jesus (Curvelo),CRAS,"Avenida Atlantida, 193",Bandeirantes I,35792-604,(38) 37223913,crasbomjesuscvo@yahoo.com.br,,cras,MDS/SAGI/CadSUAS (extração 28/06/2026)
Curvelo,CRAS Polo Ipiranga/ponte Nova (Curvelo),CRAS,"Avenida Ipiranga, 251",Ipiranga,35794-412,(38) 37219282,cras.ipiranga@hotmail.com,,cras,MDS/SAGI/CadSUAS (extração 28/06/2026)
Datas,CRAS Datas,CRAS,"Praça Da Biblia, 315",Centro,39130-000,(38) 998492508,cras@datas.mg.gov.br,,cras,MDS/SAGI/CadSUAS (extração 28/06/2026)
Delfim Moreira,CRAS Delfim Moreira,CRAS,"Rua Professor Gustavo S. Moreira, 40",Centro,37514-000,(35) 999113248,crasdelfimmoreira@mg.gov.br,,cras,MDS/SAGI/CadSUAS (extração 28/06/2026)
Delfinópolis,CRAS Delfinópolis,CRAS,"Rua José Crisostomo de Castro, 61",Centro,37910-000,(35) 35251536,crasdelfinopolis@outlook.com,,cras,MDS/SAGI/CadSUAS (extração 28/06/2026)
Delta,CRAS Casa da Família (Delta),CRAS,"Rua Delphina Zago, 35",Centro,38108-000,(34) 33251312,social@delta.mg.gov.br,,cras,MDS/SAGI/CadSUAS (extração 28/06/2026)
Descoberto,CRAS Vó Tina (Descoberto),CRAS,"Rua Alcino Amino da Silva, 5",Industrial,36690-000,(32) 32651950,as@descoberto.mg.gov.br,,cras,MDS/SAGI/CadSUAS (extração 28/06/2026)
Desterro de Entre Rios,CRAS Desterro de Entre Rios,CRAS,"Praça Aarão Lima, 40",Centro,35494-000,(31) 37450018,social@desterrodeentrerios.mg.gov.br,,cras,MDS/SAGI/CadSUAS (extração 28/06/2026)
Desterro do Melo,CRAS Desterro do Melo,CRAS,"Avenida Silverio Augusto de Melo, 158",Fabrica,36210-000,(32) 984234568,cras@desterrodomelo.mg.gov.br,,cras,MDS/SAGI/CadSUAS (extração 28/06/2026)
Diamantina,CRAS I Regional Rio Grande (Diamantina),CRAS,"Travessa Coronel Caetano Mascarenhas, 76",Rio Grande,39100-000,(38) 999418536,crasriogrande@diamantina.mg.gov.br,,cras,MDS/SAGI/CadSUAS (extração 28/06/2026)
Diamantina,CRAS Ii Regional Palha (Diamantina),CRAS,"Rua Da Palha, 1893",Palha,39100-000,(38) 997324425,craspalha@diamantina.mg.gov.br,,cras,MDS/SAGI/CadSUAS (extração 28/06/2026)
Diamantina,CRAS V Regional Bom Jesus (Diamantina),CRAS,"Travessa Agostinho Rocha, 197",Bom Jesus,39100-000,(38) 997323113,crasbomjesus@diamantina.mg.gov.br,,cras,MDS/SAGI/CadSUAS (extração 28/06/2026)
Diogo de Vasconcelos,CRAS Diogo de Vasconcelos,CRAS,"Rua Padre Arlindo Vieira, 3",Centro,35437-000,(31) 38861115,crasdiogo@gmail.com,,cras,MDS/SAGI/CadSUAS (extração 28/06/2026)
Dionísio,CRAS Dionísio,CRAS,"Rua Santa Isabel, 21",Centro,35984-000,(31) 138581429,social@dionisio.mg.gov.br,,cras,MDS/SAGI/CadSUAS (extração 28/06/2026)
Divinésia,CRAS Divinésia,CRAS,"Rua José Valente, 66",Centro,36546-000,(32) 35351258,cras@divinesia.mg.gov.br,,cras,MDS/SAGI/CadSUAS (extração 28/06/2026)
Divino,CRAS Hamilton da Silva (Divino),CRAS,"Rua Geraldo Magela, 96",Nossa Senhora das Dores,36820-000,(32) 37432325,cras2016v@gmail.com,,cras,MDS/SAGI/CadSUAS (extração 28/06/2026)
Divino das Laranjeiras,CRAS Divino das Laranjeiras,CRAS,"Rua Elzebio Miranda, 108",Centro,35265-000,(33) 998232703,fundoassistenciadivino@gmail.com,,cras,MDS/SAGI/CadSUAS (extração 28/06/2026)
Divinolândia de Minas,CRAS Casa das Famílias (Divinolândia de Minas),CRAS,"Rua Nossa Senhora do Carmo, 47",Centro,39735-000,(33) 34141714,secretariadeassistenciadiv2025@gmail.com,,cras,MDS/SAGI/CadSUAS (extração 28/06/2026)
Divinópolis,CRAS Nordeste (Divinópolis),CRAS,"Rua Rubi, 284",Niteroi,35500-218,(37) 32126624,cras-nordeste@divinopolis.mg.gov.br,,cras,MDS/SAGI/CadSUAS (extração 28/06/2026)
Divinópolis,CRAS Noroeste (Divinópolis),CRAS,"Rua Pedro Ferreira do Amaral, 30",Bom Pastor,35502-562,(37) 32299757,cras-noroeste@divinopolis.mg.gov.br,,cras,MDS/SAGI/CadSUAS (extração 28/06/2026)
Divinópolis,CRAS Sudeste (Divinópolis),CRAS,"Rua José Afonso Micheline, 151",Nossa Senhora das Graças,35501-051,(37) 32155254,cras-sudeste@divinopolis.mg.gov.br,,cras,MDS/SAGI/CadSUAS (extração 28/06/2026)
Divinópolis,CRAS Sudoeste (Divinópolis),CRAS,"Rua Castro Alves, 2020",São José,35501-285,(37) 32299773,coordenacaocrassudoeste@gmail.com,,cras,MDS/SAGI/CadSUAS (extração 28/06/2026)
Divinópolis,CRAS Sudoeste Ii (Divinópolis),CRAS,"Rua Goiabeira, 761",Jardinópolis,35501-591,(37) 991810333,CRASJARDINOPOLIS2020SUAS@GMAIL.COM,,cras,MDS/SAGI/CadSUAS (extração 28/06/2026)
Divisa Alegre,CRAS Divisa Alegre,CRAS,"Avenida Dona Teca, 44",Centro,39995-000,(33) 997080379,crasdivalegre@outlook.com,,cras,MDS/SAGI/CadSUAS (extração 28/06/2026)
Divisa Nova,CRAS Manuelina Francisca de Brito (Divisa Nova),CRAS,"Rua Antônio Furtado, 81",Curumim,37142-000,(35) 32861200,crasdivisanova@gmail.com,,cras,MDS/SAGI/CadSUAS (extração 28/06/2026)
Divisópolis,CRAS Divisópolis,CRAS,"Rua Cecílio Ferreira, 49",Mata Velha,39912-000,(33) 984159630,cras@divisopolis.mg.gov.br,,cras,MDS/SAGI/CadSUAS (extração 28/06/2026)
Dom Bosco,CRAS Dom Bosco,CRAS,"Avenida Cândido Pereira Campos, 1036",Centro,38654-000,(38) 998304290,assistenciasocialdombosco@gmail.com,,cras,MDS/SAGI/CadSUAS (extração 28/06/2026)
Dom Cavati,CRAS Dom Cavati,CRAS,"Rua Novo Horizonte, 465",Centro,35148-000,(33) 987624744,cras@domcavati.mg.gov.br,,cras,MDS/SAGI/CadSUAS (extração 28/06/2026)
Dom Joaquim,CRAS São Domingos (Dom Joaquim),CRAS,"Rua Helio Thomaz Neto, 93",Centro,35865-000,(31) 38661598,cras@domjoaquim.mg.gov.br,,cras,MDS/SAGI/CadSUAS (extração 28/06/2026)
Dom Silvério,CRAS Dom Silvério,CRAS,"Rua Geraldino Lessa, 40",Centro,35440-000,(31) 38571765,cras@domsilverio.mg.gov.br,,cras,MDS/SAGI/CadSUAS (extração 28/06/2026)
Dom Viçoso,CRAS Dom Viçoso,CRAS,"Rua Dr Altamiro Coli, 600",Centro,37474-000,(35) 999866841,cras@domvicoso.mg.gov.br,,cras,MDS/SAGI/CadSUAS (extração 28/06/2026)
Dona Euzébia,CRAS Luiza de Oliveira Pinto (Dona Euzébia),CRAS,"Rua Manoel Ferreira Espíndola, 37",Centro,36784-000,(32) 34531550,cras.donaeuzebia@gmail.com,,cras,MDS/SAGI/CadSUAS (extração 28/06/2026)
Dores de Campos,CRAS Casa das Famílias (Dores de Campos),CRAS,"Rua Doutor Silvio Tranqueira, 146",Centro,36213-000,(32) 33532040,crasdoresdecampos@yahoo.com.br,,cras,MDS/SAGI/CadSUAS (extração 28/06/2026)
Dores de Guanhães,CRAS Sagrada Familia (Dores de Guanhães),CRAS,"Rua do Rosário, 220",Centro,35894-000,(33) 34261370,social@doresdeguanhaes.mg.gov.br,,cras,MDS/SAGI/CadSUAS (extração 28/06/2026)
Dores do Indaiá,CRAS Dores do Indaiá,CRAS,"Rua Caetés, 40",São José,35610-000,(37) 35516286,crasdoresdoindaia@gmail.com,,cras,MDS/SAGI/CadSUAS (extração 28/06/2026)
Dores do Turvo,"CRAS ""Novo Horizonte"" Dores do Turvo/MG (Dores do Turvo)",CRAS,"Praça Cônego Agostinho José de Resende, 30",Centro,36513-000,(08) 800323040,smas.dt2020@gmail.com,,cras,MDS/SAGI/CadSUAS (extração 28/06/2026)
Doresópolis,"CRAS ""Casa da Famila"" (Doresópolis)",CRAS,"Rua Maria Ferreira Cesario, 7",Centro,37926-000,(37) 34410006,dmasdoresopolis@yahoo.com.br,,cras,MDS/SAGI/CadSUAS (extração 28/06/2026)
Douradoquara,CRAS Douradoquara,CRAS,"Outros Antônio Davi Ramos, 286",Centro,38530-000,(34) 988972179,socialdouradoquara@bol.com.br,,cras,MDS/SAGI/CadSUAS (extração 28/06/2026)
Durandé,CRAS Durandé,CRAS,"Av. Álvaro Moreira da Silva, 369",Centro,36974-000,(33) 33421184,crasdurande2015@outlook.com,,cras,MDS/SAGI/CadSUAS (extração 28/06/2026)
Elói Mendes,CRAS Elói Mendes,CRAS,"Rua Benjamim Constant, 496",Centro,37110-000,(35) 32643434,cras.adm@eloimendes.mg.gov.br,,cras,MDS/SAGI/CadSUAS (extração 28/06/2026)
Engenheiro Caldas,CRAS Engenheiro Caldas,CRAS,"Avenida Padre João Pina do Amaral, 384",Vila Rainha,35130-000,(33) 32344214,cras.engenheirocaldas@yahoo.com.br,,cras,MDS/SAGI/CadSUAS (extração 28/06/2026)
Engenheiro Navarro,CRAS Joao Auxiliador das Graças Dias (Engenheiro Navarro),CRAS,"Rua Montes Claros, 62",Centro,39363-000,(38) 997220263,cras@engenheironavarro.mg.gov.br,,cras,MDS/SAGI/CadSUAS (extração 28/06/2026)
Entre Folhas,CRAS Casa da Família (Entre Folhas),CRAS,"Rua Paulo Guerra, 95",Barreira,35324-000,(33) 33246112,crasfolhas.mg@gmail.com,,cras,MDS/SAGI/CadSUAS (extração 28/06/2026)
Entre Rios de Minas,CRAS Entre Rios de Minas,CRAS,"Rua Ladislau Ferreira Maia, 62",Jardim Primavera,35490-000,(31) 37512707,cras@entreriosdeminas.mg.gov.br,,cras,MDS/SAGI/CadSUAS (extração 28/06/2026)
Ervália,CRAS Ervália,CRAS,Avenida Progresso,Centro,36555-000,(32) 35541730,casadasfamiliascraservalia@gmail.com,,cras,MDS/SAGI/CadSUAS (extração 28/06/2026)
Esmeraldas,CRAS Dumaville (Esmeraldas),CRAS,"Avenida Luiza Gonçlves de Oliveira, 235",Comercial Caio Martins,32803-262,(31) 21186246,crasdumaville@gmail.com,,cras,MDS/SAGI/CadSUAS (extração 28/06/2026)
Esmeraldas,CRAS Novo Retiro (Esmeraldas),CRAS,"Rua das Mangueiras, 361",Novo Retiro,32807-062,(31) 21186247,crasnovoretiro@gmail.com,,cras,MDS/SAGI/CadSUAS (extração 28/06/2026)
Esmeraldas,CRAS Santa Cecília (Esmeraldas),CRAS,"Rua São Pedro, 126",Santa Cecília,32809-406,(31) 21186248,cras.santacecilia@yahoo.com.br,,cras,MDS/SAGI/CadSUAS (extração 28/06/2026)
Esmeraldas,CRAS Tijuco (Esmeraldas),CRAS,"Rua Antonio Carlos, 26",Tijuco,32809-899,(31) 21186249,crastijuco3@gmail.com,,cras,MDS/SAGI/CadSUAS (extração 28/06/2026)
Espera Feliz,CRAS Santa Cecília (Espera Feliz),CRAS,"Rua Jair Rubio de Amorim, 181",Centro,36830-000,(32) 984686063,crassc@hotmail.com,,cras,MDS/SAGI/CadSUAS (extração 28/06/2026)
Espera Feliz,CRAS Santa Inês (Espera Feliz),CRAS,"Rua Raimunda Filomena de Amorim, 40",Santa Inês,36830-000,(32) 984557153,crasesperafeliz@yahoo.com.br,,cras,MDS/SAGI/CadSUAS (extração 28/06/2026)
Espinosa,CRAS Irmã Dulce (Espinosa),CRAS,"Rua Antonio Antunes, 55",Jardim Oriente,39510-000,(38) 991392625,cras2irmadulce@hotmail.com,,cras,MDS/SAGI/CadSUAS (extração 28/06/2026)
Espinosa,CRAS João Paulo Ii (Espinosa),CRAS,"Rua Antônio Barbosa Lima, 641",João Paulo Ii,39510-000,(38) 988114887,crasjoaopaulo2esp@gmail.com,,cras,MDS/SAGI/CadSUAS (extração 28/06/2026)
Espírito Santo do Dourado,CRAS Espírito Santo do Dourado,CRAS,"Travessa domingos giannini, 28",Centro,37566-000,(35) 34541178,crasesd@yahoo.com.br,,cras,MDS/SAGI/CadSUAS (extração 28/06/2026)
Estiva,CRAS Casa da Família (Estiva),CRAS,"Rua Professora Daria Bueno, 320",Centro,37542-000,(35) 34621178,cras@estiva.mg.gov.br,,cras,MDS/SAGI/CadSUAS (extração 28/06/2026)
Estrela Dalva,CRAS Anselmo Otton Cavallaro (Estrela Dalva),CRAS,"Rua Manoel Antonio Cardoso, 1",Centro,36725-000,(32) 34641146,cras@estreladalva.mg.gov.br,,cras,MDS/SAGI/CadSUAS (extração 28/06/2026)
Estrela do Indaiá,CRAS Estrela do Indaiá,CRAS,"Rua Antônio de Sousa, 100",Centro,35613-000,(37) 998394250,cras@estreladoindaia.mg.gov.br,,cras,MDS/SAGI/CadSUAS (extração 28/06/2026)
Estrela do Sul,CRAS Nadir Resende (Estrela do Sul),CRAS,"Rua Padre Júlio Raz, 94",Centro,38525-000,(34) 38431200,estrelasuasmg@gmail.com,,cras,MDS/SAGI/CadSUAS (extração 28/06/2026)
Eugenópolis,CRAS Marcelino José dos Reis Carvalho (Eugenópolis),CRAS,"Avenida Rômulo Carvalho, 60",Centro,36855-000,(32) 37241203,craseugenopolis@hotmail.com,,cras,MDS/SAGI/CadSUAS (extração 28/06/2026)
Ewbank da Câmara,CRAS Ewbank da Câmara,CRAS,"Rua Antônio Ribeiro de Novais, 351",Centro,36108-000,(32) 32551592,diretoriacras@outlook.com,,cras,MDS/SAGI/CadSUAS (extração 28/06/2026)
Extrema,CRAS Leste (Extrema),CRAS,"Rua Benedito José de Toledo, 86",Vila Rica,37640-000,(35) 99311833,coordenacao.cras@extrema.gov.br,,cras,MDS/SAGI/CadSUAS (extração 28/06/2026)
Extrema,CRAS Sul (Extrema),CRAS,"Rua Grécia, 170",Jardim Europa,37640-000,(35) 997681997,coordenacao.cras@extrema.gov.br,,cras,MDS/SAGI/CadSUAS (extração 28/06/2026)
Extrema,CRAS Extrema,CRAS,"Praça Olinto da Fonseca, 12",Centro,37640-000,(35) 34355890,coordenacaocras1@extrema.mg.gov.br,,cras,MDS/SAGI/CadSUAS (extração 28/06/2026)
Fama,CRAS Cecilio Abráscio (Fama),CRAS,"Avenida Capitão Pedro Pinto Fernandes, 147",Centro,37144-000,(35) 32961125,crasfama@fama.mg.gov.br,,cras,MDS/SAGI/CadSUAS (extração 28/06/2026)
Faria Lemos,CRAS Faria Lemos,CRAS,"Rua Doutor José Claudio Valadão Ferraz, 228",Centro,36840-000,(32) 999486197,assistenciasocialfarialemos@gmail.com,,cras,MDS/SAGI/CadSUAS (extração 28/06/2026)
Felício dos Santos,CRAS Casa da Familia (Felício dos Santos),CRAS,"Rua Feliciano Canuto, 64",Centro,39180-000,(38) 35231056,crasfs2017@gmail.com,,cras,MDS/SAGI/CadSUAS (extração 28/06/2026)
Felisburgo,CRAS casa da família (Felisburgo),CRAS,"Rua Minas Gerais, 1057",Pampulha,39895-000,(33) 999604211,Crasfelisburgo@hotmail.com,,cras,MDS/SAGI/CadSUAS (extração 28/06/2026)
Felixlândia,CRAS Felixlândia,CRAS,"Rua Floduardo Jose Elias, 223",Capitão Custódio,39237-000,(38) 37531428,crasfelix@yahoo.com.br,,cras,MDS/SAGI/CadSUAS (extração 28/06/2026)
Fernandes Tourinho,CRAS Jose Vilas Novas (Fernandes Tourinho),CRAS,"Rua João Avelino, 31",Centro,35135-000,(33) 32371421,paif.crasfernandestourinho@gmail.com,,cras,MDS/SAGI/CadSUAS (extração 28/06/2026)
Ferros,CRAS Ferros,CRAS,"Rua Silveira Drumond, 209",Centro,35800-000,(31) 38631832,ferroscras5@gmail.com,,cras,MDS/SAGI/CadSUAS (extração 28/06/2026)
Fervedouro,CRAS Fervedouro,CRAS,"Avenida Maria Amelia de Souza Pedrosa, 870",Centro,36815-000,(32) 37421650,crasfervedouro@yahoo.com.br,,cras,MDS/SAGI/CadSUAS (extração 28/06/2026)
Florestal,CRAS Florestal,CRAS,"Rua Benedito Valadares, 559",Centro,35690-000,(31) 982894091,assistenciasocial@florestal.mg.gov.br,,cras,MDS/SAGI/CadSUAS (extração 28/06/2026)
Formiga,CRAS I (Formiga),CRAS,"Rua Eunezimo Lima, 16",Rosario,35570-480,(37) 33291817,crasformiga@yahoo.com.br,,cras,MDS/SAGI/CadSUAS (extração 28/06/2026)
Formiga,CRAS Ii (Formiga),CRAS,"Rua Contorno dos Pomares, 301",Geraldo Veloso,35573-334,(37) 33291808,cras2formiga@gmail.com,,cras,MDS/SAGI/CadSUAS (extração 28/06/2026)
Formiga,CRAS III- Pedro Henrique Leal Faria (Formiga),CRAS,"Rua Pouso Alegre, 169",Souza e Silva,35577-276,(37) 33291810,cras3phlf@gmail.com,,cras,MDS/SAGI/CadSUAS (extração 28/06/2026)
Formiga,CRAS Iv (Formiga),CRAS,Rua Dico Lavino,Novo Horizonte,35574-655,(37) 33291833,cras33formiga@gmail.com,,cras,MDS/SAGI/CadSUAS (extração 28/06/2026)
Formoso,CRAS Formoso,CRAS,"Avenida Brasilia, 2",Centro,38690-000,(38) 36471111,crasformoso@hotmail.com,,cras,MDS/SAGI/CadSUAS (extração 28/06/2026)
Fortaleza de Minas,CRAS Professora Maria da Conceição da Silva Neto (Fortaleza de Minas),CRAS,"Rua Padre Licinio, 294",Bom Jesus,37905-000,(35) 997167947,craspmfm@yahoo.com.br,,cras,MDS/SAGI/CadSUAS (extração 28/06/2026)
Fortuna de Minas,CRAS Fortuna de Minas,CRAS,"Rua Alvorada, 391",Centro,35760-000,(31) 37167370,crasfortunademinas@yahoo.com.br,,cras,MDS/SAGI/CadSUAS (extração 28/06/2026)
Francisco Badaró,CRAS Sede (Francisco Badaró),CRAS,"Rua Costa Melo, 10",Centro,39644-000,(33) 37381271,cras@franciscobadaro.mg.gov.br,,cras,MDS/SAGI/CadSUAS (extração 28/06/2026)
Francisco Dumont,CRAS Francisco Dumont,CRAS,"Avenida Odilon Loures, 185",Alto Esplanada,39387-000,(38) 998523435,assistenciasocialfdumont@gmail.com,,cras,MDS/SAGI/CadSUAS (extração 28/06/2026)
Francisco Sá,CRAS I -respirando Direito e Cidadania (Francisco Sá),CRAS,"Rua Pernambuco, 95",João Gonçalves,39580-000,(38) 32331120,franciscosa.acaosocial@gmail.com,,cras,MDS/SAGI/CadSUAS (extração 28/06/2026)
Francisco Sá,CRAS Ii - Gerando Oportunidade (Francisco Sá),CRAS,"Rua Dircio Miranda, 648",Alfredo Dias,39580-000,(38) 997517817,crasalfredodias@bol.com.br,,cras,MDS/SAGI/CadSUAS (extração 28/06/2026)
Franciscópolis,CRAS Franciscópolis,CRAS,"Rua Sebastiana Carvalho da Silva, 1",Centro,39695-000,(33) 35148002,crasfranciscopolis@hotmail.com,,cras,MDS/SAGI/CadSUAS (extração 28/06/2026)
Frei Gaspar,CRAS Casa das Famílias (Frei Gaspar),CRAS,"Avenida Agnelo José de Magalhães, 25",Centro,39840-000,(33) 35200017,suas.freigaspar@gmail.com,,cras,MDS/SAGI/CadSUAS (extração 28/06/2026)
Frei Inocêncio,CRAS Casa da Família (Frei Inocêncio),CRAS,"Rua Prefeito Pedro Lima de Almeida, 486",Centro,35112-000,(33) 984178740,assistenciasocialfi@gmail.com,,cras,MDS/SAGI/CadSUAS (extração 28/06/2026)
Frei Lagonegro,CRAS Frei Lagonegro,CRAS,"Rua Apolo Xl, 36",Centro,39708-000,(33) 34339116,crasfrei@outlook.com.br,,cras,MDS/SAGI/CadSUAS (extração 28/06/2026)
Fronteira,CRAS Fronteira,CRAS,"Avenida Brasil, 220",Vila Residencial de Furnas,38230-000,(34) 31999990,cras@fronteira.mg.gov.br,,cras,MDS/SAGI/CadSUAS (extração 28/06/2026)
Fronteira dos Vales,CRAS Fronteira dos Vales,CRAS,"Rua Rio de Janeiro, 50",Centro,39870-000,(33) 987175650,crasfv2021@gmail.com,,cras,MDS/SAGI/CadSUAS (extração 28/06/2026)
Fruta de Leite,CRAS Fruta de Leite,CRAS,Rua Pedra Azul,Centro,39558-000,(38) 998194479,crasfrutadeleitecras@gmail.com,,cras,MDS/SAGI/CadSUAS (extração 28/06/2026)
Frutal,CRAS Aparecida Silva Brito (Frutal),CRAS,"Rua Conquista, 900",Vila Esperanca,38204-052,(34) 34232636,crasapaparecidasbrito@outlook.com,,cras,MDS/SAGI/CadSUAS (extração 28/06/2026)
Frutal,CRAS Frutal,CRAS,"Rua Joaquim Domingues de Menezes, 467",Princesa Isabel,38200-270,(34) 34214086,cras.frutal@hotmail.com,,cras,MDS/SAGI/CadSUAS (extração 28/06/2026)
Frutal,CRAS Ilda Assuncao Abate (Frutal),CRAS,"Avenida Plinio Queiroz da Cruz, 310",Waldemar Marchi,38206-340,(34) 34235493,crasildafrutal@gmail.com,,cras,MDS/SAGI/CadSUAS (extração 28/06/2026)
Frutal,CRAS Vilma Francisca de Freitas (Frutal),CRAS,"Rua Frei Luiz, 418",Centro,38208-300,(34) 34251229,crasaparecidademinas@frutal.mg.gov.br,,cras,MDS/SAGI/CadSUAS (extração 28/06/2026)
Funilândia,CRAS Casa da Família (Funilândia),CRAS,"Rua Geraldino Luis de Souza, 90",Lagoinha,35736-000,(31) 31577528,crasfunil@yahoo.com.br,,cras,MDS/SAGI/CadSUAS (extração 28/06/2026)
Galiléia,CRAS Centro (Galiléia),CRAS,"Rua Coronel Faria, 436",Centro,35250-000,(33) 32441129,isaquerodrigues@yahoo.com.br,,cras,MDS/SAGI/CadSUAS (extração 28/06/2026)
Gameleiras,CRAS Gameleiras,CRAS,"Praça do Mercado, 335",Centro,39505-000,(38) 38119123,smasgameleiras@yahoo.com,,cras,MDS/SAGI/CadSUAS (extração 28/06/2026)
Glaucilândia,CRAS Glaucilândia,CRAS,"Avenida Geraldo Rodrigues Gonçalves, 235",Centro,39592-000,(38) 32368277,acaosocialglaucilandia@yahoo.com.br,,cras,MDS/SAGI/CadSUAS (extração 28/06/2026)
Goiabeira,CRAS Goiabeira,CRAS,"Rua Francisca de Souza Garcia, 309",Centro,35248-000,(33) 336261493,smasgoiabeira@gmail.com,,cras,MDS/SAGI/CadSUAS (extração 28/06/2026)
Goianá,CRAS 21 de Dezembro (Goianá),CRAS,"Av 21 de Dezembro, 1030",São Sebastião,36152-000,(32) 999038250,social@goiana.mg.gov.br,,cras,MDS/SAGI/CadSUAS (extração 28/06/2026)
Gonçalves,CRAS Espaço Bem Viver (Gonçalves),CRAS,"Rua Simões de Almeida, 70",Centro,37680-000,(35) 999815340,cras@goncalves.mg.gov.br,,cras,MDS/SAGI/CadSUAS (extração 28/06/2026)
Gonzaga,CRAS Gonzaga,CRAS,"Rua Eloi Magalhaes, 16",Centro,39720-000,(33) 984023968,gonzagacras@gmail.com,,cras,MDS/SAGI/CadSUAS (extração 28/06/2026)
Gouveia,CRAS Floripes Catarina da Cruz (Gouveia),CRAS,"Rua Zózimo Couto, 1660",Capelinha,39120-000,(38) 35431290,craspmg2017@gmail.com,,cras,MDS/SAGI/CadSUAS (extração 28/06/2026)
Governador Valadares,CRAS Jardim Pérola (Governador Valadares),CRAS,"Rua Uruguaiana, 540",Jardim Pérola,35051-510,(33) 32739031,smas.crasperola@valadares.mg.gov.br,,cras,MDS/SAGI/CadSUAS (extração 28/06/2026)
Governador Valadares,CRAS São Raimundo (Governador Valadares),CRAS,"Rua Ametista, 380",Sao Raimundo,35043-030,(33) 32251219,smas.crassaoraimundo@valadares.mg.gov.br,,cras,MDS/SAGI/CadSUAS (extração 28/06/2026)
Governador Valadares,CRAS Central (Governador Valadares),CRAS,"Avenida Brasil, 4000",Centro,35010-070,(33) 32712099,smas.crascentral@valadares.mg.gov.br,,cras,MDS/SAGI/CadSUAS (extração 28/06/2026)
Governador Valadares,CRAS Jardim do Trevo (Governador Valadares),CRAS,"Avenida Edson Sirino Campos, 226",Jardim do Trevo,35054-040,(33) 32713346,smas.crastrevo@valadares.mg.gov.br,,cras,MDS/SAGI/CadSUAS (extração 28/06/2026)
Governador Valadares,CRAS Santa Efigênia (Governador Valadares),CRAS,"Avenida Presidente Tancredo Neves, 1365",Santa Efigênia,35060-440,(33) 32211565,smas.crassantaefigenia@valadares.mg.gov.br,,cras,MDS/SAGI/CadSUAS (extração 28/06/2026)
Governador Valadares,CRAS Santa Rita (Governador Valadares),CRAS,"Avenida Wensceslau Braz, 1894",Santa Rita,35040-570,(33) 32711306,smas.crassantarita@valadares.mg.gov.br,,cras,MDS/SAGI/CadSUAS (extração 28/06/2026)
Grão Mogol,CRAS Grão Mogol,CRAS,"Av Domingos de Arruda, 61",Bom Gosto,39570-000,(38) 997364925,crasgmbpc@gmail.com,,cras,MDS/SAGI/CadSUAS (extração 28/06/2026)
Grupiara,CRAS Grupiara,CRAS,"Rua Geralda Aguiar de Oliveira, 220",Aristeu Garcia,38470-000,(34) 38441398,semas@grupiara.mg.gov.br,,cras,MDS/SAGI/CadSUAS (extração 28/06/2026)
Guanhães,CRAS Guanhães,CRAS,"Travessa Pio Nunes, 37",Centro,39740-000,(33) 34215135,cras@guanhaes.mg.gov.br,,cras,MDS/SAGI/CadSUAS (extração 28/06/2026)
Guapé,CRAS Tereza Fidelis de Souza (Guapé),CRAS,"Rua Manoel Bernardes Lara, 545",Centro,37177-000,(35) 997146209,cras@guape.mg.gov.br,,cras,MDS/SAGI/CadSUAS (extração 28/06/2026)
Guaraciaba,CRAS Centro (Guaraciaba),CRAS,"Rua Direita, 92",Centro,35436-000,(31) 38935401,cras@guaraciaba.mg.gov.br,,cras,MDS/SAGI/CadSUAS (extração 28/06/2026)
Guaraciama,CRAS Casa das Famílias (Guaraciama),CRAS,"Rua Jose Alves Teixeira, 175",Francisco da Silva Maia,39397-000,(38) 32518249,crasguaraciama.01@gmail.com,,cras,MDS/SAGI/CadSUAS (extração 28/06/2026)
Guaranésia,CRAS Anna Candida Pinheiro (Guaranésia),CRAS,"Rua Francisco de Assis, 1033",Distrito Santa Cruz da Prata,37815-000,(35) 31122390,crasdaprata@gmail.com,,cras,MDS/SAGI/CadSUAS (extração 28/06/2026)
Guaranésia,CRAS Noêmia Dean Polimanti (Guaranésia),CRAS,"Rua Francisco Monteiro Dias, 773",Jardim Renovação,37810-000,(35) 31122390,cras@prefguaranesia.mg.gov.br,,cras,MDS/SAGI/CadSUAS (extração 28/06/2026)
Guarani,CRAS Guarani,CRAS,"Rua Josino Dias Moreira, 159",Caxias,36160-000,(32) 31121669,coordenacaocras@guarani.mg.gov.br,,cras,MDS/SAGI/CadSUAS (extração 28/06/2026)
Guarará,CRAS Maria Izabel da Silva e Silva (Guarará),CRAS,"Rua Floriano Peixoto, 6",Centro,36606-000,(32) 34830805,cras@guarara.mg.gov.br,,cras,MDS/SAGI/CadSUAS (extração 28/06/2026)
Guarda-Mor,CRAS Casa da Família (Guarda-Mor),CRAS,"Rua Osmar Ferreira Borges, 5",Centro,38570-000,(38) 998842756,cras@guardamor.mg.gov.br,,cras,MDS/SAGI/CadSUAS (extração 28/06/2026)
Guaxupé,CRAS I - Padre Olavo (Guaxupé),CRAS,"Rua Horácio Ferreira Lopes, 1012",Parque das Orquídeas,37834-192,(35) 35595052,cras@guaxupe.mg.gov.br,,cras,MDS/SAGI/CadSUAS (extração 28/06/2026)
Guaxupé,CRAS Ii Jose Hercules (Guaxupé),CRAS,"Avenida Presidente Tancredo Neves, 1363",Jardim Vera Cruz,37837-832,(35) 30500075,cras2@guaxupe.mg.gov.br,,cras,MDS/SAGI/CadSUAS (extração 28/06/2026)
Guidoval,CRAS Guidoval,CRAS,Rua Antero Furtado de Mendonça,Centro,36515-000,(32) 35781193,crasguidoval@hotmail.com,,cras,MDS/SAGI/CadSUAS (extração 28/06/2026)
Guimarânia,CRAS Longuinha Maria de Jesus (Guimarânia),CRAS,"Rua Caetés, 720",Morada do Sol,38730-000,(34) 38341422,cras@guimarania.mg.gov.br,,cras,MDS/SAGI/CadSUAS (extração 28/06/2026)
Guiricema,CRAS Guiricema,CRAS,"Rua Dr Celso Machado, 26",Centro,36525-000,(32) 999388504,cras@guiricema.mg.gov.br,,cras,MDS/SAGI/CadSUAS (extração 28/06/2026)
Gurinhatã,CRAS Gurinhatã,CRAS,"Rua Jose Donizete de Souza faria, 115",Centro,38310-000,(34) 32641514,cadastrounicogurinhata@gmail.com,,cras,MDS/SAGI/CadSUAS (extração 28/06/2026)
Heliodora,CRAS Cantinho das Artes (Heliodora),CRAS,"Praça da Inconfidência, 110",Centro,37484-000,(35) 34571347,secretariasocial17@yahoo.com,,cras,MDS/SAGI/CadSUAS (extração 28/06/2026)
Iapu,CRAS Iapu,CRAS,"Rua Antonio Augusto Fernandes, 23",Centro,35190-000,(33) 998381834,bolsafamilia@iapu.mg.gov.br,,cras,MDS/SAGI/CadSUAS (extração 28/06/2026)
Ibertioga,CRAS Ibertioga,CRAS,"Praça Santo Antônio, 28",Centro,36225-000,(32) 33471278,coordenacao.cras@ibertioga.mg.gov.br,,cras,MDS/SAGI/CadSUAS (extração 28/06/2026)
Ibiá,CRAS Dona Maroca (Ibiá),CRAS,"Rua Duzentos, 96",Dona Maroca,38950-000,(34) 36312500,cras@ibia.mg.gov.br,,cras,MDS/SAGI/CadSUAS (extração 28/06/2026)
Ibiaí,CRAS Industrial (Ibiaí),CRAS,"Avenida Oito de Dezembro, 1146",Das Industrias,39350-000,(38) 998476357,crasibiai@hotmail.com,,cras,MDS/SAGI/CadSUAS (extração 28/06/2026)
Ibiracatu,CRAS Familia e Cidadania (Ibiracatu),CRAS,"Rua Samuel Macedo, 40",Santo Andre,39455-000,(38) 36257106,crasibiracatu@hotmail.com,,cras,MDS/SAGI/CadSUAS (extração 28/06/2026)
Ibiraci,CRAS Dona Clarinda de Oliveira Garcia (Ibiraci),CRAS,"Avenida Cesár Jorge Elias, 357",Centro,37990-000,(35) 999911022,diretoracras@ibiraci.mg.gov.br,,cras,MDS/SAGI/CadSUAS (extração 28/06/2026)
Ibirité,CRAS Lago Azul (Ibirité),CRAS,"Rua Caramuru, 12",Lago Azul,32415-335,(31) 20103630,craslagoazul@yahoo.com.br,,cras,MDS/SAGI/CadSUAS (extração 28/06/2026)
Ibirité,CRAS Jardim das Rosas (Ibirité),CRAS,"Avenida Italo Bernardes, 258",Jardim das Rosas,32432-140,(31) 20103644,crasjardimdasrosas@ibirite.mg.gov.br,,cras,MDS/SAGI/CadSUAS (extração 28/06/2026)
Ibirité,CRAS Jardim Montreal (Ibirité),CRAS,"Avenida Das Orquideas, 62",Jardim Montreal,32419-447,(31) 20103621,crasjardimmontreal@gmail.com,,cras,MDS/SAGI/CadSUAS (extração 28/06/2026)
Ibirité,CRAS Novo Horizonte (Ibirité),CRAS,"Rua Turmalina, 18",Novo Horizonte,32412-348,(31) 20103668,crasnovohorizonte@yahoo.com.br,,cras,MDS/SAGI/CadSUAS (extração 28/06/2026)
Ibirité,CRAS Palmares (Ibirité),CRAS,"Avenida Presidente Trancredo de Almeida Neves, 246",Palmares a,32430-090,(31) 20103651,craspalmaresa@gmail.com,,cras,MDS/SAGI/CadSUAS (extração 28/06/2026)
Ibirité,CRAS Primavera (Ibirité),CRAS,"Rua Maria Natividade de Lima, 15",Primavera,32405-254,(31) 20103636,crasprimavera@ibirite.mg.gov.br,,cras,MDS/SAGI/CadSUAS (extração 28/06/2026)
Ibirité,CRAS Vila Ideal (Ibirité),CRAS,"Rua Pau Brasil, 20",Serra Dourada,32425-225,(31) 20103660,crasvilaideal35@yahoo.com,,cras,MDS/SAGI/CadSUAS (extração 28/06/2026)
Ibitiúra de Minas,CRAS José Fuzari dos Reis (Ibitiúra de Minas),CRAS,"Rua Joaquim Jose de Andrade, 241",Centro,37790-000,(35) 31951200,cras@ibitiurademinas.mg.gov.br,,cras,MDS/SAGI/CadSUAS (extração 28/06/2026)
Ibituruna,CRAS Arte (Ibituruna),CRAS,"Rua Brasil, 235",Centro,37223-000,(35) 38441139,crasibi@yahoo.com.br,,cras,MDS/SAGI/CadSUAS (extração 28/06/2026)
Icaraí de Minas,CRAS Sebastião Neves da Silva (Icaraí de Minas),CRAS,"Rua Antonio da Rocha, 192",Centro,39318-000,(38) 36347197,smasicarai@gmail.com,,cras,MDS/SAGI/CadSUAS (extração 28/06/2026)
Igarapé,CRAS Bom Jardim (Igarapé),CRAS,"Alameda Das Acácias, 99",Bom Jardim,32517-156,(31) 21153713,CRASBOMJARDIMIGARAPE@GMAIL.COM,,cras,MDS/SAGI/CadSUAS (extração 28/06/2026)
Igarapé,CRAS Fernão Dias (Igarapé),CRAS,"Rua Mário de Andrade, 279",Fernão Dias,32514-122,(31) 35223101,vigilanciasocialigarape@gmail.com,,cras,MDS/SAGI/CadSUAS (extração 28/06/2026)
Igarapé,CRAS Panorama (Igarapé),CRAS,"Avenida Central, 305",Panorama,32512-078,(31) 35345290,craspanorama1@gmail.com,,cras,MDS/SAGI/CadSUAS (extração 28/06/2026)
Igarapé,CRAS Resplendor (Igarapé),CRAS,"Rua Miguel Paes, 819",Resplendor,32510-552,(31) 35221777,CRASRESPLENDOR@SOCIAL.IGARAPE.MG.GOV.BR,,cras,MDS/SAGI/CadSUAS (extração 28/06/2026)
Igarapé,CRAS Vale do Amanhecer (Igarapé),CRAS,"Rua 21 de Abril, 375",Vale do Amanhecer,32515-126,(31) 35221127,CRASPADREEUSTAQUIO@GMAIL.COM,,cras,MDS/SAGI/CadSUAS (extração 28/06/2026)
Igaratinga,CRAS Eduardo Luiz Barros Barbosa (Igaratinga),CRAS,"Rua Deraldo Nunes, 65",Centro,35695-000,(37) 32461253,ASSISTENCIASOCIAL@IGARATINGA.MG.GOV.BR,,cras,MDS/SAGI/CadSUAS (extração 28/06/2026)
Iguatama,CRAS Alto São Francisco (Iguatama),CRAS,"Rua Onze, 1217",Perdizes,38910-000,(37) 33531113,cras@iguatama.mg.gov.br,,cras,MDS/SAGI/CadSUAS (extração 28/06/2026)
Ijaci,CRAS Ijaci,CRAS,"Rua Ildefonso Ribeiro de Carvalho, 132",Centro,37218-000,(35) 38431364,smdsijaci@yahoo.com,,cras,MDS/SAGI/CadSUAS (extração 28/06/2026)
Ilicínea,CRAS Lazaro Tomaz Oliveira (Ilicínea),CRAS,"Avenida 15 de Novembro, 690",Jardim Planalto,37175-000,(35) 38542013,sasilicinea@yahoo.com.br,,cras,MDS/SAGI/CadSUAS (extração 28/06/2026)
Imbé de Minas,CRAS Wantuil Teixeira de Paula (Imbé de Minas),CRAS,"Avenida Jose Teixeira Mendes, 35",Vitoria,35323-000,(33) 988500183,assistenciasocial.imbe@yahoo.com.br,,cras,MDS/SAGI/CadSUAS (extração 28/06/2026)
Inconfidentes,CRAS Inconfidentes,CRAS,"Rua Sargento Mor Toledo Piza, 178",Centro,37576-000,(35) 34642025,asocial@inconfidentes.mg.gov.br,,cras,MDS/SAGI/CadSUAS (extração 28/06/2026)
Indaiabira,CRAS Indaiabira,CRAS,"Praça Antônio Pereira, 280",Centro,39536-000,(38) 999026613,crasindaia17@outlook.com,,cras,MDS/SAGI/CadSUAS (extração 28/06/2026)
Indianópolis,CRAS Indianópolis,CRAS,"Rua Tiradentes, 456",Morada Nova,38490-000,(34) 32452537,cras@indianopolis.mg.gov.br,,cras,MDS/SAGI/CadSUAS (extração 28/06/2026)
Ingaí,CRAS Maria Andrade Lima (Ingaí),CRAS,"Avenida Aureliano de Souza Pinto, 308",Centro,37215-000,(35) 99051887,crasingai@gmail.com,,cras,MDS/SAGI/CadSUAS (extração 28/06/2026)
Inhapim,CRAS Casa das Familias (Inhapim),CRAS,"Rua Coronel Guilherme, 17",Centro,35330-000,(33) 33151234,crasinhapim@gmail.com,,cras,MDS/SAGI/CadSUAS (extração 28/06/2026)
Inhaúma,CRAS Inhaúma,CRAS,"Praça José Silvio de Oliveira Morais, 136",Centro,35763-000,(31) 37164628,coordenacao.cras@inhauma.mg.gov.br,,cras,MDS/SAGI/CadSUAS (extração 28/06/2026)
Inimutaba,CRAS Inimutaba,CRAS,"Avenida Geraldo Magalhães Mascarenhas, 374",Centro,39243-000,(38) 32250340,cras@inimutaba.mg.gov.br,,cras,MDS/SAGI/CadSUAS (extração 28/06/2026)
Ipaba,CRAS Ipaba,CRAS,"Rua Omar Coutinho, 178",Centro,35198-000,(31) 33201281,crasipaba@hotmail.com,,cras,MDS/SAGI/CadSUAS (extração 28/06/2026)
Ipanema,CRAS Ipanema,CRAS,"Rua Jardir Silva, 283",Centro,36950-000,(33) 33142254,cras@ipanema.mg.gov.br,,cras,MDS/SAGI/CadSUAS (extração 28/06/2026)
Ipatinga,CRAS Territorio I (Ipatinga),CRAS,"Rua Mangaratiba, 195",Veneza Ii,35160-000,(31) 38298119,crasveneza@gmail.com,,cras,MDS/SAGI/CadSUAS (extração 28/06/2026)
Ipatinga,CRAS Territorio Ii (Ipatinga),CRAS,"Rua Simeão, 27",Canaa,35164-216,(31) 38298423,cras.canaaipatinga@gmail.com,,cras,MDS/SAGI/CadSUAS (extração 28/06/2026)
Ipatinga,CRAS Territorio Iii (Ipatinga),CRAS,"Rua Angélica, 385",Bom Jardim,35162-236,(31) 38298051,cras.esperanca@gmail.com,,cras,MDS/SAGI/CadSUAS (extração 28/06/2026)
Ipatinga,CRAS Territorio Iv (Ipatinga),CRAS,"Rua Olívia Luzia da Silva, 270",Limoeiro,35162-463,(31) 38298394,crasterritorioiv@gmail.com,,cras,MDS/SAGI/CadSUAS (extração 28/06/2026)
Ipatinga,CRAS Territorio V (Ipatinga),CRAS,"Avenida Gerasa, 2086",Bethania,35164-070,(31) 38298325,crasbethania@gmail.com,,cras,MDS/SAGI/CadSUAS (extração 28/06/2026)
Ipiaçu,CRAS Ipiaçu,CRAS,"Rua Paranaiba, 238",Centro,38350-000,(34) 32521182,crasipiacu@gmail.com,,cras,MDS/SAGI/CadSUAS (extração 28/06/2026)
Ipuiúna,CRAS Maria Felipe Fortes - Dona Fiica (Ipuiúna),CRAS,"Rua Anesia Rodrigues Felisberto, 92",Jardim Primavera,37588-000,(35) 984334272,departamentoa.social@gmail.com,,cras,MDS/SAGI/CadSUAS (extração 28/06/2026)
Iraí de Minas,CRAS Iraí de Minas,CRAS,"Rua Manoel Cardoso Naves, 775",Centro,38510-000,(34) 38191183,gestorasocial@iraideminas.mg.gov.br,,cras,MDS/SAGI/CadSUAS (extração 28/06/2026)
Itabira,CRAS Central (Itabira),CRAS,"Rua Mestre Emílio, 328",Centro,35900-008,(31) 38392980,cras5.smas@itabira.mg.gov.br,,cras,MDS/SAGI/CadSUAS (extração 28/06/2026)
Itabira,CRAS Fênix (Itabira),CRAS,"Rua João Martins de Souza, 254",Fênix,35901-230,(31) 38392533,cras1.smas@itabira.mg.gov.br,,cras,MDS/SAGI/CadSUAS (extração 28/06/2026)
Itabira,CRAS Gabiroba (Itabira),CRAS,"Avenida dos Vereadores, 9",Gabiroba,35900-407,(31) 38392886,cras4.smas@itabira.mg.gov.br,,cras,MDS/SAGI/CadSUAS (extração 28/06/2026)
Itabira,CRAS Jardim das Oliveira (Itabira),CRAS,"Rua Morro do Pilar, 197",Jardim das Oliveiras,35900-173,(31) 38392534,cras2smas@itabira.mg.gov.br,,cras,MDS/SAGI/CadSUAS (extração 28/06/2026)
Itabira,CRAS Pedreira Vovó Jejulia (Itabira),CRAS,"Rua João de Barro, 2",Pedreira do Instituto,35904-010,(31) 38392535,cras3.smas@itabira.mg.gov.br,,cras,MDS/SAGI/CadSUAS (extração 28/06/2026)
Itabirinha,CRAS Itabirinha,CRAS,"Avenida Brasil, 750",Centro,35280-000,(33) 32471039,social@itabirinha.mg.gov.br,,cras,MDS/SAGI/CadSUAS (extração 28/06/2026)
Itabirito,CRAS Itabirito,CRAS,"Rua Francisco Marques Junior, 69",Nossa Senhora de Fátima,35450-310,(31) 35614006,crasmarialoura@pmi.mg.gov.br,,cras,MDS/SAGI/CadSUAS (extração 28/06/2026)
Itabirito,CRAS Itabirito - Cardoso,CRAS,"Rua Ana Maria Teixeira, 453",Cardoso,35454-160,(31) 35631716,craspadreadelmo@pmi.mg.gov.br,,cras,MDS/SAGI/CadSUAS (extração 28/06/2026)
Itabirito,CRAS Zely de Freitas Amorim Caldeira - Centro de Referência de Assitência Social (Itabirito),CRAS,"Rua Carmelita da Silva Lara, 223",Portões,35457-174,(31) 39796016,craszelycaldeira@pmi.mg.gov.br,,cras,MDS/SAGI/CadSUAS (extração 28/06/2026)
Itacambira,CRAS Itacambira,CRAS,"Rua Santo Antônio, 56",Centro,39594-000,(38) 32541224,cras.itacambira@yahoo.com,,cras,MDS/SAGI/CadSUAS (extração 28/06/2026)
Itacarambi,CRAS Itacarambi,CRAS,"Rua Imaculada Conceição, 419",Centro,39470-000,(38) 36131355,crasitac@gmail.com,,cras,MDS/SAGI/CadSUAS (extração 28/06/2026)
Itaguara,CRAS Liberdade (Itaguara),CRAS,"Rua Waldemar Ferreira de Morais, 58",Liberdade,35488-000,(31) 31841631,crasliberdade@itaguara.mg.gov.br,,cras,MDS/SAGI/CadSUAS (extração 28/06/2026)
Itaipé,CRAS Itaipé,CRAS,"Rua Primeiro de Maio, 82",São Pedro,39815-000,(33) 988946129,cras@itaipe.mg.gov.br,,cras,MDS/SAGI/CadSUAS (extração 28/06/2026)
Itajubá,CRAS Antônio Carlos Parreira Tiengo (Itajubá),CRAS,"Rua Zequinha Braga, 212",Sao Vicente,37502-064,(35) 997770605,cras.acpt@itajuba.mg.gov.br,,cras,MDS/SAGI/CadSUAS (extração 28/06/2026)
Itajubá,CRAS Luzia Silva Riera (Itajubá),CRAS,"Rua Miguel Braga, 382",Boa Vista,37505-031,(35) 999075948,cras.lsr@itajuba.mg.gov.br,,cras,MDS/SAGI/CadSUAS (extração 28/06/2026)
Itamarandiba,CRAS I - Monsenhor Otacílio (Itamarandiba),CRAS,"Rua Cianita, 230",Fazendinha,39670-000,(38) 35213215,cra1fazendinha@yahoo.com.br,,cras,MDS/SAGI/CadSUAS (extração 28/06/2026)
Itamarandiba,CRAS Ii - Peter Martin (Itamarandiba),CRAS,"Rua Intercontinental, 10",Cidade Jardim,39670-000,(38) 976022674,cras2saogeraldo@hotmail.com,,cras,MDS/SAGI/CadSUAS (extração 28/06/2026)
Itamarati de Minas,CRAS Itamarati de Minas,CRAS,"Rua Jaquito de Moraes, 15",Sol Nascente,36788-000,(32) 936181042,crasitamarati@yahoo.com.br,,cras,MDS/SAGI/CadSUAS (extração 28/06/2026)
Itambacuri,CRAS Itambacuri,CRAS,"Rua Dr Celso Borges Cordeiro, 22",Centro,39830-000,(33) 35112611,assistenciasocial2017@outlook.com,,cras,MDS/SAGI/CadSUAS (extração 28/06/2026)
Itambé do Mato Dentro,CRAS Itambé do Mato Dentro,CRAS,"Rua Olivier Candido Gomes, 80",Centro,35820-000,(31) 37040129,acaosocial@itambedomatodentro.mg.gov.br,,cras,MDS/SAGI/CadSUAS (extração 28/06/2026)
Itamogi,CRAS Casa da Família (Itamogi),CRAS,"Rua João Pinheiro, 466",Cerrado,37973-000,(35) 35343813,elainemnbatista23@gmail.com,,cras,MDS/SAGI/CadSUAS (extração 28/06/2026)
Itamonte,CRAS Evilásio João Peixoto (Itamonte),CRAS,"Avenida 20 de Junho, 235",Moradas do Bosque,37466-000,(35) 33633462,cras@itamonte.mg.gov.br,,cras,MDS/SAGI/CadSUAS (extração 28/06/2026)
Itanhandu,"CRAS ""Construindo a sociedade que queremos"" (Itanhandu)",CRAS,"Rua Oscar Guedes, 214",Nossa Senhora de Fatima,37464-000,(35) 33612393,cras@itanhandu.mg.gov.br,,cras,MDS/SAGI/CadSUAS (extração 28/06/2026)
Itanhomi,CRAS Casa da Família (Itanhomi),CRAS,"Rua Fabio Machado, 41",Centro,35120-000,(33) 988141101,assistenciasocialdeitanhomi@hotmail.com,,cras,MDS/SAGI/CadSUAS (extração 28/06/2026)
Itaobim,CRAS Daniel Moreira da Silva (Itaobim),CRAS,"Rua 17 de Julho, 247",Vila Nova,39625-000,(33) 37343650,social@itaobim.mg.gov.br,,cras,MDS/SAGI/CadSUAS (extração 28/06/2026)
Itaobim,CRAS I (Itaobim),CRAS,"Praça max machado, s/n",Centro,39625-000,(33) 37343651,social@itaobim.mg.gov.br,,cras,MDS/SAGI/CadSUAS (extração 28/06/2026)
Itapagipe,CRAS Itapagipe,CRAS,"Avenida Vinte e Tres, 367",Centro,38240-000,(34) 34241297,pmacaosocial@itapagipe.mg.gov.br,,cras,MDS/SAGI/CadSUAS (extração 28/06/2026)
Itapecerica,"CRAS ""Leonarda Norvinda Lamounier"" (Itapecerica)",CRAS,"Rua Jose Gominho, 86",Bom Jesus,35550-000,(37) 991725257,diretoriacras@itapecerica.mg.gov.br,,cras,MDS/SAGI/CadSUAS (extração 28/06/2026)
Itapecerica,"CRAS ""Padre João Bruno Barbosa"" (Itapecerica)",CRAS,"Rua Major Egidio Luiz Cerqueira, 384",Ingas,35550-000,(37) 33411515,diretoriacras@itapecerica.mg.gov.br,,cras,MDS/SAGI/CadSUAS (extração 28/06/2026)
Itapeva,CRAS Elisa Angela Biagione (Itapeva),CRAS,"Praça Joaquim Luiz, 54",Centro,37655-000,(35) 984449998,cras@itapeva.mg.gov.br,,cras,MDS/SAGI/CadSUAS (extração 28/06/2026)
Itatiaiuçu,CRAS Itatiaiuçu,CRAS,"Rua José Augusto de Oliveira, 432",Pio Xii,35685-000,(31) 35721586,assistenciasocial@itatiaiucu.mg.gov.br,,cras,MDS/SAGI/CadSUAS (extração 28/06/2026)
Itaú de Minas,CRAS Casa da Família (Itaú de Minas),CRAS,"Avenida Engenheiro Manoel Batista, 363",Centro,37975-000,(35) 984716930,cras@itaudeminas.mg.gov.br,,cras,MDS/SAGI/CadSUAS (extração 28/06/2026)
Itaúna,CRAS Antônio Augusto Lima Coutinho (Itaúna),CRAS,"Rua Godofredo Gonçalves, 328",Centro,35680-047,(37) 32499154,cras3@itauna.mg.gov.br,,cras,MDS/SAGI/CadSUAS (extração 28/06/2026)
Itaúna,CRAS Casa das Famílias (Itaúna),CRAS,"Rua Izaurino do Vale, 234",Vila Tavares,35680-071,(37) 32499141,crascasadasfamilias@itauna.mg.gov.br,,cras,MDS/SAGI/CadSUAS (extração 28/06/2026)
Itaúna,CRAS Prefeito Francisco Ramalho (Itaúna),CRAS,"Avenida Manoel da Custódia, 504",São Geraldo,35680-403,(37) 32499242,crasfranciscoramalho@itauna.mg.gov.br,,cras,MDS/SAGI/CadSUAS (extração 28/06/2026)
Itaverava,CRAS Casa dasFamilias (Itaverava),CRAS,"Rua Francisco Coleta, 277",Centro,36440-000,(31) 997140720,cras@itaverava.mg.gov.br,,cras,MDS/SAGI/CadSUAS (extração 28/06/2026)
Itinga,CRAS Água Branca (Itinga),CRAS,"Avenida Brasil, 5",Planalto,39610-000,(33) 999780595,social@itinga.mg.gov.br,,cras,MDS/SAGI/CadSUAS (extração 28/06/2026)
Itueta,CRAS Itueta,CRAS,"Avenida Coronel Osório, 710",Centro,35220-000,(33) 999230544,cras@itueta.mg.gov.br,,cras,MDS/SAGI/CadSUAS (extração 28/06/2026)
Ituiutaba,CRAS Alvorada (Ituiutaba),CRAS,"Rua Coronel Conceição Barbosa, 650",Central,38307-039,(34) 32685953,crasalvorada2017@yahoo.com.br,,cras,MDS/SAGI/CadSUAS (extração 28/06/2026)
Ituiutaba,CRAS Brasil (Ituiutaba),CRAS,"Rua Uruguai, 1468",Brasil,38304-181,(34) 32682453,crasbrasilitba@gmail.com,,cras,MDS/SAGI/CadSUAS (extração 28/06/2026)
Ituiutaba,CRAS Buritis (Ituiutaba),CRAS,"Rua Aranãs, 236",Buritis,38302-450,(34) 32696609,crasburitisituiutaba@gmail.com,,cras,MDS/SAGI/CadSUAS (extração 28/06/2026)
Ituiutaba,CRAS Ipiranga (Ituiutaba),CRAS,"Rua Oldemar Ribeiro Vieira, 12",Ipiranga,38302-056,(34) 32625809,crasipiranga2017@yahoo.com,,cras,MDS/SAGI/CadSUAS (extração 28/06/2026)
Ituiutaba,CRAS Natal (Ituiutaba),CRAS,"Rua Segunda, 990",Natal,38300-045,(34) 32694601,crasnatal2009@gmail.com,,cras,MDS/SAGI/CadSUAS (extração 28/06/2026)
Ituiutaba,CRAS Pirapitinga (Ituiutaba),CRAS,"Rua Prata, 535",Pirapitinga,38307-410,(34) 32688991,craspirapitinga@gmail.com,,cras,MDS/SAGI/CadSUAS (extração 28/06/2026)
Itumirim,CRAS América Martins Silva (Itumirim),CRAS,"Travessa Coruja, 20",Centro,37210-000,(35) 998248483,assistenciasocial@itumirim.mg.gov.br,,cras,MDS/SAGI/CadSUAS (extração 28/06/2026)
Iturama,CRAS Bom Sucesso (Iturama),CRAS,"Rua Ayrton Senna do Brasil, 1501",Bom Sucesso,38280-000,(34) 998714511,crasbomsucessoiturama@gmail.com,,cras,MDS/SAGI/CadSUAS (extração 28/06/2026)
Iturama,CRAS Magnólia Azambuja (Iturama),CRAS,"Rua Cinco, 785",Bairro Dr. Diógenes de Souza,38280-000,(34) 998614515,crasmagnoliazambuja@outlok.com,,cras,MDS/SAGI/CadSUAS (extração 28/06/2026)
Itutinga,CRAS Casa da Família (Itutinga),CRAS,"Rua Santo Antônio, 55",Centro,36390-000,(35) 38251208,cras@itutinga.mg.gov.br,,cras,MDS/SAGI/CadSUAS (extração 28/06/2026)
Jaboticatubas,CRAS do Distrito de São José do Almeida (Jaboticatubas),CRAS,"Rua Cônego Acácio, 169",Centro de São José de Almeida,35835-000,(31) 36835143,crasdistritosmdps@gmail.com,,cras,MDS/SAGI/CadSUAS (extração 28/06/2026)
Jaboticatubas,CRAS Sede (Jaboticatubas),CRAS,"Rua Santa Cruz, 107",Bom Jesus,35830-000,(31) 20107143,crassede@jaboticatubas.mg.gov.br,,cras,MDS/SAGI/CadSUAS (extração 28/06/2026)
Jacinto,CRAS Jacinto,CRAS,"Rua Ezaú Bonfim, 1770",Nossa Senhora Aparecida,39930-000,(33) 987654557,cras-jacinto@hotmail.com,,cras,MDS/SAGI/CadSUAS (extração 28/06/2026)
Jacuí,CRAS Dona Maria Amelia Pedreira Bueno (Jacuí),CRAS,"Praça Sao Carlos, 461",Sao Carlos,37965-000,(35) 35931282,social@jacui.mg.gov.br,,cras,MDS/SAGI/CadSUAS (extração 28/06/2026)
Jacutinga,CRAS Jacutinga,CRAS,"Rua Major Afonso, 217",Centro,37590-000,(35) 34432711,crasjacutinga@gmail.com,,cras,MDS/SAGI/CadSUAS (extração 28/06/2026)
Jaguaraçu,CRAS Jaguaraçu,CRAS,"Rua Do Rosário, 89",Centro,35188-000,(31) 38451157,cras@jaguaracu.mg.gov.br,,cras,MDS/SAGI/CadSUAS (extração 28/06/2026)
Jaíba,CRAS Jaíba,CRAS,"Rua Mauro Matos, 500",João Colares,39508-000,(38) 35221077,cras@jaiba.mg.gov.br,,cras,MDS/SAGI/CadSUAS (extração 28/06/2026)
Jampruca,CRAS Jampruca,CRAS,"Rua Faustino Celestino, 155",Centro,39837-000,(33) 998080502,jamp.suas@gmail.com,,cras,MDS/SAGI/CadSUAS (extração 28/06/2026)
Janaúba,CRAS Norte (Janaúba),CRAS,"Rua Arcelino Pereira, 50",Gameleira,39442-184,(38) 991613149,crasnorte@janauba.mg.gov.br,,cras,MDS/SAGI/CadSUAS (extração 28/06/2026)
Janaúba,CRAS Rural (Janaúba),CRAS,"Avenida Julião Mendes, 202",Vila Nova dos Poções,39448-899,(38) 991616318,crasruralvila@gmail.com,,cras,MDS/SAGI/CadSUAS (extração 28/06/2026)
Janaúba,CRAS Sul (Janaúba),CRAS,"Rua J, 45",Isaias Pereira,39447-580,(38) 38219556,crassul@janauba.mg.gov.br,,cras,MDS/SAGI/CadSUAS (extração 28/06/2026)
Januária,CRAS da Manguba (Januária),CRAS,"Praça Montalvânia, s/n",Cerâmica,39480-000,(38) 999681083,crasmanguba@yahoo.com.br,,cras,MDS/SAGI/CadSUAS (extração 28/06/2026)
Januária,CRAS Rural (Januária),CRAS,"Rua São Geraldo, 53",Centro,39480-000,(38) 999187438,crasruraljanuaria@gmail.com,,cras,MDS/SAGI/CadSUAS (extração 28/06/2026)
Januária,CRAS Sagrada Familia (Januária),CRAS,"Rua Barão de São Romão, 960",Centro,39480-000,(38) 97227405,crassagradasagrada@gmail.com,,cras,MDS/SAGI/CadSUAS (extração 28/06/2026)
Japaraíba,CRAS Casa da Familia Maria Margarida de Menezes (Japaraíba),CRAS,"Rua Antenor Florencio Dias, 498",São José,35580-000,(37) 33541388,cras_japaraiba@yahoo.com.br,,cras,MDS/SAGI/CadSUAS (extração 28/06/2026)
Japonvar,CRAS Japonvar,CRAS,Rua Wlisses Guimarães,São Geraldo,39335-000,(38) 32319230,crasjaponvar@yahoo.com.br,,cras,MDS/SAGI/CadSUAS (extração 28/06/2026)
Jeceaba,CRAS Jeceaba,CRAS,"Av. Maria Eduarda de Rezende, 41",Centro,35498-000,(31) 982758486,cras@jeceaba.mg.gov.br,,cras,MDS/SAGI/CadSUAS (extração 28/06/2026)
Jenipapo de Minas,CRAS Casa da Familia (Jenipapo de Minas),CRAS,"Rua Pouso Alegre, 277",Lagoinha,39645-000,(33) 991061478,crasjenipa@yahoo.com.br,,cras,MDS/SAGI/CadSUAS (extração 28/06/2026)
Jequeri,"CRAS ""Casa da Família"" (Jequeri)",CRAS,"Rua Doutor Amador Ubaldo Ribeiro, 19",João Bosco Calais,35390-000,(31) 38771700,crasjequerimg@outlook.com,,cras,MDS/SAGI/CadSUAS (extração 28/06/2026)
Jequitaí,CRAS Jequitaí,CRAS,"Praça Maria Alves, 26",Tomazia de Aquino,39370-000,(38) 999294073,crasjequitai@hotmail.com,,cras,MDS/SAGI/CadSUAS (extração 28/06/2026)
Jequitibá,CRAS Antônio Saturnino Lopes (Jequitibá),CRAS,"Rua Professor José Reis, 214",Centro,35767-000,(31) 22330115,cras@jequitiba.mg.gov.br,,cras,MDS/SAGI/CadSUAS (extração 28/06/2026)
Jequitinhonha,CRAS Jequitinhonha,CRAS,"Rua José Pereira da Silva, 398",Alvorada,39960-000,(33) 37411474,cras1@jequitinhonha.mg.gov.br,,cras,MDS/SAGI/CadSUAS (extração 28/06/2026)
Jesuânia,CRAS Jesuânia,CRAS,"Praça Senhor Bom Jesus, 145",Centro,37485-000,(35) 910022063,crasjesuania@yahoo.com.br,,cras,MDS/SAGI/CadSUAS (extração 28/06/2026)
Joaíma,CRAS Joaíma,CRAS,"Rua Francisco Costa, 371",Bela Vista,39890-000,(33) 37451448,crasjoaima@hotmail.com,,cras,MDS/SAGI/CadSUAS (extração 28/06/2026)
Joanésia,CRAS Juventino Nunes (Joanésia),CRAS,"Rua Joaquim Dias de Moura, 33",Centro,35194-000,(33) 988990697,socialjoanesia@gmail.com,,cras,MDS/SAGI/CadSUAS (extração 28/06/2026)
João Monlevade,CRAS João Monlevade,CRAS,"Avenida Nova York, 428",Novo Cruzeiro,35931-112,(31) 38590622,craspmjm@hotmail.com,,cras,MDS/SAGI/CadSUAS (extração 28/06/2026)
João Monlevade,CRAS Dona Preta (João Monlevade),CRAS,"Rua Armando Batista, 153",Rosário,35930-175,(31) 38590625,cras@pmjm.mg.gov.br,,cras,MDS/SAGI/CadSUAS (extração 28/06/2026)
João Pinheiro,CRAS João Pinheiro,CRAS,"Rua Antonio Honorio da Silva, 30",Santa Cruz,38770-000,(38) 33610930,cras03@joaopinheiro.mg.gov.br,,cras,MDS/SAGI/CadSUAS (extração 28/06/2026)
João Pinheiro,CRAS Esperança (João Pinheiro),CRAS,"Rua Horácio Dornelas, 1000",Maria Jose de Paula,38770-000,(38) 33611902,crasijp@hotmail.com,,cras,MDS/SAGI/CadSUAS (extração 28/06/2026)
João Pinheiro,CRAS Itaipu (João Pinheiro),CRAS,"Rua Custódio Peres, 332",Itaipu,38770-000,(38) 33610941,cras02@joaopinheiro.mg.gov.br,,cras,MDS/SAGI/CadSUAS (extração 28/06/2026)
Joaquim Felício,CRAS Casa da Família (Joaquim Felício),CRAS,"Rua Dª IZABEL, 81",Centro,39240-000,(38) 37571108,crasjf2017@yahoo.com,,cras,MDS/SAGI/CadSUAS (extração 28/06/2026)
Jordânia,CRAS Jordânia,CRAS,"Rua Filemon Pereira, 69",Guanabara,39920-000,(33) 936180599,crasjordania@hotmail.com.br,,cras,MDS/SAGI/CadSUAS (extração 28/06/2026)
José Gonçalves de Minas,CRAS Gangorras (José Gonçalves de Minas),CRAS,"Rua Erestal de Fátima Sales, 26",Centro,39642-000,(33) 999763940,crasjgm2017@gmail.com,,cras,MDS/SAGI/CadSUAS (extração 28/06/2026)
José Raydan,CRAS Casa das Famílias (José Raydan),CRAS,"Rua das Flores, 30",Centro,39775-000,(33) 34319216,cras.joseraydan@gmail.com,,cras,MDS/SAGI/CadSUAS (extração 28/06/2026)
Josenópolis,CRAS Josenópolis,CRAS,"rua Fidelis Pereira, 80",Centro,39575-000,(38) 997330635,assistenciajosenopolis@gmail.com,,cras,MDS/SAGI/CadSUAS (extração 28/06/2026)
Juatuba,CRAS Casa da Familia (Juatuba),CRAS,"Rua Jose Pena, 31",Francelinos,35675-000,(31) 35359408,crasfrancelinos@yahoo.com.br,,cras,MDS/SAGI/CadSUAS (extração 28/06/2026)
Juatuba,CRAS Maria do Carmo Silva de Teves (Juatuba),CRAS,"Rua Benjamim Moreira, 22",Centro,35675-000,(31) 35355662,assistencia@juatuba.mg.gov.br,,cras,MDS/SAGI/CadSUAS (extração 28/06/2026)
Juiz de Fora,CRAS Leste Vitorino Braga (Juiz de Fora),CRAS,Praça Senador Teotônio Villela,Vitorino Braga,36060-180,(32) 36908640,crasvitorinobraga@pjf.mg.gov.br,,cras,MDS/SAGI/CadSUAS (extração 28/06/2026)
Juiz de Fora,CRAS Norte Santa Cruz - Antônio Crispim da Silva (Juiz de Fora),CRAS,"Rua Maria Geny Barbosa, 50",Santa Cruz,36088-360,(32) 36907823,crassantacruz@pjf.mg.gov.br,,cras,MDS/SAGI/CadSUAS (extração 28/06/2026)
Juiz de Fora,CRAS Centro - Fernando Antônio de Freitas Vieira (Juiz de Fora),CRAS,"Rua Halfeld, 450",Centro,36010-000,(32) 36907952,crascentro@pjf.mg.gov.br,,cras,MDS/SAGI/CadSUAS (extração 28/06/2026)
Juiz de Fora,CRAS Leste Linhares - Ivanir Ribeiro (Juiz de Fora),CRAS,"Rua Diva Garcia, 1811",Linhares,36060-300,(32) 36903657,crasleste@pjf.mg.gov.br,,cras,MDS/SAGI/CadSUAS (extração 28/06/2026)
Juiz de Fora,CRAS Nordeste Grama - Dr. Asclepíades da Paixão (Juiz de Fora),CRAS,Rua Dos Freguglias s/n,Grama,36048-360,(32) 36908620,crasnordeste@pjf.mg.gov.br,,cras,MDS/SAGI/CadSUAS (extração 28/06/2026)
Juiz de Fora,CRAS Norte Barbosa Lage - Edson Franco (Juiz de Fora),CRAS,"Avenida Marginal, 50",Barbosa Lage,36085-090,(32) 36907179,crasbarbosalage@pjf.mg.gov.br,,cras,MDS/SAGI/CadSUAS (extração 28/06/2026)
Juiz de Fora,CRAS Norte Benfica - Regiane Aparecida Silva Casario (Juiz de Fora),CRAS,"Avenida Presidente Juscelino Kubstschek, 5899",Benfica,36090-050,(32) 36908677,crasnorte@pjf.mg.gov.br,,cras,MDS/SAGI/CadSUAS (extração 28/06/2026)
Juiz de Fora,CRAS Oeste São Pedro - Hellen Rose Panizzi de Souza Campos (Juiz de Fora),CRAS,"Rua Sady Monteiro Boechat, 185",São Pedro,36037-250,(32) 36907404,crasoeste@pjf.mg.gov.br,,cras,MDS/SAGI/CadSUAS (extração 28/06/2026)
Juiz de Fora,CRAS Sudeste Costa Carvalho - Sebastiana Augusta Dazini (Juiz de Fora),CRAS,"Rua Costa Carvalho, 7",Costa Carvalho,36070-070,7726.0,,,cras,MDS/SAGI/CadSUAS (extração 28/06/2026)
Juiz de Fora,CRAS Sudeste Olavo Costa - José Alexandre dos Santos (Juiz de Fora),CRAS,"Rua Jacinto Marcelino, 25",Olavo Costa,36021-530,(32) 36907236,crasolavocosta@pjf.mg.gov.br,,cras,MDS/SAGI/CadSUAS (extração 28/06/2026)
Juiz de Fora,CRAS Sul Ipiranga - Ely de Souza Pontes (Juiz de Fora),CRAS,"Rua Bady Geara, 226",Ipiranga,36031-130,(32) 984492513,crassulipiranga@pjf.mg.gov.br,,cras,MDS/SAGI/CadSUAS (extração 28/06/2026)
Juramento,CRAS Casa da Familia (Juramento),CRAS,"Av: Antônio Maia Sobrinho, 21",Centro,39590-000,(38) 997311174,crasjuramento@gmail.com,,cras,MDS/SAGI/CadSUAS (extração 28/06/2026)
Juruaia,CRAS Irmã Aparecida Alves Madeira (Juruaia),CRAS,"Rua Alderico Pinto de Aguiar, 325",Centro,37805-000,(35) 35531403,socialjuruaia@gmail.com,,cras,MDS/SAGI/CadSUAS (extração 28/06/2026)
Juvenília,CRAS Juvenília,CRAS,"Avenida Desembargador Pedro Braga, 366",Centro,39467-000,(38) 997293897,crasjuvenilia@hotmail.com,,cras,MDS/SAGI/CadSUAS (extração 28/06/2026)
Ladainha,CRAS Ladainha,CRAS,"Rua Américo Taipina, 27",Centro,39825-000,(33) 999261622,assistencia@ladainha.mg.gov.br,,cras,MDS/SAGI/CadSUAS (extração 28/06/2026)
Lagamar,"CRAS José Alves Ferreira ""juca Graciano"" (Lagamar)",CRAS,"Rua Araguari, 32",Centro,38785-000,(34) 38120599,craslagamar2021@gmail.com,,cras,MDS/SAGI/CadSUAS (extração 28/06/2026)
Lagoa da Prata,CRAS Américo Silva (Lagoa da Prata),CRAS,"Rua Francisco Bernardes Primo, 600",Américo Silva,35590-114,(37) 991078671,crasgomes1@gmail.com,,cras,MDS/SAGI/CadSUAS (extração 28/06/2026)
Lagoa da Prata,CRAS Chico Miranda (Lagoa da Prata),CRAS,"Rua João Antônio de Oliveira, 395",Chico Miranda,35592-024,(37) 991073139,craschicomiranda@gmail.com,,cras,MDS/SAGI/CadSUAS (extração 28/06/2026)
Lagoa da Prata,CRAS Marília (Lagoa da Prata),CRAS,"Rua Amazonas, 656",Marília,35592-220,(37) 991360199,crasmarilialagoadaprata@gmail.com,,cras,MDS/SAGI/CadSUAS (extração 28/06/2026)
Lagoa dos Patos,CRAS Lagoa dos Patos,CRAS,"Rua Coronel Aristides Batista, 120",Centro,39360-000,(38) 99238036,craslagoa09@yahoo.com.br,,cras,MDS/SAGI/CadSUAS (extração 28/06/2026)
Lagoa Dourada,CRAS Lagoa Dourada,CRAS,"Avenida Sebastião Pinto de Andrade, 208",Centro,36345-000,(32) 33632651,cras@lagoadourada.mg.gov.br,,cras,MDS/SAGI/CadSUAS (extração 28/06/2026)
Lagoa Formosa,CRAS Dona Clara (Lagoa Formosa),CRAS,"Rua Sinhô Limírio, 850",Bela Vista,38720-000,(34) 38240461,cras@lagoaformosa.mg.gov.br,,cras,MDS/SAGI/CadSUAS (extração 28/06/2026)
Lagoa Grande,"CRAS Paulo Francisco da Silva ""paulinho Leiteiro"" (Lagoa Grande)",CRAS,"Rua Frei Henrique de Coimbra, 114",Planalto,38755-000,(34) 38161101,cras.lagoagrande@gmail.com,,cras,MDS/SAGI/CadSUAS (extração 28/06/2026)
Lagoa Santa,CRAS Iii (Lagoa Santa),CRAS,Rua Paula Pinto,Vila Maria Ii,33231-004,(31) 36881366,cras3@lagoasanta.mg.gov.br,,cras,MDS/SAGI/CadSUAS (extração 28/06/2026)
Lagoa Santa,CRAS I (Lagoa Santa),CRAS,"Rua Doutor Jose de Magalhaes Pinto, 400",Conjunto Ovideo Guerra,33239-408,(31) 36881448,cras@lagoasanta.mg.gov.br,,cras,MDS/SAGI/CadSUAS (extração 28/06/2026)
Lagoa Santa,CRAS Ii (Lagoa Santa),CRAS,"Rua Miguel Antônio Salomão, 23",Centro,33230-073,(31) 36881486,crasleste@lagoasanta.mg.gov.br,,cras,MDS/SAGI/CadSUAS (extração 28/06/2026)
Lagoa Santa,CRAS Iv (Lagoa Santa),CRAS,"Rua Ana Gonçalves, 808",Palmital,33234-550,(31) 36881300,cras4@lagoasanta.mg.gov.br,,cras,MDS/SAGI/CadSUAS (extração 28/06/2026)
Lajinha,CRAS Lajinha,CRAS,Rua José Rodrigues,Hospital,36980-000,(33) 984230319,cras@lajinha.mg.gov.br,,cras,MDS/SAGI/CadSUAS (extração 28/06/2026)
Lambari,CRAS Casa da Família (Lambari),CRAS,"Rua Afonso Pena, 21",Sertãozinho,37480-000,(35) 35080414,assistenciasocial@lambari.mg.gov.br,,cras,MDS/SAGI/CadSUAS (extração 28/06/2026)
Lamim,CRAS Lamim,CRAS,"Rua Tenente Antônio Chagas, 17",Centro,36455-000,(31) 37541299,cras@lamim.mg.gov.br,,cras,MDS/SAGI/CadSUAS (extração 28/06/2026)
Laranjal,CRAS Romualdo Nunes de Morais (Laranjal),CRAS,Rua Jeremias Dias de Oliveira,Industrial,36760-000,(32) 34241389,craslaranjal@gmail.com,,cras,MDS/SAGI/CadSUAS (extração 28/06/2026)
Lassance,CRAS Acacias (Lassance),CRAS,"Rua Marechal Deodoro da Fonseca, 184",Centro,39250-000,(38) 999115830,craslassance@gmail.com,,cras,MDS/SAGI/CadSUAS (extração 28/06/2026)
Lavras,CRAS Cohab (Lavras),CRAS,"Avenida Paulo Costa Pereira, 651",Cohab,37200-630,(35) 38266209,crascohab@lavras.mg.gov.br,,cras,MDS/SAGI/CadSUAS (extração 28/06/2026)
Lavras,CRAS Cruzeiro do Sul (Lavras),CRAS,Rua Dr. Paulo de Oliveira Lima,Ouro Preto,37207-593,(35) 38217370,crascs@lavras.mg.gov.br,,cras,MDS/SAGI/CadSUAS (extração 28/06/2026)
Lavras,CRAS José Barbosa (Lavras),CRAS,Rua Jose Moreira Primeiro,Nossa Senhora de Lourdes Ii,37200-584,(35) 36944066,crasjb@lavras.mg.gov.br,,cras,MDS/SAGI/CadSUAS (extração 28/06/2026)
Lavras,CRAS Nova Lavras (Lavras),CRAS,"Rua Alberto de Abreu, 65",Olaria,37202-503,(35) 38220266,crasnl@lavras.mg.gov.br,,cras,MDS/SAGI/CadSUAS (extração 28/06/2026)
Lavras,CRAS Santa Efigênia (Lavras),CRAS,Rua Expedicionário José Mesquita,Santa Efigênia,37206-691,(35) 36943031,crasse@lavras.mg.gov.br,,cras,MDS/SAGI/CadSUAS (extração 28/06/2026)
Lavras,CRAS São Vicente (Lavras),CRAS,"Rua Nelson Mesquita, 166",Serra Azul,37207-697,(35) 38216350,crassv@lavras.mg.gov.br,,cras,MDS/SAGI/CadSUAS (extração 28/06/2026)
Lavras,CRAS Zona Norte - Complexo Social Tunico Maciel (Lavras),CRAS,"Rua Severiano Siervuli, 73",Jardim Gloria,37209-274,(35) 33200456,craszn@lavras.mg.gov.br,,cras,MDS/SAGI/CadSUAS (extração 28/06/2026)
Leandro Ferreira,CRAS Leandro Ferreira,CRAS,"Rua Jesus Rabelo, 121",Centro,35657-000,(37) 32771434,cras@leandroferreira.mg.gov.br,,cras,MDS/SAGI/CadSUAS (extração 28/06/2026)
Leme do Prado,CRAS Leme do Prado,CRAS,"Rua Da Sulp, 5",Gabriel Pereira,39655-000,(33) 99734029,cras@lemedoprado.mg.gov.br,,cras,MDS/SAGI/CadSUAS (extração 28/06/2026)
Leopoldina,CRAS Amélia Galito Carminate Bairro Alto do Cemiterio (Leopoldina),CRAS,"Ladeira Riachuelo, 201",Alto do Cemiterio,36705-136,(32) 36944286,crasaltocemiterio_pml@hotmail.com,,cras,MDS/SAGI/CadSUAS (extração 28/06/2026)
Leopoldina,CRAS Bela Vista (Leopoldina),CRAS,"Avenida dos Expedicionários, 404",Bela Vista,36700-000,(32) 34496829,cras_belavista@yahoo.com.br,,cras,MDS/SAGI/CadSUAS (extração 28/06/2026)
Leopoldina,CRAS Quinta Residencia (Leopoldina),CRAS,"Rua Alan Kardeck, 39",Quinta Residencia,36707-100,(32) 36944223,cras.quinta@gmail.com,,cras,MDS/SAGI/CadSUAS (extração 28/06/2026)
Liberdade,CRAS Liberdade,CRAS,"Rua Sebastião Laurindo Campos, 158",Santa Rita de Cássia,37350-000,(32) 984645395,assistenciasocial@liberdade.mg.gov.br,,cras,MDS/SAGI/CadSUAS (extração 28/06/2026)
Lima Duarte,CRAS Lima Duarte,CRAS,"Rua Joaquim Fonseca da Silva, 37",Centro,36140-000,(32) 32811022,limaduarte.cras1@gmail.com,,cras,MDS/SAGI/CadSUAS (extração 28/06/2026)
Limeira do Oeste,CRAS Limeira do Oeste,CRAS,"Rua Pernambuco, 1224",Joamario,38295-000,(34) 34530976,craslimeiramg@hotmail.com,,cras,MDS/SAGI/CadSUAS (extração 28/06/2026)
Lontra,CRAS Lontra,CRAS,"Rua João Alves, 188",Alto São João,39437-000,(38) 32348154,cras@lontra.mg.gov.br,,cras,MDS/SAGI/CadSUAS (extração 28/06/2026)
Luisburgo,CRAS Luisburgo,CRAS,"Rua Abílio de Souza Portes, 105",Centro,36923-000,(33) 33787082,assistenciasocial@luisburgo.mg.gov.br,,cras,MDS/SAGI/CadSUAS (extração 28/06/2026)
Luislândia,CRAS Luislândia,CRAS,"Rua Lindolfo Mendes, 310",Centro,39336-000,(38) 32316245,social@luislandia.mg.gov.br,,cras,MDS/SAGI/CadSUAS (extração 28/06/2026)
Luminárias,CRAS Vicentina Angela Terra (Luminárias),CRAS,"Avenida são vicente de paula, 140",Centro,37240-000,(35) 999826825,crasluminarias@gmail.com,,cras,MDS/SAGI/CadSUAS (extração 28/06/2026)
Luz,CRAS Luz,CRAS,"Rua José Barbosa Leão, 571",Novo Oriente,35595-000,(37) 34213749,crasluzsocial@gmail.com,,cras,MDS/SAGI/CadSUAS (extração 28/06/2026)
Machacalis,CRAS Machacalis,CRAS,"Rua Duque de Caxias, 80",Centro,39873-000,(33) 999110488,crasmachacalis2015@gmail.com,,cras,MDS/SAGI/CadSUAS (extração 28/06/2026)
Machado,CRAS Central (Machado),CRAS,"Praça Antonio Carlos, 101",Centro,37750-000,(35) 32953026,acaosocialmachado@hotmail.com,,cras,MDS/SAGI/CadSUAS (extração 28/06/2026)
Machado,CRAS Jardim das Oliveiras (Machado),CRAS,"Rua São Paulo, 401",Jardim das Oliveiras,37750-000,(35) 32951493,crasjardim.oliveira@gmail.com,,cras,MDS/SAGI/CadSUAS (extração 28/06/2026)
Machado,CRAS Vila Formosa (Machado),CRAS,"Rua Sebastião Eleotério de Carvalho, 130",Vila Formosa,37750-000,(35) 30400767,crasmachado@outlook.com,,cras,MDS/SAGI/CadSUAS (extração 28/06/2026)
Madre de Deus de Minas,CRAS Sr. Joaquim Nicolau (Madre de Deus de Minas),CRAS,"Avenida Cianita, 55",Conjuto Habitacional Geraldo Cristino,37305-000,(08) 001353000,asocialmadredeus@yahoo.com.br,,cras,MDS/SAGI/CadSUAS (extração 28/06/2026)
Malacacheta,CRAS Casa das Familias (Malacacheta),CRAS,"Rua Tristão Couy, 229",Centro,39690-000,(33) 35141716,crasmalacacheta20@gmail.com,,cras,MDS/SAGI/CadSUAS (extração 28/06/2026)
Mamonas,CRAS Casa das Familias Mamoneses (Mamonas),CRAS,"Rua Alcebiades Ribeiro dos Santos, 131",Santana,39516-000,(38) 38141177,cras@mamonas.mg.gov.br,,cras,MDS/SAGI/CadSUAS (extração 28/06/2026)
Manga,CRAS Manga,CRAS,"Rua Conselheiro Saraiva, 658",Jk,39460-000,(38) 991359971,crasmanga.mg@gmail.com,,cras,MDS/SAGI/CadSUAS (extração 28/06/2026)
Manhuaçu,CRAS Manhuaçu,CRAS,"Rua Monsenhor Gonzalez, 498",Centro,36900-028,(33) 33394750,cras.psb@manhuacu.mg.gov.br,,cras,MDS/SAGI/CadSUAS (extração 28/06/2026)
Manhumirim,CRAS Irmã Eulina (Manhumirim),CRAS,"Rua Agripino Casqueiro, 388",Nossa Senhora da Penha,36970-000,(33) 33412275,crasprojetopenha2017@hotmail.com,,cras,MDS/SAGI/CadSUAS (extração 28/06/2026)
Mantena,CRAS Mantena,CRAS,"Rua Antônio Coelho, 79",Centro,35290-000,(33) 988518392,smasmantena@gmail.com,,cras,MDS/SAGI/CadSUAS (extração 28/06/2026)
Mar de Espanha,CRAS Mar de Espanha,CRAS,"Rua Floriano Peixoto, 99",Centro,36640-000,(32) 32762940,assistenciasocial@mardeespanha.mg.gov.br,,cras,MDS/SAGI/CadSUAS (extração 28/06/2026)
Maravilhas,CRAS Maravilhas,CRAS,"Rua do Cruzeiro, 600",Estiva,35666-000,(37) 996700138,cras@maravilhas.mg.gov.br,,cras,MDS/SAGI/CadSUAS (extração 28/06/2026)
Maria da Fé,CRAS Maria da Fé,CRAS,"Avenida Dona Mariquinha, 1824",Centro,37517-000,(35) 36320531,cras@mariadafe.mg.gov.br,,cras,MDS/SAGI/CadSUAS (extração 28/06/2026)
Mariana,CRAS Cabanas I (Mariana),CRAS,"Rua Barro Branco, 141",Santa Rita de Cássia,35426-465,(31) 35572187,crascabanas@hotmail.com,,cras,MDS/SAGI/CadSUAS (extração 28/06/2026)
Mariana,CRAS Cabanas Ii (Mariana),CRAS,"Rua Diamantina, 316",Cabanas,35426-321,(31) 35586936,cras.cabanas2@mariana.mg.gov.br,,cras,MDS/SAGI/CadSUAS (extração 28/06/2026)
Mariana,CRAS Cidade (Mariana),CRAS,"Rua Ônix, 185",Colina,35424-300,(31) 35581945,crascolina2@yahoo.com.br,,cras,MDS/SAGI/CadSUAS (extração 28/06/2026)
Mariana,CRAS Distritos (Mariana),CRAS,"Rua Wenceslau Braz, 781",Centro,35420-027,(31) 35581586,crasdistritos@gmail.com,,cras,MDS/SAGI/CadSUAS (extração 28/06/2026)
Marilac,CRAS Marilac,CRAS,"Rua Governador Valadares, 230",Centro,35115-000,(33) 32921617,cras-marilac@hotmail.com,,cras,MDS/SAGI/CadSUAS (extração 28/06/2026)
Mário Campos,CRAS Central (Mário Campos),CRAS,"Rua Manoel Macedo, 351",Centro,32470-000,(31) 35772650,cras@mariocampos.mg.gov.br,,cras,MDS/SAGI/CadSUAS (extração 28/06/2026)
Mário Campos,CRAS Tangará (Mário Campos),CRAS,"Rua Rio Grande do Sul, 178",Tangará,32470-000,(31) 35772650,cras@mariocampos.mg.gov.br,,cras,MDS/SAGI/CadSUAS (extração 28/06/2026)
Maripá de Minas,CRAS Nova Vida (Maripá de Minas),CRAS,"Rua João Passos de Matos, 34",Bertoldo Machado,36608-000,(32) 32631425,social@maripademinas.mg.gov.br,,cras,MDS/SAGI/CadSUAS (extração 28/06/2026)
Marliéria,CRAS Cavagrande (Marliéria),CRAS,"Rua Espírito Santo, 120",Cava Grande,35185-000,(31) 972102117,smasmarlieria@gmail.com,,cras,MDS/SAGI/CadSUAS (extração 28/06/2026)
Marmelópolis,CRAS Marmelópolis,CRAS,"Rua Genaro Gonçalves Machado, 30",João Batista Ribeiro,37516-000,(35) 27350020,crasmarmelopolis.mg@gmail.com,,cras,MDS/SAGI/CadSUAS (extração 28/06/2026)
Martinho Campos,CRAS Alberto Isaacson (Martinho Campos),CRAS,"Avenida José Cançado, 119",Centro,35606-000,(37) 35249814,social@martinhocampos.mg.gov.br,,cras,MDS/SAGI/CadSUAS (extração 28/06/2026)
Martinho Campos,CRAS Ibitira (Martinho Campos),CRAS,"Rua Pe.pedro Nolasco, 10",Distrito de Ibitira,35607-000,(37) 35246156,cras_ibitira@yahoo.com.br,,cras,MDS/SAGI/CadSUAS (extração 28/06/2026)
Martinho Campos,CRAS Martinho Campos,CRAS,"Rua Dez, 41",Lagoa dos Buritis,35606-000,(37) 35242824,cras_mc@yahoo.com.br,,cras,MDS/SAGI/CadSUAS (extração 28/06/2026)
Martins Soares,CRAS Martins Soares,CRAS,"Rua Tomás Huebra Turibe, 28",Centro,36972-000,(33) 33422057,cras@martinssoares.mg.gov.br,,cras,MDS/SAGI/CadSUAS (extração 28/06/2026)
Mata Verde,CRAS Mata Verde,CRAS,"Avenida Almenara, 262",Planalto,39915-000,(33) 988160948,socialmv2021@gmail.com,,cras,MDS/SAGI/CadSUAS (extração 28/06/2026)
Materlândia,CRAS Materlândia,CRAS,"Rua Galdino Alves, 193",Centro,39755-000,(33) 998475103,cras@materlandia.mg.gov.br,,cras,MDS/SAGI/CadSUAS (extração 28/06/2026)
Mateus Leme,CRAS Mateus Leme,CRAS,"Rua Jose Amancio Vilalça, 186",Centro,35670-000,(55) 998746866,assistenciamateusleme@gmail.com,,cras,MDS/SAGI/CadSUAS (extração 28/06/2026)
Mateus Leme,CRAS Mateus Leme - Santa Clara,CRAS,"Rua Conceição Angelina de Jesus, 141",Santa Clara,35670-000,(31) 32082038,cras@mateusleme.mg.gov.br,,cras,MDS/SAGI/CadSUAS (extração 28/06/2026)
Mathias Lobato,CRAS Mathias Lobato,CRAS,"Rua Professora Ana Morais Pessamilio, 144",Centro,35110-000,(33) 32842019,crasmathiaslobato@hotmail.com,,cras,MDS/SAGI/CadSUAS (extração 28/06/2026)
Matias Barbosa,CRAS Matias Barbosa,CRAS,"Rua Dr. José Mariano, 10",Centro,36120-000,(32) 32735533,cras@matiasbarbosa.mg.gov.br,,cras,MDS/SAGI/CadSUAS (extração 28/06/2026)
Matias Cardoso,CRAS Matias Cardoso,CRAS,"Rua Wenceslau Braz, 342",Centro,39478-000,(38) 36163210,sashmatias@bol.com.br,,cras,MDS/SAGI/CadSUAS (extração 28/06/2026)
Matipó,"CRAS ""boa Vista"" (Matipó)",CRAS,"Rua Presidente Castelo Branco, 37",Boa Vista,35367-000,(31) 38731624,assistenciasocial@matipo.mg.gov.br,,cras,MDS/SAGI/CadSUAS (extração 28/06/2026)
Matipó,"CRAS ""padre Fialho"" (Matipó)",CRAS,Rua do Rosario,Padre Fialho,35367-000,(31) 38731624,smasmatipo@gmail.com,,cras,MDS/SAGI/CadSUAS (extração 28/06/2026)
Mato Verde,CRAS Alto Sao Joao (Mato Verde),CRAS,"Avenida José Alves Miranda, 106",Alto Sao Joao,39527-000,(38) 38131370,crasaltosaojoaomav@gmail.com,,cras,MDS/SAGI/CadSUAS (extração 28/06/2026)
Mato Verde,CRAS São Bento (Mato Verde),CRAS,"Praça Prefeito Cristiano Barbosa de Souza, 449",São Bento,39527-000,(38) 38131537,crassaobento@matoverde.mg.gov.br,,cras,MDS/SAGI/CadSUAS (extração 28/06/2026)
Matozinhos,CRAS Matozinhos,CRAS,"Avenida Caio Marins, 281",Centro,35720-000,(31) 20108541,cras@matozinhos.mg.gov.br,,cras,MDS/SAGI/CadSUAS (extração 28/06/2026)
Matutina,CRAS Matutina,CRAS,"Rua Jose Londe Filho, 329",Centro,38870-000,(34) 36741260,crasmatutina@yahoo.com.br,,cras,MDS/SAGI/CadSUAS (extração 28/06/2026)
Medeiros,CRAS Medeiros,CRAS,"Praça José de Faria Leite, 154",Centro,38930-000,(37) 34345340,social@medeiros.mg.gov.br,,cras,MDS/SAGI/CadSUAS (extração 28/06/2026)
Medina,CRAS I a Casa das Familias (Medina),CRAS,"Rua Hortencia, 123",Saudade,39620-000,(33) 37514720,crasmedina@gmail.com,,cras,MDS/SAGI/CadSUAS (extração 28/06/2026)
Medina,CRAS Ii Casa das Famílias (Medina),CRAS,"Rua Castelo Branco, 256",Várzea Grande,39620-000,(33) 37514749,cras2socialmedina@gmail.com,,cras,MDS/SAGI/CadSUAS (extração 28/06/2026)
Medina,CRAS Iii a Casa das Famílias (Medina),CRAS,"Avenida Belo Horizonte, 389",Centro,39620-000,(33) 37514714,cras3medina@hotmail.com,,cras,MDS/SAGI/CadSUAS (extração 28/06/2026)
Mendes Pimentel,CRAS Mendes Pimentel,CRAS,"Rua dos Esportes, 10",Centro,35270-000,(33) 32461245,assistenciasocial@mendespimentel.mg.gov.br,,cras,MDS/SAGI/CadSUAS (extração 28/06/2026)
Mercês,CRAS Ayrton Senna da Silva (Mercês),CRAS,"Rua Coronel Albuquerque, 16",São Geraldo,36190-000,(32) 34890271,cras@merces.mg.gov.br,,cras,MDS/SAGI/CadSUAS (extração 28/06/2026)
Mesquita,CRAS Mesquita,CRAS,"Rua São Jose, 321",Centro,35116-000,(33) 32511355,cras@mesquita.mg.gov.br,,cras,MDS/SAGI/CadSUAS (extração 28/06/2026)
Minas Novas,CRAS Minas Novas,CRAS,"Praça Doutor Badaro, 44",Centro,39650-000,(33) 37642001,socpmmn@hotmail.com,,cras,MDS/SAGI/CadSUAS (extração 28/06/2026)
Minduri,CRAS de Minduri-MG Casa das Famílias (Minduri),CRAS,"Rua Sao Paulo, 1",Vila Vassalo,37447-000,(35) 998731712,asminduri@yahoo.com.br,,cras,MDS/SAGI/CadSUAS (extração 28/06/2026)
Mirabela,CRAS Cidadania (Mirabela),CRAS,"Rua Gregório Rodrigues, 43",Centro,39373-000,(38) 998086675,cras1@mirabela.mg.gov.br,,cras,MDS/SAGI/CadSUAS (extração 28/06/2026)
Miradouro,CRAS Miradouro,CRAS,"Avenida Vicente de Paula Lima, 150",Albucacys de Castro,36893-000,(32) 37531011,crasmiradouro@miradouro.mg.gov.br,,cras,MDS/SAGI/CadSUAS (extração 28/06/2026)
Miraí,CRAS Miraí,CRAS,"Praça Dr. Antônio Carlos, 64",Centro,36790-000,(32) 34261760,cras.centro@mirai.mg.gov.br,,cras,MDS/SAGI/CadSUAS (extração 28/06/2026)
Miraí,CRAS Miraí - Centro,CRAS,"Rua Abraão Osta, 167",Centro,36790-000,(32) 30296685,crascruzeiro2@gmail.com,,cras,MDS/SAGI/CadSUAS (extração 28/06/2026)
Miravânia,CRAS Miravânia,CRAS,Avenida Marcos Pereira Viana Filho,Centro,39465-000,(38) 36158131,socialmiravania@yahoo.com.br,,cras,MDS/SAGI/CadSUAS (extração 28/06/2026)
Moeda,CRAS Moeda,CRAS,"Rua Maria Tereza,, 69",Centro,35470-000,(31) 995262036,cras@moeda.mg.gov.br,,cras,MDS/SAGI/CadSUAS (extração 28/06/2026)
Moema,CRAS Moema,CRAS,"Rua Do Açude, S/n",Progresso,35604-000,(37) 991350594,crasmoemamg2017@gmail.com,,cras,MDS/SAGI/CadSUAS (extração 28/06/2026)
Monjolos,CRAS Monjolos,CRAS,"Rua Vereador Walmiro de Souza, 27",Centro,39215-000,(38) 37271176,social@prefeituramonjolos.mg.gov.br,,cras,MDS/SAGI/CadSUAS (extração 28/06/2026)
Monsenhor Paulo,CRAS Monsenhor Paulo,CRAS,"Praça Coronel Flávio Fernandes, 152",Centro,37405-000,(35) 32631141,asocial@monsenhorpaulo.mg.gov.br,,cras,MDS/SAGI/CadSUAS (extração 28/06/2026)
Montalvânia,CRAS Franziska Michels (Montalvânia),CRAS,"Rua Da Vince, 380",Centro,39495-000,(38) 998340176,crasmtv@gmail.com,,cras,MDS/SAGI/CadSUAS (extração 28/06/2026)
Monte Alegre de Minas,CRAS Flamengo (Monte Alegre de Minas),CRAS,"Rua Leocádio de Sousa Reis, 6",Flamengo,38475-000,(34) 32830574,montesocial@hotmail.com,,cras,MDS/SAGI/CadSUAS (extração 28/06/2026)
Monte Alegre de Minas,CRAS 2 - Jardim Eldorado (Monte Alegre de Minas),CRAS,"Rua dos Jasmins, 121",Jardim Eldorado,38420-000,(34) 32830530,cras2mam@hotmail.com,,cras,MDS/SAGI/CadSUAS (extração 28/06/2026)
Monte Azul,CRAS I (Monte Azul),CRAS,"Rua Presidente Vargas, 230",Centro,39500-000,(38) 991090484,cras1centro@gmail.com,,cras,MDS/SAGI/CadSUAS (extração 28/06/2026)
Monte Azul,CRAS Ii (Monte Azul),CRAS,"Rua Antonio Nunes Pereira, 604",Icarai,39500-000,(38) 991239142,cras2moa@gmail.com,,cras,MDS/SAGI/CadSUAS (extração 28/06/2026)
Monte Azul,CRAS Iii (Monte Azul),CRAS,"Rua João Gomes Tolentino, 155",Esplanada,39500-000,(38) 998013271,crasmoa3@gmail.com,,cras,MDS/SAGI/CadSUAS (extração 28/06/2026)
Monte Belo,CRAS Monte Belo,CRAS,"Rua Sete de Maio, 379",Centro,37115-000,(35) 35732111,cras@montebelo.mg.gov.br,,cras,MDS/SAGI/CadSUAS (extração 28/06/2026)
Monte Carmelo,"CRAS Antônio Ferreira Gomes ""tonhão"" (Monte Carmelo)",CRAS,"Rua Goiás, 2000",Vila Nova,38500-000,(34) 438191241,crastonhaomc@yahoo.com,,cras,MDS/SAGI/CadSUAS (extração 28/06/2026)
Monte Carmelo,"CRAS Geralda de Avila Cardoso ""mãe do Leu"" (Monte Carmelo)",CRAS,"Rua Tordesilhas, 131",Santa Rita,38500-000,(34) 38426346,social@montecarmelo.mg.gov.br,,cras,MDS/SAGI/CadSUAS (extração 28/06/2026)
Monte Formoso,CRAS Casa das Famílias (Monte Formoso),CRAS,"Rua Alvaro Moura, 36",Centro,39893-000,(33) 37458001,cras.pmmf@gmail.com,,cras,MDS/SAGI/CadSUAS (extração 28/06/2026)
Monte Santo de Minas,CRAS Monte Santo de Minas,CRAS,"Rua Francisco Antônio da Luz, 292",Centro,37968-000,(35) 35915160,cras@montesantodeminas.mg.gov.br,,cras,MDS/SAGI/CadSUAS (extração 28/06/2026)
Monte Sião,CRAS Monte Sião,CRAS,"Rua Eupidio Gloria, 51",Parque Antonieta,37580-000,(35) 34658699,cras@montesiao.mg.gov.br,,cras,MDS/SAGI/CadSUAS (extração 28/06/2026)
Montes Claros,CRAS Central (Montes Claros),CRAS,Praça Raul Soares,Centro,39400-070,(38) 32210836,crascentralmoc@yahoo.com.br,,cras,MDS/SAGI/CadSUAS (extração 28/06/2026)
Montes Claros,CRAS Delfino Magalhães (Montes Claros),CRAS,"Rua Maceió, 635",Santo Antonio,39440-264,(38) 22113464,crasdelfino@yahoo.com.br,,cras,MDS/SAGI/CadSUAS (extração 28/06/2026)
Montes Claros,CRAS Independencia (Montes Claros),CRAS,"Rua Bronze, 15",Monte Carmelo,39402-019,(38) 32237491,cras.independencia@yahoo.com.br,,cras,MDS/SAGI/CadSUAS (extração 28/06/2026)
Montes Claros,CRAS Jk / Village (Montes Claros),CRAS,"Avenida Antônio de Freitas, 2606",Vilage do Lago Ii,39404-765,(38) 32156369,thiagobroliveira@gmail.com,,cras,MDS/SAGI/CadSUAS (extração 28/06/2026)
Montes Claros,CRAS Major Prates (Montes Claros),CRAS,"Rua Professor Raimundo Neto, 701",Major Prates,39403-213,(38) 32291514,crasmajorprates@hotmail.com,,cras,MDS/SAGI/CadSUAS (extração 28/06/2026)
Montes Claros,CRAS Maracanã (Montes Claros),CRAS,"Rua Canto do Rio, 315",Maracanã,39401-812,(38) 22113477,cras.maracana@yahoo.com.br,,cras,MDS/SAGI/CadSUAS (extração 28/06/2026)
Montes Claros,CRAS Renascença (Montes Claros),CRAS,"Rua Ivete Vargas, 421",Vila Regina,39400-196,(38) 22113479,cras.renascenca@hotmail.com,,cras,MDS/SAGI/CadSUAS (extração 28/06/2026)
Montes Claros,CRAS Rural (Montes Claros),CRAS,"Rua Cel. Artur Vale, 50",Centro,39400-000,(38) 322113480,crasrural@yahoo.com.br,,cras,MDS/SAGI/CadSUAS (extração 28/06/2026)
Montes Claros,CRAS Santos Reis (Montes Claros),CRAS,"Rua Antônio Martins, 31",Santos Reis,39401-169,(38) 22113458,cras.santosreis@yahoo.com.br,,cras,MDS/SAGI/CadSUAS (extração 28/06/2026)
Montes Claros,CRAS São Judas (Montes Claros),CRAS,"Avenida Leonel Beirão de Jesus, 3363",Vila Telma,39402-363,(38) 32215646,crassaojudas@gmail.com,,cras,MDS/SAGI/CadSUAS (extração 28/06/2026)
Montes Claros,CRAS Vila Oliveira (Montes Claros),CRAS,"Rua Gabriel Batista, 21",Vila Oliveira,39401-641,(38) 22113470,cras.vilaoliveira@gmail.com.br,,cras,MDS/SAGI/CadSUAS (extração 28/06/2026)
Montezuma,CRAS Alvino Antunes (Montezuma),CRAS,"Rua Eulina Nunes Morais, 21",Planalto,39547-000,(38) 38251155,crasmtz@gmail.com,,cras,MDS/SAGI/CadSUAS (extração 28/06/2026)
Morada Nova de Minas,CRAS Morada Nova de Minas,CRAS,"Rua José Rodrigues Junior, 437",Centro,35628-000,(37) 998391455,crasrede@gmail.com,,cras,MDS/SAGI/CadSUAS (extração 28/06/2026)
Morro da Garça,CRAS Morro da Garça,CRAS,"Rua Major Salvo, 319",Centro,39248-000,(38) 36180470,cras.morrodagarca@gmail.com,,cras,MDS/SAGI/CadSUAS (extração 28/06/2026)
Morro do Pilar,CRAS Santa Luzia (Morro do Pilar),CRAS,"Rua Jose Batista Ferreira, 36",Santa Luzia,35875-000,(31) 38665347,sec.social@morrodopilar.mg.gov.br,,cras,MDS/SAGI/CadSUAS (extração 28/06/2026)
Munhoz,CRAS Ciro Amancio Fróes - Munhoz Mg (Munhoz),CRAS,"Rua Vereador José da Cunha Vasconcelos, 300",Jardim Paineiras,37620-000,(35) 34661297,cras@munhoz.mg.gov.br,,cras,MDS/SAGI/CadSUAS (extração 28/06/2026)
Muriaé,CRAS Aeroporto (Muriaé),CRAS,"Rua Olinda Gardone, 50",Aeroporto,36880-000,(32) 37284334,cras_aeroporto@hotmail.com,,cras,MDS/SAGI/CadSUAS (extração 28/06/2026)
Muriaé,CRAS Belisário (Muriaé),CRAS,"Praça Cel Francisco Gomes Campós, 100",Distrito de Belisario,36892-200,(32) 36963384,CRASBELISARIO@HOTMAIL.COM,,cras,MDS/SAGI/CadSUAS (extração 28/06/2026)
Muriaé,CRAS Dom Delfim/barra (Muriaé),CRAS,Rua Itagiba de Oliveira,Barra,36880-000,(32) 37291300,dsocial@muriae.mg.gov.br,,cras,MDS/SAGI/CadSUAS (extração 28/06/2026)
Muriaé,CRAS Itamuri (Muriaé),CRAS,"Rua do Rosário, 645",Itamuri,36880-000,(32) 36963384,crasitamuri@gmail.com,,cras,MDS/SAGI/CadSUAS (extração 28/06/2026)
Muriaé,CRAS Itinerante (Muriaé),CRAS,"Avenida Silvério Campos, 258",Safira,36880-000,(32) 36963384,dsocial@muriae.mg.gov.br,,cras,MDS/SAGI/CadSUAS (extração 28/06/2026)
Muriaé,CRAS Santa Terezinha (Muriaé),CRAS,"Rua Bicas, 88",Santa Terezinha,36880-000,(32) 37214499,cras.santaterezinha@hotmail.com,,cras,MDS/SAGI/CadSUAS (extração 28/06/2026)
Muriaé,CRAS São Joaquim (Muriaé),CRAS,"Avenida Antônio Tureta, 289",São Joaquim,36886-114,(32) 37283934,crassaojoaquimmuriae@gmail.com,,cras,MDS/SAGI/CadSUAS (extração 28/06/2026)
Muriaé,CRAS Vermelho (Muriaé),CRAS,"Rua Antonio Cavalier, 30",Vermelho,38890-000,(32) 37115346,crasvermelho@hotmail.com,,cras,MDS/SAGI/CadSUAS (extração 28/06/2026)
Mutum,CRAS Casa das Famílias (Mutum),CRAS,"Rua Inconfidência, 4",Centro,36955-000,(33) 33121667,acaosocialmutummg23@gmail.com,,cras,MDS/SAGI/CadSUAS (extração 28/06/2026)
Muzambinho,CRAS Muzambinho,CRAS,"Rua Sete de Setembro, 1276",Centro,37890-000,(35) 35712698,crasmmuz@yahoo.com.br,,cras,MDS/SAGI/CadSUAS (extração 28/06/2026)
Nacip Raydan,CRAS Nacip Raydan,CRAS,"Praça Nossa Senhora da Penha, 95",Centro,39718-000,(33) 999200582,crasnacipraydan@yahoo.com.br,,cras,MDS/SAGI/CadSUAS (extração 28/06/2026)
Nanuque,CRAS Central (Nanuque),CRAS,"Rua Lambari, 524",Centro,39860-000,(33) 991550727,crascentralmg@gmail.com,,cras,MDS/SAGI/CadSUAS (extração 28/06/2026)
Nanuque,CRAS Udr (Nanuque),CRAS,"Avenida Wanderley Carvalho, 1",Isadelfia Ferraz,39860-000,(33) 987407866,udrcras@gmail.com,,cras,MDS/SAGI/CadSUAS (extração 28/06/2026)
Naque,CRAS Naque,CRAS,"Rua José Valadares, 85",Centro,35117-000,(33) 984446160,smas@naque.mg.gov.br,,cras,MDS/SAGI/CadSUAS (extração 28/06/2026)
Natalândia,CRAS Natalândia,CRAS,"Rua Machado, 246",Centro,38658-000,(38) 34580002,cras.acaosocial.natalandia@gmail.com,,cras,MDS/SAGI/CadSUAS (extração 28/06/2026)
Natércia,CRAS Casa da Família (Natércia),CRAS,"Praça Geraldo Honorato Vilas Boas, 29",Chapada,37524-000,(35) 999693656,smasnatercia@yahoo.com.br,,cras,MDS/SAGI/CadSUAS (extração 28/06/2026)
Nazareno,CRAS Casa da Família (Nazareno),CRAS,"Rua José Venâncio de Paula, 2",Nossa Senhora de Nazaré,36370-000,(35) 38421666,cras@nazareno.mg.gov.br,,cras,MDS/SAGI/CadSUAS (extração 28/06/2026)
Nepomuceno,CRAS Nepomuceno,CRAS,"Avenida São João, 43",Alto do Cruzeiro,37250-000,(35) 38612072,cras1nepomuceno@outlook.com,,cras,MDS/SAGI/CadSUAS (extração 28/06/2026)
Nepomuceno,CRAS Nepomuceno - Vila Esméria,CRAS,"Rua João Pereira Neto, 574",Vila Esméria,37250-000,(35) 38611818,crasmarciolandianepomuceno@gmail.com,,cras,MDS/SAGI/CadSUAS (extração 28/06/2026)
Nepomuceno,CRAS Jardim Colina (Nepomuceno),CRAS,"Rua Marieta Rodrigues Lourenconi,, 85",Jardim Colina,37250-000,(35) 997637374,crasjardimcolina@gmail.com,,cras,MDS/SAGI/CadSUAS (extração 28/06/2026)
Ninheira,CRAS Ninheira,CRAS,"Avenida Irineu Mendes Moutinho, 252",Centro,39553-000,(38) 38328285,crasninheira2021@gmail.com,,cras,MDS/SAGI/CadSUAS (extração 28/06/2026)
Nova Belém,CRAS Espaço Cidadania (Nova Belém),CRAS,"Avenida João Alves de Paula, 460",Centro,35298-000,(33) 88273082,crasnb1@hotmail.com,,cras,MDS/SAGI/CadSUAS (extração 28/06/2026)
Nova Era,CRAS Nova Era,CRAS,"Rua Ibia, 215",Das Gracas,35920-000,(31) 38613364,social@novaera.mg.gov.br,,cras,MDS/SAGI/CadSUAS (extração 28/06/2026)
Nova Lima,CRAS Cruzeiro (Nova Lima),CRAS,"Rua Eduardo Aimorés Jones, 320",Cascalho,34002-390,(31) 31806118,cras.cruzeiro@pnl.mg.gov.br,,cras,MDS/SAGI/CadSUAS (extração 28/06/2026)
Nova Lima,CRAS Nordeste (Nova Lima),CRAS,"Rua Adelaide Pedrosa do Vale, 636",Honório Bicalho,34012-694,(31) 31806116,cras.nordeste@pnl.mg.gov.br,,cras,MDS/SAGI/CadSUAS (extração 28/06/2026)
Nova Lima,CRAS Norte (Nova Lima),CRAS,"Rua Tamandaré, 458",Cabeceiras,34004-190,(31) 31805865,cras.norte@pnl.mg.gov.br,,cras,MDS/SAGI/CadSUAS (extração 28/06/2026)
Nova Lima,CRAS Agua Limpa (Nova Lima),CRAS,"Avenida dos Juízes, 588",Balneário Água Limpa,34018-369,(31) 31806242,cras.crasagualimpa@pnl.mg.gov.br,,cras,MDS/SAGI/CadSUAS (extração 28/06/2026)
Nova Lima,CRAS Centro (Nova Lima),CRAS,"Rua Juvenal Souza Costa, 34",Olaria,34000-016,(31) 31805946,cras.centro@pnl.mg.gov.br,,cras,MDS/SAGI/CadSUAS (extração 28/06/2026)
Nova Lima,CRAS Noroeste (Nova Lima),CRAS,"Rua Mississipi, 35",Jardim Canadá,34007-792,(31) 31805718,cras.noroeste@pnl.mg.gov.br,,cras,MDS/SAGI/CadSUAS (extração 28/06/2026)
Nova Módica,CRAS Nova Módica,CRAS,"Rua Domingos Antônio Gonçalves, 212",Centro,35113-000,(33) 998663855,cras@novamodica.mg.gov.br,,cras,MDS/SAGI/CadSUAS (extração 28/06/2026)
Nova Ponte,CRAS Nova Ponte,CRAS,"Avenida Presidente Vargas, 1160",Centro,38160-000,(34) 33568090,social@novaponte.mg.gov.br,,cras,MDS/SAGI/CadSUAS (extração 28/06/2026)
Nova Porteirinha,CRAS Nova Porteirinha,CRAS,"Rua três, 345",California,39525-000,(38) 38341171,social@novaporteirinha.mg.gov.br,,cras,MDS/SAGI/CadSUAS (extração 28/06/2026)
Nova Resende,CRAS Nova Resende,CRAS,"Rua Prefeito José da Silveira de Castro, 244",Centro,37860-000,(35) 35623790,cras@novaresende.mg.gov.br,,cras,MDS/SAGI/CadSUAS (extração 28/06/2026)
Nova Serrana,CRAS Renivaldo Gomes dos Santos (Nova Serrana),CRAS,"Rua Rosa Ana da Conceição, 1163",Sao Geraldo Ii,35520-314,(37) 32251542,crassaogeraldo@novaserrana.mg.gov.br,,cras,MDS/SAGI/CadSUAS (extração 28/06/2026)
Nova Serrana,CRAS Agenor Carlos Pereira (Nova Serrana),CRAS,"Rua Katia Lacerda do Amaral, 705",Eduardo Bretas,35526-550,(37) 32260081,ccca@novaserrana.mg.gov.br,,cras,MDS/SAGI/CadSUAS (extração 28/06/2026)
Nova Serrana,CRAS Derci Carmélia Preto (Nova Serrana),CRAS,"Rua Liberalino da Costa Pinto, 316",Jardim do Lago,35522-028,(37) 32268005,cciderci@novaserrana.mg.gov.br,,cras,MDS/SAGI/CadSUAS (extração 28/06/2026)
Nova Serrana,CRAS Geralda Ferreira (Nova Serrana),CRAS,"Rua Mato Grosso do Sul, 681",Planalto,35526-766,(37) 32262670,crasgeraldaferreira@novaserrana.mg.gov.br,,cras,MDS/SAGI/CadSUAS (extração 28/06/2026)
Nova Serrana,CRAS Maria da Conceicao Aparecida Santos (Nova Serrana),CRAS,"Avenida Amaral, 590",Novo Horizonte,35525-440,(37) 32258353,crasmariadaconceicao@novaserrana.mg.gov.br,,cras,MDS/SAGI/CadSUAS (extração 28/06/2026)
Nova Serrana,CRAS Maria de Lourdes Silva (Nova Serrana),CRAS,"Rua Joaquim José Ferreira, 532",Jeferson Batista de Freitas,35524-206,(37) 32268253,crasmariadelourdes@novaserrana.mg.gov.br,,cras,MDS/SAGI/CadSUAS (extração 28/06/2026)
Nova União,CRAS Nova União,CRAS,"Rua Santo Antonio, 50",Bom Pastor,34990-000,(31) 36851452,cras@novauniao.mg.gov.br,,cras,MDS/SAGI/CadSUAS (extração 28/06/2026)
Novo Cruzeiro,CRAS Casa das Familias (Novo Cruzeiro),CRAS,"Rua Jorge Chaim, 415",Anastacio Roque,39820-000,(33) 988373508,crassedenc@gmail.com,,cras,MDS/SAGI/CadSUAS (extração 28/06/2026)
Novo Cruzeiro,CRAS Queixada (Novo Cruzeiro),CRAS,Rua Principal,Centro,39820-000,(33) 999788313,desenvolvimentosocialncmg@gmail.com,,cras,MDS/SAGI/CadSUAS (extração 28/06/2026)
Novo Oriente de Minas,CRAS Casa das Familias (Novo Oriente de Minas),CRAS,"Praça Tristao da Cunha, 131",Centro,39817-000,(33) 988974519,crasno2017@outlook.com,,cras,MDS/SAGI/CadSUAS (extração 28/06/2026)
Novorizonte,CRAS Novorizonte,CRAS,"Rua São José, 554",Centro,39568-000,(38) 999074394,cras@novorizonte.mg.gov.br,,cras,MDS/SAGI/CadSUAS (extração 28/06/2026)
Olaria,CRAS Abraçando Olaria (Olaria),CRAS,"Praça Primeiro de março, 181",Centro,36145-000,(32) 32881256,social@olaria.mg.gov.br,,cras,MDS/SAGI/CadSUAS (extração 28/06/2026)
Olhos-d'Água,CRAS Casa das Familias (Olhos-d'Água),CRAS,"Rua Maria das Dores, 204",Centro,39398-000,(38) 32517181,crasolhos@gmail.com,,cras,MDS/SAGI/CadSUAS (extração 28/06/2026)
Olímpio Noronha,CRAS Olímpio Noronha,CRAS,"Rua Cinco de Fevereiro, 89",Centro,37488-000,(35) 999566885,crasolimpio@yahoo.com.br,,cras,MDS/SAGI/CadSUAS (extração 28/06/2026)
Oliveira,CRAS Leste (Oliveira),CRAS,"Rua Paulo Ribeiro, 152",Sao Sebastiao,35540-000,(37) 33319841,crasleste@oliveira.mg.gov.br,,cras,MDS/SAGI/CadSUAS (extração 28/06/2026)
Oliveira,CRAS Oeste (Oliveira),CRAS,"Rua Jose dos Santos, 40",Joao Paulo Ii,35540-000,(37) 33319843,crasoeste@oliveira.mg.gov.br,,cras,MDS/SAGI/CadSUAS (extração 28/06/2026)
Oliveira,CRAS Sul (Oliveira),CRAS,"Rua Papa Joao Xxiii, 120",Aparecida,35540-000,(37) 33319842,crassul@oliveira.mg.gov.br,,cras,MDS/SAGI/CadSUAS (extração 28/06/2026)
Oliveira Fortes,CRAS Oliveira Fortes,CRAS,Rua Humberto Ruffo,Centro,36250-000,(32) 984214932,socialforte@hotmail.com,,cras,MDS/SAGI/CadSUAS (extração 28/06/2026)
Onça de Pitangui,CRAS Dr. Jose Luiz Ladeira Bueno (Onça de Pitangui),CRAS,"praça ex combatente Emilio lucio, 13",Centro,35655-000,(37) 988337221,cras@oncadopitangui.mg.gov.br,,cras,MDS/SAGI/CadSUAS (extração 28/06/2026)
Oratórios,CRAS Oratórios,CRAS,"Rua Marieta Cândido de Jesus, 248",São José,35439-000,(31) 38769177,cras2013-2016@hotmail.com,,cras,MDS/SAGI/CadSUAS (extração 28/06/2026)
Orizânia,"CRAS ""casa das Famílias"" (Orizânia)",CRAS,"Rua João Henrique da Rocha, 39",Centro,36828-000,(32) 37437247,crasorizania2022@gmail.com,,cras,MDS/SAGI/CadSUAS (extração 28/06/2026)
Ouro Branco,CRAS Belvedere (Ouro Branco),CRAS,"Rua Pinheiro, 176",Belvedere,36496-374,(31) 39381082,cras3@ourobranco.mg.gov.br,,cras,MDS/SAGI/CadSUAS (extração 28/06/2026)
Ouro Branco,CRAS Itinerante Rural (Ouro Branco),CRAS,"Rua Jose Geraldo, 76",Centro,36490-108,(31) 39381159,crasrural@ourobranco.mg.gov.br,,cras,MDS/SAGI/CadSUAS (extração 28/06/2026)
Ouro Branco,CRAS Luzia Augusta (Ouro Branco),CRAS,"Rua Macapa, 113",Luzia Augusta,36490-336,(31) 39381065,cras@ourobranco.mg.gov.br,,cras,MDS/SAGI/CadSUAS (extração 28/06/2026)
Ouro Branco,CRAS São Francisco (Ouro Branco),CRAS,"Rua José da Costa Vieira, 359",São Francisco,36494-462,(31) 39381063,cras2@ourobranco.mg.gov.br,,cras,MDS/SAGI/CadSUAS (extração 28/06/2026)
Ouro Branco,CRAS /serpros (Ouro Branco),CRAS,"Rua José Geraldo, 76",Centro,36490-108,(31) 39381061,plantaosocial@ourobranco.mg.gov.br,,cras,MDS/SAGI/CadSUAS (extração 28/06/2026)
Ouro Fino,CRAS Antonio dos Santos Maciel (Ouro Fino),CRAS,Praça Afonso Ribeiro,Alto,37570-000,(35) 34413439,crasourofino@gmail.com,,cras,MDS/SAGI/CadSUAS (extração 28/06/2026)
Ouro Preto,CRAS Antonina Mendes Barros Cotta (Ouro Preto),CRAS,"Rodovia MG 129 km 130, 30",Distrito Antonio Pereira,35411-000,(31) 35538278,cras.antoniopereira@ouropreto.mg.gov.br,,cras,MDS/SAGI/CadSUAS (extração 28/06/2026)
Ouro Preto,CRAS Cachoeira do Campo (Ouro Preto),CRAS,"Rua Casa Branca, 164",Distrito de Cachoeira do Campo- Bairro Açude,35409-566,(31) 35532543,cras.cachoeiradocampo@ouropreto.mg.gov.br,,cras,MDS/SAGI/CadSUAS (extração 28/06/2026)
Ouro Preto,CRAS Santa Rita (Ouro Preto),CRAS,"Avenida José Leandro, 52",Distrito de Santa Rita,35419-000,(31) 35533403,cras.santarita@ouropreto.mg.gov.br,,cras,MDS/SAGI/CadSUAS (extração 28/06/2026)
Ouro Preto,CRAS Padre Faria (Ouro Preto),CRAS,"Rua Desiderio de Matos, 769",Padre Faria,35406-108,(31) 992314246,cras.padrefaria@ouropreto.mg.gov.br,,cras,MDS/SAGI/CadSUAS (extração 28/06/2026)
Ouro Preto,CRAS São Cristovão (Ouro Preto),CRAS,"Rua João Xxiii, 307",Sao Cristovao,35404-332,(31) 988381503,cras.saocristovao@ouropreto.mg.gov.br,,cras,MDS/SAGI/CadSUAS (extração 28/06/2026)
Ouro Verde de Minas,CRAS Casa das Famílias (Ouro Verde de Minas),CRAS,"Rua Cicero Xavier de Vasconcelos, 91",Centro,39855-000,(33) 35271211,acaosocialov@hotmail.com,,cras,MDS/SAGI/CadSUAS (extração 28/06/2026)
Padre Carvalho,CRAS Padre Carvalho,CRAS,Rua Montes Claros,Centro,39573-000,(38) 32388151,cras@padrecarvalho.mg.gov.br,,cras,MDS/SAGI/CadSUAS (extração 28/06/2026)
Padre Paraíso,CRAS Padre Paraíso,CRAS,"Rua Olimpio Duarte, 180",Centro,39818-000,(33) 35341291,cras@padreparaiso.mg.gov.br,,cras,MDS/SAGI/CadSUAS (extração 28/06/2026)
Pai Pedro,CRAS Geraldo de Paula Filho (Pai Pedro),CRAS,"Rua Agenor Mendes Lucas, 156",Vila Nova,39517-000,(38) 38318103,craspaifpp@yahoo.com.br,,cras,MDS/SAGI/CadSUAS (extração 28/06/2026)
Paineiras,CRAS Paineiras,CRAS,"Rua Antônio Pinto da Fonseca, 553",Centro,35622-000,(37) 35451112,paineiras0004@gmail.com,,cras,MDS/SAGI/CadSUAS (extração 28/06/2026)
Pains,CRAS Pains,CRAS,"Rua Adriano Martins Borges, 25",Dona Ziza,35582-000,(37) 999026390,craspains@yahoo.com.br,,cras,MDS/SAGI/CadSUAS (extração 28/06/2026)
Paiva,CRAS Valdemar Ribeiro (Paiva),CRAS,"Rua Astolfo Amaro Malta, 60",Centro,36195-000,(32) 33641275,craspaiva2017@hotmail.com,,cras,MDS/SAGI/CadSUAS (extração 28/06/2026)
Palma,CRAS Casa da Família (Palma),CRAS,"Praça Getúlio Vargas, 78",Centro,36750-000,(32) 991180386,smaspalma@gmail.com,,cras,MDS/SAGI/CadSUAS (extração 28/06/2026)
Palmópolis,CRAS Casa da Família de Palmópolis (Palmópolis),CRAS,Rua Ubirajara Coelho,Centro,39945-000,(33) 37449575,craspalmopolis@gmail.com,,cras,MDS/SAGI/CadSUAS (extração 28/06/2026)
Papagaios,CRAS Papagaios,CRAS,"Rua Maximiliano Ribeiro, 20",Centro,35669-000,(37) 32741083,cras@papagaios.mg.gov.br,,cras,MDS/SAGI/CadSUAS (extração 28/06/2026)
Pará de Minas,CRAS Pará de Minas,CRAS,"Rua Antonio Avelino dos Santos, 20",Novo Horizonte,35660-251,(37) 99214760,francielesouza@parademinas.mg.gov.br,,cras,MDS/SAGI/CadSUAS (extração 28/06/2026)
Pará de Minas,CRAS Augusto de Oliveira Duarte (Pará de Minas),CRAS,"Rua Georges Collin, 371",Walter Martins Duarte,35663-514,(37) 32335980,lucileneabreu@parademinas.mg.gov.br,,cras,MDS/SAGI/CadSUAS (extração 28/06/2026)
Pará de Minas,CRAS José Ferreira de Abreu - Zé do Zico (Pará de Minas),CRAS,"Rua Alferes Esteves, 95",Centro,35660-002,(37) 32335930,marcelasouza@parademinas.mg.gov.br,,cras,MDS/SAGI/CadSUAS (extração 28/06/2026)
Paracatu,CRAS Bela Vista (Paracatu),CRAS,"Rua Tenente Olímpio Gonzaga, 550",Bela Vista,38600-516,(38) 991700041,crasbelavista@paracatu.mg.gov.br,,cras,MDS/SAGI/CadSUAS (extração 28/06/2026)
Paracatu,CRAS Ceu das Artes (Paracatu),CRAS,"Rua George Araújo Caldas, 191",Bom Pastor,38603-124,(38) 991700031,crasceudasartes@paracatu.mg.gov.br,,cras,MDS/SAGI/CadSUAS (extração 28/06/2026)
Paracatu,CRAS Novo Horizonte (Paracatu),CRAS,"Rua Amélia Gotlib Leite, 411",Novo Horizonte,38607-412,(38) 36713031,novohorizontecras@yahoo.com.br,,cras,MDS/SAGI/CadSUAS (extração 28/06/2026)
Paraguaçu,CRAS Paraguaçu,CRAS,"Rua Luiz Galdino, 287",Colina São Marcos,37120-000,(35) 32674298,crascolina@yahoo.com.br,,cras,MDS/SAGI/CadSUAS (extração 28/06/2026)
Paraisópolis,CRAS Paraisópolis,CRAS,"Avenida Rio Branco, 603",Centro,37660-000,(35) 36514380,cras@paraisopolis.mg.gov.br,,cras,MDS/SAGI/CadSUAS (extração 28/06/2026)
Paraopeba,CRAS Paraopeba,CRAS,"Rua Francisca Moreira da Silva, 826",Dom Bosco,35774-000,(31) 37143969,cras3699@yahoo.com.br,,cras,MDS/SAGI/CadSUAS (extração 28/06/2026)
Passa Quatro,CRAS Casa da Família de Passa Quatro (Passa Quatro),CRAS,"Rua Oliveira Leite, 49",Centro,37460-000,(35) 33715440,cras@passaquatro.mg.gov.br,,cras,MDS/SAGI/CadSUAS (extração 28/06/2026)
Passa Tempo,CRAS Gloria Aparecida Duarte Silva (Passa Tempo),CRAS,"Rua Evaristo Batista de Souza, 446",Gloria,35537-000,(37) 33351451,cras@passatempo.mg.gov.br,,cras,MDS/SAGI/CadSUAS (extração 28/06/2026)
Passa Vinte,CRAS Passa Vinte,CRAS,"Rua Antônio Quintiliano Alves, 44",Centro,37330-000,(32) 32951219,crasp20@gmail.com,,cras,MDS/SAGI/CadSUAS (extração 28/06/2026)
Passabém,CRAS Passabém,CRAS,"Praça São Jose, 100",Centro,35810-000,(31) 38361281,assistenciasocialpassabem@gmail.com,,cras,MDS/SAGI/CadSUAS (extração 28/06/2026)
Passos,CRAS Coimbras (Passos),CRAS,"Rua Das Pitangas, 80",Jardim California,37904-440,(35) 984284257,crascoimbras@passos.mg.gov.br,,cras,MDS/SAGI/CadSUAS (extração 28/06/2026)
Passos,CRAS Nossa Senhora Aparecida (Passos),CRAS,"Rua Dos Bororos, 55",Nossa Senhora Aparecida,37901-528,(35) 984233095,cras.sf@passos.mg.gov.br,,cras,MDS/SAGI/CadSUAS (extração 28/06/2026)
Passos,CRAS Novo Horizonte (Passos),CRAS,"Rua Dos Alfaiates, 220",Belo Horizonte,37901-200,(35) 984213468,crasnhorizonte@passos.mg.gov.br,,cras,MDS/SAGI/CadSUAS (extração 28/06/2026)
Passos,CRAS Penha (Passos),CRAS,"Rua Pitangui, 33",Cohab I,37903-194,(35) 984240068,cras@passos.mg.gov.br,,cras,MDS/SAGI/CadSUAS (extração 28/06/2026)
Passos,CRAS Santa Luzia (Passos),CRAS,"Rua Rio Sapucaí, 564",Santa Luzia,37900-556,(35) 984094807,crasstluzia@passos.mg.gov.br,,cras,MDS/SAGI/CadSUAS (extração 28/06/2026)
Patis,CRAS Patis,CRAS,"Av Dr Geraldo Ataide, 15",Centro,39378-000,(38) 32398136,cras@patis.mg.gov.br,,cras,MDS/SAGI/CadSUAS (extração 28/06/2026)
Patos de Minas,CRAS Wilson Garcia de Carvalho - CRAS I (Patos de Minas),CRAS,"Rua São Cristóvão, 88",Nossa Senhora Aparecida,38700-432,(34) 38229876,cras01@patosdeminas.mg.gov.br,,cras,MDS/SAGI/CadSUAS (extração 28/06/2026)
Patos de Minas,CRAS Helena Eustáquia Dias Carneiro- Cras Iii (Patos de Minas),CRAS,"Rua Aracaju, 163",Nossa Senhora de Fátima,38706-034,(34) 38229805,cras03@patosdeminas.mg.gov.br,,cras,MDS/SAGI/CadSUAS (extração 28/06/2026)
Patos de Minas,CRAS Jacson Eimart de Freitas - CRAS II (Patos de Minas),CRAS,"Avenida Das Paineiras, 154",Alto da Colina,38703-644,(34) 38229874,cras02@patosdeminas.mg.gov.br,,cras,MDS/SAGI/CadSUAS (extração 28/06/2026)
Patos de Minas,CRAS Jorge Tolentino- CRAS IV (Patos de Minas),CRAS,"Rua Aprígio José da Silva, 28",Jardim Panorâmico,38705-354,(34) 38229873,cras04@patosdeminas.mg.gov.br,,cras,MDS/SAGI/CadSUAS (extração 28/06/2026)
Patrocínio,CRAS Dona Emidinha (Patrocínio),CRAS,"Avenida Odir Aleixo, 220",Eneas Ferreira de Aguiar,38740-000,(34) 30993047,cras1@patrocinio.mg.gov.br,,cras,MDS/SAGI/CadSUAS (extração 28/06/2026)
Patrocínio,"CRAS Geraldo Gonçalves ""Geraldo Tuniquinho"" (Patrocínio)",CRAS,"Avenida Brasil, 1113",Serra Negra,38740-000,(34) 30993048,cras3@patrocinio.mg.gov.br,,cras,MDS/SAGI/CadSUAS (extração 28/06/2026)
Patrocínio,CRAS Jose Ribeiro (Patrocínio),CRAS,"Rua Elmiro Aves do Nascimento, 1040",Marciano Brandão,38740-000,(34) 30993049,cras.ceu@patrocinio.mg.gov.br,,cras,MDS/SAGI/CadSUAS (extração 28/06/2026)
Patrocínio,CRAS Vera Nunes (Patrocínio),CRAS,"Rua Expedito Dias, 1171",São Benedito,38740-000,(34) 30993081,cras2@patrocinio.mg.gov.br,,cras,MDS/SAGI/CadSUAS (extração 28/06/2026)
Patrocínio,CRAS Wilson Moreira Nelis (Patrocínio),CRAS,"Rua Ana Leonor de Paula, 195",Padre Eustaquio,38741-231,(34) 30992489,cras.wn@patrocinio.mg.gov.br,,cras,MDS/SAGI/CadSUAS (extração 28/06/2026)
Patrocínio do Muriaé,CRAS Patrocínio do Muriaé,CRAS,"Rua Henrique Andre de Lima, 24",Centro,36860-000,(32) 37261411,cras.patrociniodomuriae@gmail.com,,cras,MDS/SAGI/CadSUAS (extração 28/06/2026)
Paula Cândido,CRAS Paula Cândido,CRAS,Rua Almerinda Alexandrina Soares,Centro,36544-000,(32) 35371317,assistenciaspcandido@yahoo.com.br,,cras,MDS/SAGI/CadSUAS (extração 28/06/2026)
Paulistas,CRAS Paulistas,CRAS,"Rua Padre Sampaio, 500",Centro,39765-000,(33) 99419584,crasdepaulistas@yahoo.com.br,,cras,MDS/SAGI/CadSUAS (extração 28/06/2026)
Pavão,CRAS Casa da Família (Pavão),CRAS,"Rua Joaquim Gonçalves, 178",Centro,39814-000,(33) 35351865,craspavao@gmail.com,,cras,MDS/SAGI/CadSUAS (extração 28/06/2026)
Peçanha,CRAS Peçanha,CRAS,"Rua Saldanha Marinho, 95",Bomba,39700-000,(33) 34112528,craspecanha@hotmail.com,,cras,MDS/SAGI/CadSUAS (extração 28/06/2026)
Pedra Azul,CRAS Pedra Azul,CRAS,"Avenida Colatino Antunes, 133",Centro,39970-000,(33) 37512969,craspamg@gmail.com,,cras,MDS/SAGI/CadSUAS (extração 28/06/2026)
Pedra Bonita,CRAS Casa da Familia (Pedra Bonita),CRAS,"Rua Nicolau Viana, 41",Centro,35364-000,(31) 38729157,craspb21@gmail.com,,cras,MDS/SAGI/CadSUAS (extração 28/06/2026)
Pedra do Anta,CRAS Pedra do Anta,CRAS,"Rua São Vicente, 50",Centro,36585-000,(31) 38961130,assistenciasocial@pedradoanta.mg.gov.br,,cras,MDS/SAGI/CadSUAS (extração 28/06/2026)
Pedra do Indaiá,CRAS Zita Gomes (Pedra do Indaiá),CRAS,"Avenida Primeiro de Março, 542",Centro,35565-000,(37) 33441338,secretariadeassistenciasocial@pedradoindaia.mg.gov.br,,cras,MDS/SAGI/CadSUAS (extração 28/06/2026)
Pedra Dourada,CRAS Casa da Família (Pedra Dourada),CRAS,"Rua Bela Vista, 12",Parque São João,36847-000,(55) 323512773,smaspedradourada@gmail.com,,cras,MDS/SAGI/CadSUAS (extração 28/06/2026)
Pedralva,CRAS Centro (Pedralva),CRAS,"Rua Coronel Estevam Rezende, 59",Centro,37520-000,(35) 8433-4674,cras@pedralva.mg.gov.br,,cras,MDS/SAGI/CadSUAS (extração 28/06/2026)
Pedras de Maria da Cruz,CRAS Maria da Cruz (Pedras de Maria da Cruz),CRAS,"Avenida Montes Claros, 170",Centro,39492-000,(38) 998107895,cras@pedrasdemariadacruz.mg.gov.br,,cras,MDS/SAGI/CadSUAS (extração 28/06/2026)
Pedrinópolis,CRAS Umbelino Goncalves de Castro (Pedrinópolis),CRAS,"Rua José Severino da Cunha, 42",Centro,38178-000,(34) 33552026,acaosocial@pedrinopolis.mg.gov.br,,cras,MDS/SAGI/CadSUAS (extração 28/06/2026)
Pedro Leopoldo,CRAS Centro Sul (Pedro Leopoldo),CRAS,"Rua José Viana Sobrinho, 46",Centro,33250-024,(31) 980262483,crassul@pedroleopoldo.mg.gov.br,,cras,MDS/SAGI/CadSUAS (extração 28/06/2026)
Pedro Leopoldo,CRAS Norte (Pedro Leopoldo),CRAS,"Avenida Elias Marques, 50",Teotonio Batista de Freitas,33600-997,(31) 36608074,crasnorte@pedroleopoldo.mg.gov.br,,cras,MDS/SAGI/CadSUAS (extração 28/06/2026)
Pedro Teixeira,CRAS Pedro Teixeira,CRAS,"Rua Jacinto Eugênio, 77",Centro,36148-000,(32) 32821224,secretariadeassistenciasocial@pedroteixeira.mg.gov.br,,cras,MDS/SAGI/CadSUAS (extração 28/06/2026)
Pequeri,CRAS Casa das Familias (Pequeri),CRAS,"Rua Manoel Gervasio, 534",Centro,36610-000,(32) 9808-8367,seps@pequeri.mg.gov.br,,cras,MDS/SAGI/CadSUAS (extração 28/06/2026)
Pequi,CRAS Dona Etelvira (Pequi),CRAS,"Rua Padre João Maina, 95",Centro,35667-000,(37) 32781857,secasocial@pequi.mg.gov.br,,cras,MDS/SAGI/CadSUAS (extração 28/06/2026)
Perdigão,CRAS Casa da Familia (Perdigão),CRAS,"Rua Joaquim Macedo,, 517",Centro,35545-000,(37) 32870181,secretariadesenvolvimentop@gmail.com,,cras,MDS/SAGI/CadSUAS (extração 28/06/2026)
Perdizes,CRAS Augusta Flausino Dias (Perdizes),CRAS,"Rua Antonio Tome de Resende, 339",Ferrerinha,38170-000,(34) 36631237,cras@perdizes.mg.gov.br,,cras,MDS/SAGI/CadSUAS (extração 28/06/2026)
Perdões,CRAS Casa da Familia Dona Sergina (Perdões),CRAS,"Avenida José Domingos do Nascimento, 17",Palestina,37260-000,(35) 38644879,cras.perdoes@gmail.com,,cras,MDS/SAGI/CadSUAS (extração 28/06/2026)
Perdões,CRAS II - Casa da Familia Jovita Amada Alves (Perdões),CRAS,"Rua Adalberto Resende, 803",Nossa Senhora das Graças,37260-000,(35) 38647370,cras2.perdoes@gmail.com,,cras,MDS/SAGI/CadSUAS (extração 28/06/2026)
Periquito,CRAS Periquito,CRAS,"Avenida Senador Getúlio de Carvalho, 266",Centro,35118-000,(33) 33229507,cras@periquito.mg.gpv.br,,cras,MDS/SAGI/CadSUAS (extração 28/06/2026)
Pescador,CRAS Padre João (Pescador),CRAS,"Rua Dr. João Batista Miranda, 510",Centro,35114-000,(33) 987622514,craspescadormg@gmail.com,,cras,MDS/SAGI/CadSUAS (extração 28/06/2026)
Piau,CRAS Piau,CRAS,Rua Dr loures,Centro,36157-000,(32) 32541212,cras@piau.mg.gov.br,,cras,MDS/SAGI/CadSUAS (extração 28/06/2026)
Piedade de Caratinga,CRAS Piedade de Caratinga,CRAS,Praça Adriano Sabino,Centro,35325-000,(33) 33238039,craspiedadecaratinga@yahoo.com,,cras,MDS/SAGI/CadSUAS (extração 28/06/2026)
Piedade de Ponte Nova,CRAS Piedade de Ponte Nova,CRAS,"Rua Doutor Soares Martins, 162",Centro,35382-000,(31) 38715146,cras@piedadedepontenova.mg.gov.br,,cras,MDS/SAGI/CadSUAS (extração 28/06/2026)
Piedade do Rio Grande,CRAS Piedade do Rio Grande,CRAS,"Rua Antônio Marciano da Silva, 231",Centro,36227-000,(32) 33351122,assistenciasocialprg@hotmail.com,,cras,MDS/SAGI/CadSUAS (extração 28/06/2026)
Piedade dos Gerais,CRAS Piedade dos Gerais,CRAS,"Rua Nosso Senhor do Bonfim, 693",Centro,35476-000,(55) 521182869,cras@piedadedosgerais.mg.gov.br,,cras,MDS/SAGI/CadSUAS (extração 28/06/2026)
Pimenta,"CRAS ""Rafael da Silveira Barbosa"" (Pimenta)",CRAS,"Avenida Aristides Garcia Leão, 213",Jk,35585-000,(37) 34121427,cras@pimenta.mg.gov.br,,cras,MDS/SAGI/CadSUAS (extração 28/06/2026)
Pingo-d'Água,CRAS Pingo-d'Água,CRAS,"Avenida Dep. Raimundo Albergaria, 62",Centro,35348-000,(33) 33536100,craspd@gmail.com,,cras,MDS/SAGI/CadSUAS (extração 28/06/2026)
Pintópolis,CRAS Pintópolis,CRAS,"Rua B, 65",Centro,39317-000,(38) 36318274,socialpintopolis@gmail.com,,cras,MDS/SAGI/CadSUAS (extração 28/06/2026)
Piracema,CRAS Itamar Martins de Melo (Piracema),CRAS,"Rua Elza Ferreira Santos, 10",Centro,35536-000,(37) 988420455,cras@piracema.mg.gov.br,,cras,MDS/SAGI/CadSUAS (extração 28/06/2026)
Pirajuba,CRAS Osvaldo Bernardes Filho (Pirajuba),CRAS,"Rua Benedito Ribeiro da Silva, 333",Santo Antônio,38210-000,(34) 34260164,assistenciasocial@pirajuba.mg.gov.br,,cras,MDS/SAGI/CadSUAS (extração 28/06/2026)
Piranga,CRAS Piranga,CRAS,Rua Girassol,Vila do Carmo,36480-000,(31) 37461853,craspiranga@hotmail.com,,cras,MDS/SAGI/CadSUAS (extração 28/06/2026)
Piranguçu,CRAS Central (Piranguçu),CRAS,"Rua Caetano Lopes da Silva, 110",Centro,37511-000,(35) 36431485,cras@pirangucu.mg.gov.br,,cras,MDS/SAGI/CadSUAS (extração 28/06/2026)
Piranguinho,CRAS Piranguinho,CRAS,"Praça Coronel Braz, 76",Centro,37508-000,(35) 36441478,social@piranguinho.mg.gov.br,,cras,MDS/SAGI/CadSUAS (extração 28/06/2026)
Pirapetinga,CRAS Pirapetinga,CRAS,"Rua Osorio Vieira da Fonseca, 100",Centro,36730-000,(32) 34651500,craspirapetinga@yahoo.com.br,,cras,MDS/SAGI/CadSUAS (extração 28/06/2026)
Pirapora,CRAS Bairro Nossa Senhora Aparecida (Pirapora),CRAS,"Rua Comandante Santiago Dantas, 915",Nossa Senhora Aparecida,39270-012,(38) 37406198,setas.cras.nsa@pirapora.mg.gov.br,,cras,MDS/SAGI/CadSUAS (extração 28/06/2026)
Pirapora,CRAS Bom Jesus (Pirapora),CRAS,"Rua Maria Alves Pamplona, 249",Bom Jesus 2,39270-000,(38) 37406225,sefam.crasbomjesus@pirapora.mg.gov.br,,cras,MDS/SAGI/CadSUAS (extração 28/06/2026)
Pirapora,CRAS Cidade Jardim (Pirapora),CRAS,"Rua Professora Alzira Ferreira, 321",Cidade Jardim,39272-292,(38) 37406056,cidadejardimcras@gmail.com,,cras,MDS/SAGI/CadSUAS (extração 28/06/2026)
Pirapora,CRAS São Geraldo (Pirapora),CRAS,"Rua Manaus, 412",São Geraldo,39276-262,(38) 37406003,crassgeraldo.pirapora@gmail.com,,cras,MDS/SAGI/CadSUAS (extração 28/06/2026)
Piraúba,CRAS Vovó Mariana (Piraúba),CRAS,"Rua Theofilo Augusto de Oliveira, 75",Piraubinha,36170-000,(32) 35731575,craspirauba@gmail.com,,cras,MDS/SAGI/CadSUAS (extração 28/06/2026)
Pitangui,CRAS Pitangui,CRAS,"Rua Professora Maria Martins, 94",Jk,35650-000,(37) 32714298,cras@pitangui.mg.gov.br,,cras,MDS/SAGI/CadSUAS (extração 28/06/2026)
Piumhi,CRAS Piumhi,CRAS,"Rua Padre Abel, 1361",Pindaíbas,37925-000,(37) 33719272,cras@prefeiturapiumhi.mg.gov.br,,cras,MDS/SAGI/CadSUAS (extração 28/06/2026)
Planura,CRAS Planura,CRAS,"Rua Goias, 187",Vila Paiva,38220-000,(34) 34273344,smapsocial@planura.mg.gov.br,,cras,MDS/SAGI/CadSUAS (extração 28/06/2026)
Poço Fundo,CRAS Casa da Família (Poço Fundo),CRAS,"Avenida Vereador Antonio Batista de Carvalho, 768",Mãe Rainha,37757-000,(35) 32831950,ccraspf@gmail.com,,cras,MDS/SAGI/CadSUAS (extração 28/06/2026)
Poços de Caldas,CRAS Dr Javier Torrico Moraes (Poços de Caldas),CRAS,"Rua João Roberto Bonifácio, 55",São Sebastião Ii,37706-247,(35) 36972855,crassulpocos@yahoo.com.br,,cras,MDS/SAGI/CadSUAS (extração 28/06/2026)
Poços de Caldas,CRAS Engenheiro Felisberto César Souza Pinto (Poços de Caldas),CRAS,"Rua São José, 221",Jardim Country Club,37701-353,(35) 36974230,crasoeste.pc@gmail.com,,cras,MDS/SAGI/CadSUAS (extração 28/06/2026)
Poços de Caldas,CRAS Irmã Líbera Carminatti (Poços de Caldas),CRAS,"Rua Capitão Fausto de Paiva, 2",Jardim Bela Vista,37701-267,(35) 36972240,crascentro.pocos@gmail.com,,cras,MDS/SAGI/CadSUAS (extração 28/06/2026)
Poços de Caldas,CRAS LESTE - Rodolfo Kaique Fonseca Teodoro (Poços de Caldas),CRAS,"Rua Coronel Virgílio Silva, 2444",Dom Bosco,37704-620,(35) 37136098,crasleste1.pc@gmail.com,,cras,MDS/SAGI/CadSUAS (extração 28/06/2026)
Poços de Caldas,CRAS Leste 2 (Poços de Caldas),CRAS,"Rua Miguel Calixto de Morais, 1153",Jardim Itamaraty V,37709-168,(35) 36972242,crasleste2@gmail.com,,cras,MDS/SAGI/CadSUAS (extração 28/06/2026)
Poços de Caldas,CRAS Rural (Poços de Caldas),CRAS,"Avenida Mansur Fayha, 1677",Bortolan,37704-722,(35) 36972241,crasvolantepc@gmail.com,,cras,MDS/SAGI/CadSUAS (extração 28/06/2026)
Poços de Caldas,CRAS Sul Esperança (Poços de Caldas),CRAS,"Rua Luis Celso Rocha, 147",Jardim Esperança Iii,37713-518,(35) 37157912,crassulesperanca@gmail.com,,cras,MDS/SAGI/CadSUAS (extração 28/06/2026)
Pocrane,CRAS Familia Unida Pocrane (Pocrane),CRAS,"Rua Sagrado Coração, 155",Centro,36960-000,(33) 33161112,craspocranemg@gmail.com,,cras,MDS/SAGI/CadSUAS (extração 28/06/2026)
Pompéu,CRAS Pompéu,CRAS,"Rua São Pedro, 325",São José,35640-000,(37) 35232367,cras@pompeu.mg.gov.br,,cras,MDS/SAGI/CadSUAS (extração 28/06/2026)
Ponte Nova,CRAS Novo Horizonte e Adjacências (Ponte Nova),CRAS,"Rua Édson Nogueira Gomes, 51",Novo Horizonte,35430-770,(31) 38811412,cras.fatima@yahoo.com.br,,cras,MDS/SAGI/CadSUAS (extração 28/06/2026)
Ponte Nova,CRAS Sagrado Coração de Jesus e Adjacências (Ponte Nova),CRAS,"Avenida Vereador João Evangelista de Almeida, 1446",Sagrado Coração de Jesus,35430-096,(31) 38175842,crassagradocoracaodejesus@gmail.com,,cras,MDS/SAGI/CadSUAS (extração 28/06/2026)
Ponte Nova,CRAS Triângulo e Adjacências (Ponte Nova),CRAS,"Praça Anibal Lopes, 3",Triangulo,35430-001,(31) 38176008,jussaracppn@gmail.com,,cras,MDS/SAGI/CadSUAS (extração 28/06/2026)
Ponto Chique,CRAS Casa das Famílias (Ponto Chique),CRAS,Rua João Ramos,Centro,39328-000,(38) 998008537,socialpchique@yahoo.com.br,,cras,MDS/SAGI/CadSUAS (extração 28/06/2026)
Ponto dos Volantes,CRAS Ponto dos Volantes,CRAS,"Rua Curitiba, 205",Centro,39615-000,(33) 37338010,cras.pvolantes@gmail.com,,cras,MDS/SAGI/CadSUAS (extração 28/06/2026)
Porteirinha,CRAS Casa das Famílias (Porteirinha),CRAS,"Rua Dr. Clóves Fábio de Almeida, 397",Ouro Branco,39520-000,(38) 38312588,cras@porteirinha.mg.gov.br,,cras,MDS/SAGI/CadSUAS (extração 28/06/2026)
Porteirinha,CRAS Tocandira (Porteirinha),CRAS,Praça da Matriz,Tocandira,39520-000,(38) 998650349,crastocandira@gmail.com,,cras,MDS/SAGI/CadSUAS (extração 28/06/2026)
Porto Firme,CRAS Porto Firme,CRAS,"Rua Dom Silverio, 251",Centro,36568-000,(31) 38931464,cras.portofirme@gmail.com,,cras,MDS/SAGI/CadSUAS (extração 28/06/2026)
Poté,CRAS Poté,CRAS,"Rua João Cambui, 177",Centro,39827-000,(33) 35251301,cras@pote.mg.gov.br,,cras,MDS/SAGI/CadSUAS (extração 28/06/2026)
Pouso Alegre,CRAS Central (Pouso Alegre),CRAS,"Avenida Pinto Cobra, 2015",Centro,37550-145,(35) 998610044,crascentral_ceu@hotmail.com,,cras,MDS/SAGI/CadSUAS (extração 28/06/2026)
Pouso Alegre,CRAS Nordeste (Pouso Alegre),CRAS,"Rua Geraldo dos Reis, 85",Faisqueira,37555-202,(35) 31123745,crasnordeste@yahoo.com.br,,cras,MDS/SAGI/CadSUAS (extração 28/06/2026)
Pouso Alegre,CRAS Sudeste (Pouso Alegre),CRAS,"Avenida Ver. Antonio da Costa Rios, 861",São Geraldo,37558-059,(35) 31123824,crassg.pousoalegre@yahoo.com.br,,cras,MDS/SAGI/CadSUAS (extração 28/06/2026)
Pouso Alegre,CRAS Sudoeste (Pouso Alegre),CRAS,"Rua Ouro Fino, 62",Jardim Amazonas,37550-570,(35) 31123771,crassudoeste@hotmail.com,,cras,MDS/SAGI/CadSUAS (extração 28/06/2026)
Pouso Alegre,CRAS Sul (Pouso Alegre),CRAS,"Rua Hélio Jacy Gouveia Schiefler, 670",Jardim Aeroporto,37560-185,(35) 31123836,crassul@yahoo.com,,cras,MDS/SAGI/CadSUAS (extração 28/06/2026)
Pouso Alegre,CRAS Vereador Dr. Firmo da Motta Paes (Pouso Alegre),CRAS,"Avenida Camilo de Barros Laraia, 480",Cidade Jardim,37556-640,(35) 31123813,crascidadejardim.pa@hotmail.com,,cras,MDS/SAGI/CadSUAS (extração 28/06/2026)
Pouso Alto,CRAS Pouso Alto,CRAS,"Rua Haroldo Russano, 102",Centro,37468-000,(35) 33641227,cras@pousoalto.mg.gov.br,,cras,MDS/SAGI/CadSUAS (extração 28/06/2026)
Prados,CRAS Coqueiro (Prados),CRAS,Rua do Coqueiro,Zona Rural,36320-000,(08) 007112021,cras@prados.mg.gov.br,,cras,MDS/SAGI/CadSUAS (extração 28/06/2026)
Prados,CRAS Pinheiro Chagas (Prados),CRAS,"Rua Sebastião da Silva Velho, 3",Pinheiro Chagas,36320-000,(08) 007112021,cras@prados.mg.gov.br,,cras,MDS/SAGI/CadSUAS (extração 28/06/2026)
Prata,CRAS Silmone Lúcia da Silva Cardoso (Prata),CRAS,"Alameda Irmão Pedro Dias Neto, 140",Colina Park Boulevard,38140-000,(34) 34315537,craspratamg@hotmail.com,,cras,MDS/SAGI/CadSUAS (extração 28/06/2026)
Pratápolis,CRAS Pratápolis,CRAS,"Rua Mateus Martins Borges, 200",Novo Horizonte 2,37970-000,(35) 35331633,cras@pratapolis.mg.gov.br,,cras,MDS/SAGI/CadSUAS (extração 28/06/2026)
Pratinha,CRAS Pratinha,CRAS,"Avenida Francisco Machado Borges, 209",Zacarias Pereira,38960-000,(34) 36371488,social@pratinha.mg.gov.br,,cras,MDS/SAGI/CadSUAS (extração 28/06/2026)
Presidente Bernardes,CRAS Cacau Quintão (Presidente Bernardes),CRAS,"Avenida Caetano Moreira, 4",Praia,36475-000,(32) 35381394,cras@presidentebernardes.mg.gov.br,,cras,MDS/SAGI/CadSUAS (extração 28/06/2026)
Presidente Juscelino,CRAS Presidente Juscelino,CRAS,"Rua:Dr.Paulo Salvo, 70",Centro,39245-000,(38) 37241333,crasparauna@yahoo.com.br,,cras,MDS/SAGI/CadSUAS (extração 28/06/2026)
Presidente Kubitschek,CRAS Presidente Kubitschek,CRAS,"Rua Tiradentes, 61",Centro,39135-000,(38) 35451217,social@pk.mg.gov.br,,cras,MDS/SAGI/CadSUAS (extração 28/06/2026)
Presidente Olegário,CRAS Presidente Olegário,CRAS,"Rua Catiara, 200",Planalto,38750-000,(34) 38110177,cras@po.mg.gov.br,,cras,MDS/SAGI/CadSUAS (extração 28/06/2026)
Prudente de Morais,CRAS Casa da Família (Prudente de Morais),CRAS,"Rua Prefeito João Dias Jeunnon, 48",Centro,35738-000,(31) 37110785,crasprudentedemorais@yahoo.com.br,,cras,MDS/SAGI/CadSUAS (extração 28/06/2026)
Quartel Geral,CRAS Prefeito Tiago Caetano de Araujo (Quartel Geral),CRAS,"Rua João Alves Bernardino, 326",Centro,35625-000,(37) 35431127,cras@quartelgeral.mg.gov.br,,cras,MDS/SAGI/CadSUAS (extração 28/06/2026)
Queluzito,"CRAS ""Prefeito Paschoal Fausto Valle"" (Queluzito)",CRAS,"Rua Francisco Osvaldo de Albuquerque, 225",Leozina Albuquerque,36424-000,(31) 38060026,cras@queluzito.mg.gov.br,,cras,MDS/SAGI/CadSUAS (extração 28/06/2026)
Raposos,CRAS Angelina Bellomo de Oliveira (Raposos),CRAS,"Rua Marajó, 92",Morro das Bicas,34400-000,(31) 35433680,crasraposos@yahoo.com.br,,cras,MDS/SAGI/CadSUAS (extração 28/06/2026)
Raul Soares,CRAS Dos Distritos (Raul Soares),CRAS,"Rua José de Souza Lima, 56",Centro,35350-000,(33) 33515039,crassve2017@yahoo.com.br,,cras,MDS/SAGI/CadSUAS (extração 28/06/2026)
Raul Soares,CRAS Bom Jesus (Raul Soares),CRAS,"Rua Doutor Gerardo Grossi, 125",Centro,35350-000,(33) 33512012,crasbomjesus2020@gmail.com,,cras,MDS/SAGI/CadSUAS (extração 28/06/2026)
Raul Soares,CRAS Vila Barbosa (Raul Soares),CRAS,"Rua Manoel Máximo Barbosa, 142",Vila Barbosa,35350-000,(33) 33512378,crasvilabarbosa@gmail.com,,cras,MDS/SAGI/CadSUAS (extração 28/06/2026)
Recreio,CRAS Casa das Familias (Recreio),CRAS,Rua Júlio Martins,Botafogo,36740-000,(32) 34442585,smdsrecreio@gmail.com,,cras,MDS/SAGI/CadSUAS (extração 28/06/2026)
Reduto,CRAS Reduto,CRAS,"Avenida Pedro Cláudio Conrado, 12",Centro,36920-000,(33) 333784234,crasreduto2013@hotmail.com,,cras,MDS/SAGI/CadSUAS (extração 28/06/2026)
Resende Costa,CRAS Resende Costa,CRAS,"Rua Vereador Antônio Salomão, 60",Expedicionários,36340-000,(32) 33542520,assistenciasocial@resendecosta.mg.gov.br,,cras,MDS/SAGI/CadSUAS (extração 28/06/2026)
Resplendor,CRAS Resplendor,CRAS,"Avenida Getúlio Vargas, 37",Centro,35230-000,(33) 32633512,cras1.resplendor@gmail.com,,cras,MDS/SAGI/CadSUAS (extração 28/06/2026)
Ressaquinha,CRAS Acolhendo Familias (Ressaquinha),CRAS,"Praça Dom Pedro II, 10",Centro,36270-000,(32) 33411405,cras@ressaquinha.mg.gov.br,,cras,MDS/SAGI/CadSUAS (extração 28/06/2026)
Riachinho,CRAS Riachinho,CRAS,"Rua B, 51",Claristo Gontijo Ferreira,38640-000,(38) 36781496,acaosocial@riachinho.mg.gov.br,,cras,MDS/SAGI/CadSUAS (extração 28/06/2026)
Riacho dos Machados,"CRAS ""Casa da Família"" (Riacho dos Machados)",CRAS,"Rua Francisco Lopes Saraiva, 135",Riacho Novo,39529-000,(38) 997285820,socialriacho@yahoo.com.br,,cras,MDS/SAGI/CadSUAS (extração 28/06/2026)
Ribeirão das Neves,CRAS Alterosa (Ribeirão das Neves),CRAS,"Avenida Francisco Bento Rodrigues, 475",Alterosa,33821-235,(31) 36255034,cras.alterosa@ribeiraodasneves.mg.gov.br,,cras,MDS/SAGI/CadSUAS (extração 28/06/2026)
Ribeirão das Neves,CRAS Ceu das Artes (Ribeirão das Neves),CRAS,"Alameda dos Tucanos, 13",Jardim Colonial,33809-084,(31) 36275395,cras.ceudasartes@ribeiraodasneves.mg.gov.br,,cras,MDS/SAGI/CadSUAS (extração 28/06/2026)
Ribeirão das Neves,CRAS Jardim Dona Sinhá (Ribeirão das Neves),CRAS,"Rua José Inácio, 55",Areias,33920-010,(31) 995902984,cras.areias@ribeiraodasneves.mg.gov.br,,cras,MDS/SAGI/CadSUAS (extração 28/06/2026)
Ribeirão das Neves,CRAS Justinopolis (Ribeirão das Neves),CRAS,"Rua Maria Amélia, 201",Justinópolis,33900-760,(31) 36381659,cras.justinopolis@ribeiraodasneves.mg.gov.br,,cras,MDS/SAGI/CadSUAS (extração 28/06/2026)
Ribeirão das Neves,CRAS Luar (Ribeirão das Neves),CRAS,"Rua Corcovado, 6",Granjas Primavera,33940-060,(31) 34965104,cras.luar@ribeiraodasneves.mg.gov.br,,cras,MDS/SAGI/CadSUAS (extração 28/06/2026)
Ribeirão das Neves,CRAS Primavera (Ribeirão das Neves),CRAS,"Rua Conde Monte Cristo, 433",Flamengo,33933-170,(31) 36393069,cras.urca@ribeiraodasneves.mg.gov.br,,cras,MDS/SAGI/CadSUAS (extração 28/06/2026)
Ribeirão das Neves,CRAS San Genaro (Ribeirão das Neves),CRAS,"Rua Treze, 123",San Genaro,33825-300,(31) 36264059,cras.sangenaro@ribeiraodasneves.mg.gov.br,,cras,MDS/SAGI/CadSUAS (extração 28/06/2026)
Ribeirão das Neves,CRAS Sevilha (Ribeirão das Neves),CRAS,"Rua Maria das Neves Figueiredo Carlos, 200",Sevilha a,33855-230,(31) 36256700,cras.sevilha@ribeiraodasneves.mg.gov.br,,cras,MDS/SAGI/CadSUAS (extração 28/06/2026)
Ribeirão das Neves,CRAS Veneza (Ribeirão das Neves),CRAS,"Rua Alexandre França, 247",Veneza,33820-040,(31) 36262669,cras.veneza@ribeiraodasneves.mg.gov.br,,cras,MDS/SAGI/CadSUAS (extração 28/06/2026)
Ribeirão Vermelho,CRAS Esperança (Ribeirão Vermelho),CRAS,Rua Luciana Cunha s/n,Centro,37264-000,(35) 38671173,bemestar.rv@gmail.com,,cras,MDS/SAGI/CadSUAS (extração 28/06/2026)
Rio Acima,CRAS Jatobá (Rio Acima),CRAS,"Rua Dalila Gouveia Wanderley Costa, 894",Jatobá,34300-000,(31) 35451793,cras@prefeiturarioacima.mg.gov.br,,cras,MDS/SAGI/CadSUAS (extração 28/06/2026)
Rio Acima,CRAS Vila Duarte (Rio Acima),CRAS,"Rua Paulino Duarte, 120",Vila Duarte,34300-000,(31) 35452398,crasviladuarte@prefeiturarioacima.mg.gov.br,,cras,MDS/SAGI/CadSUAS (extração 28/06/2026)
Rio Casca,CRAS Rio Casca,CRAS,"Rua Capitao Pena, 38",Centro,35370-000,(31) 971191847,crasriocasca@gmail.com,,cras,MDS/SAGI/CadSUAS (extração 28/06/2026)
Rio do Prado,"CRAS ""casa das Famílias"" (Rio do Prado)",CRAS,"Rua João Fernandes, 101",Centro,39940-000,(33) 999101701,riodopradosmps@gmail.com,,cras,MDS/SAGI/CadSUAS (extração 28/06/2026)
Rio Doce,CRAS Rio Doce,CRAS,"Travessa Augusto Trindade, 64",Centro,35442-000,(31) 983880998,coordenadorcras@riodoce.mg.gov.br,,cras,MDS/SAGI/CadSUAS (extração 28/06/2026)
Rio Espera,CRAS Rio Espera,CRAS,"Rua Professor Carlos de Carvalho, 19",Centro,36460-000,(31) 37531499,secretariasocial@outlook.com.br,,cras,MDS/SAGI/CadSUAS (extração 28/06/2026)
Rio Manso,CRAS Rio Manso,CRAS,"Rua Astolfo Teixeira de Morais,, 57",Centro,35485-000,(31) 35731502,cras@riomanso.mg.gov.br,,cras,MDS/SAGI/CadSUAS (extração 28/06/2026)
Rio Novo,CRAS Carmelita Mello Ribeiro (Rio Novo),CRAS,"Rua Pereira da Silva, 33",Centro,36150-000,(32) 32742503,cras@rionovo.mg.gov.br,,cras,MDS/SAGI/CadSUAS (extração 28/06/2026)
Rio Paranaíba,CRAS Recanto das Familias (Rio Paranaíba),CRAS,"Rua Joaquim Rodrigues de Miranda, 65",Olhos Dagua,38810-000,(34) 38552113,crasrecandodasfamilias@hotmail.com,,cras,MDS/SAGI/CadSUAS (extração 28/06/2026)
Rio Pardo de Minas,CRAS Jardim (Rio Pardo de Minas),CRAS,"Rua Arlindo Dias Silveira, 165",Jardim Florestal,39530-000,(38) 91361824,crasjardimrp@gmail.com,,cras,MDS/SAGI/CadSUAS (extração 28/06/2026)
Rio Pardo de Minas,CRAS Rural (Rio Pardo de Minas),CRAS,"Rua Osório Batista, 52",Jardim Florestal,39530-000,(38) 38241824,assistenciasocial@riopardo.mg.gov.br,,cras,MDS/SAGI/CadSUAS (extração 28/06/2026)
Rio Piracicaba,CRAS Rio Piracicaba,CRAS,"Rua Orozimbo Gomes Figueiredo, 250",Córrego São Miguel,35940-000,(31) 38541058,crasriopi@yahoo.com.br,,cras,MDS/SAGI/CadSUAS (extração 28/06/2026)
Rio Pomba,CRAS Rio Pomba,CRAS,"Rua Messias Pereira Baia, 81",Prefeito Geraldo Homem de Faria,36180-000,(32) 34330034,socialriopomba@gmail.com,,cras,MDS/SAGI/CadSUAS (extração 28/06/2026)
Rio Preto,CRAS Professor Gerson Salles (Rio Preto),CRAS,"Rua Jose Fernandes Fagundes, 105",Atalaia,36130-000,(32) 985134591,cras@riopreto.mg.gov.br,,cras,MDS/SAGI/CadSUAS (extração 28/06/2026)
Rio Vermelho,CRAS Rio Vermelho,CRAS,"Rua João Antônio Carvalhais, 345",Centro,39170-000,(33) 34361576,cras.rv@hotmail.com,,cras,MDS/SAGI/CadSUAS (extração 28/06/2026)
Ritápolis,CRAS Gabirobinhas (Ritápolis),CRAS,Rua Miguel Arcanjo de Almeida,Cássia,36335-000,(32) 33012627,social@ritapolis.mg.gov.br,,cras,MDS/SAGI/CadSUAS (extração 28/06/2026)
Rochedo de Minas,CRAS Rochedo de Minas,CRAS,"Rua Antonio Augusto de Souza Lima, 138",Centro,36604-000,(32) 24210316,social@rochedodeminas.mg.gov.br,,cras,MDS/SAGI/CadSUAS (extração 28/06/2026)
Rodeiro,CRAS Rodeiro,CRAS,"Rua Armando de Almeida, 38",Rosário,36510-000,(32) 34350143,socialrodeiro@yahoo.com.br,,cras,MDS/SAGI/CadSUAS (extração 28/06/2026)
Romaria,CRAS Romaria,CRAS,"Rua jOSÉ DELFINO BORGES, 95",Centro,38520-000,(34) 38080023,assistenciasocial@romaria.mg.gov.br,,cras,MDS/SAGI/CadSUAS (extração 28/06/2026)
Rosário da Limeira,CRAS Geraldo Lucas de Freitas (Rosário da Limeira),CRAS,"Rua Antonio Fortunato Arena, 105",Vital,36878-000,(32) 37231414,assistenciasocial@rosariodalimeira.mg.gov.br,,cras,MDS/SAGI/CadSUAS (extração 28/06/2026)
Rubelita,CRAS Rubelita,CRAS,"Praça Major Avelino de Almeida, 42",Centro,39565-000,(38) 38431161,crasrubelita@hotmail.com,,cras,MDS/SAGI/CadSUAS (extração 28/06/2026)
Rubim,CRAS Rubim,CRAS,"Rua Princesa Isabel, 603",Ipê,39950-000,(33) 37461264,cras@rubim.mg.gov.br,,cras,MDS/SAGI/CadSUAS (extração 28/06/2026)
Sabará,CRAS Fátima (Sabará),CRAS,"Rua Monte Carmelo, 421",Nossa Senhora de Fátima,34600-640,(31) 36732183,cras.fatima@sabara.mg.gov.br,,cras,MDS/SAGI/CadSUAS (extração 28/06/2026)
Sabará,CRAS Alvorada (Sabará),CRAS,"Rua Campanha, 55",Alvorada,34700-040,(31) 34852972,cras.alvorada@sabara.mg.gov.br,,cras,MDS/SAGI/CadSUAS (extração 28/06/2026)
Sabará,CRAS Borba Gato (Sabará),CRAS,"Rua Adair Siqueira de Queiroz, 8",Borba Gato,34730-030,(31) 36916402,cras.borbagato@sabara.mg.gov.br,,cras,MDS/SAGI/CadSUAS (extração 28/06/2026)
Sabará,CRAS Castanheiras (Sabará),CRAS,"Rua Catarina de Freitas, 210",Castanheiras,34589-035,(31) 36714572,cras.castanheiras@sabara.mg.gov.br,,cras,MDS/SAGI/CadSUAS (extração 28/06/2026)
Sabará,CRAS Centro (Sabará),CRAS,"Rua Comendador Vianna, 139",Centro,34505-340,(31) 36714402,cras.centro@sabara.mg.gov.br,,cras,MDS/SAGI/CadSUAS (extração 28/06/2026)
Sabará,CRAS Estação Cidadania (Sabará),CRAS,"Rua Amazonas, 15",Vila Rica,34580-600,(31) 36751438,cras.estacaocidadania@sabara.mg.gov.br,,cras,MDS/SAGI/CadSUAS (extração 28/06/2026)
Sabará,CRAS General Carneiro (Sabará),CRAS,"Rua Heliodora, 256",N. Sra. da Conceição,34585-030,(31) 36729046,cras.generalcarneiro@sabara.mg.gov.br,,cras,MDS/SAGI/CadSUAS (extração 28/06/2026)
Sabará,CRAS Ravena (Sabará),CRAS,"Largo do Rosário, 164",Ravena,34740-000,(31) 36723649,cras.ravena@sabara.mg.gov.br,,cras,MDS/SAGI/CadSUAS (extração 28/06/2026)
Sabará,CRAS Roça Grande (Sabará),CRAS,"AV. Dr. Henrique de Melo, 245",Santo Antonio Roça Grande,34535-230,(31) 36745496,cras.rocagrande@sabara.mg.gov.br,,cras,MDS/SAGI/CadSUAS (extração 28/06/2026)
Sabinópolis,CRAS Carlos Muniz (Sabinópolis),CRAS,"Avenida São Sebastião, 785",Centro,39750-000,(33) 99534309,cras@sabinopolis.mg.gov.br,,cras,MDS/SAGI/CadSUAS (extração 28/06/2026)
Sacramento,CRAS Joao Xxiii (Sacramento),CRAS,"Rua Ribeiro Torquato da Silva, 250",Novo Alvorecer,38190-000,(34) 33514757,cras@sacramento.mg.gov.br,,cras,MDS/SAGI/CadSUAS (extração 28/06/2026)
Salinas,CRAS Casa das Familias (Salinas),CRAS,"Rua Basilio Santiago, 247",São Pedro,39560-000,(38) 38411161,crascasadasfamilias@salinas.mg.gov.br,,cras,MDS/SAGI/CadSUAS (extração 28/06/2026)
Salinas,CRAS Familias em Ação (Salinas),CRAS,"Rua Aguas Formosas, 134",Casa Blanca,39560-000,(38) 38411442,crasfamiliasemacao@salinas.mg.gov.br,,cras,MDS/SAGI/CadSUAS (extração 28/06/2026)
Salto da Divisa,CRAS Salto da Divisa,CRAS,"Rua Araçuaí, 129",Cansanção,39925-000,(33) 988643778,cras.saltodadivisa@gmail.com,,cras,MDS/SAGI/CadSUAS (extração 28/06/2026)
Santa Bárbara,CRAS Santa Bárbara,CRAS,"Rua Costa Lacerda, 16",São Bernardo,35960-000,(31) 38321958,cras@santabarbara.mg.gov.br,,cras,MDS/SAGI/CadSUAS (extração 28/06/2026)
Santa Bárbara do Leste,CRAS Casa da Família (Santa Bárbara do Leste),CRAS,"Rua São Vicente, 227",Centro,35328-000,(33) 33261409,crasdesantabarbaradoleste@hotmail.com,,cras,MDS/SAGI/CadSUAS (extração 28/06/2026)
Santa Bárbara do Monte Verde,CRAS José Geraldo Duque (Santa Bárbara do Monte Verde),CRAS,"Rua Geraldo Magela de Paiva, 40",São Cristovão,36132-000,(32) 32838398,crassbmv@gmail.com,,cras,MDS/SAGI/CadSUAS (extração 28/06/2026)
Santa Bárbara do Tugúrio,CRAS Santa Bárbara do Tugúrio,CRAS,"Rua São Luiz, 5",Sagrado Coração de Jesus,36215-000,(32) 33651326,assistenciasocial@santabarbaradotugurio.mg.gov.br,,cras,MDS/SAGI/CadSUAS (extração 28/06/2026)
Santa Cruz de Minas,CRAS Lourival Ramos (Santa Cruz de Minas),CRAS,"Rua São Paulo, 96",Centro,36328-000,(32) 33723869,crassantacruzdeminas@yahoo.com.br,,cras,MDS/SAGI/CadSUAS (extração 28/06/2026)
Santa Cruz de Salinas,CRAS Santa Cruz de Salinas,CRAS,"Rua Euzebio Neres, 31",Centro,39563-000,(33) 37539028,assistenciasocial81@gmail.com,,cras,MDS/SAGI/CadSUAS (extração 28/06/2026)
Santa Cruz do Escalvado,CRAS Santa Cruz do Escalvado,CRAS,"Rua Padre Antonio Pinto, 59",Santo Antonio,34384-000,(31) 38831282,smas@santacruzdoescalvado.mg.gov.br,,cras,MDS/SAGI/CadSUAS (extração 28/06/2026)
Santa Efigênia de Minas,CRAS Santa Efigênia de Minas,CRAS,"Rua Rosa de Saron, 29",Centro,39725-000,(33) 988411214,crassantaefigenia48@gmail.com,,cras,MDS/SAGI/CadSUAS (extração 28/06/2026)
Santa Fé de Minas,CRAS Santa Fé de Minas,CRAS,"Rua Rui da Silva Reis, 324",Centro,39295-000,(38) 998283008,crasjoaobentodesouza@gmail.com,,cras,MDS/SAGI/CadSUAS (extração 28/06/2026)
Santa Helena de Minas,CRAS Santa Helena de Minas,CRAS,"Rua Sebastião da Rocha Sobrinho, 15",Planalto,39874-000,(33) 36269300,smassantahelena@gmail.com,,cras,MDS/SAGI/CadSUAS (extração 28/06/2026)
Santa Juliana,CRAS Caminho da Cidadania (Santa Juliana),CRAS,"Rua Homero Rodrigues Machado, 79",Centro,38175-000,(34) 33548000,social@santajuliana.mg.gov.br,,cras,MDS/SAGI/CadSUAS (extração 28/06/2026)
Santa Luzia,CRAS Bom Destino (Santa Luzia),CRAS,"Rua dos Ipês Brancos, 36",Bom Destino,33060-090,(31) 36912875,cras.bomdestino@santaluzia.mg.gov.br,,cras,MDS/SAGI/CadSUAS (extração 28/06/2026)
Santa Luzia,CRAS Curumim (Santa Luzia),CRAS,"Rua Lúcia Viana Paiva, 21",Cristina a,33145-190,(31) 36415313,politica.dsocial@santaluzia.mg.gov.br,,cras,MDS/SAGI/CadSUAS (extração 28/06/2026)
Santa Luzia,CRAS São Benedito (Santa Luzia),CRAS,"Avenida Brasilia, 560",São Benedito,33120-472,(31) 36363607,cras.cristina@santaluzia.mg.gov.br,,cras,MDS/SAGI/CadSUAS (extração 28/06/2026)
Santa Luzia,CRAS Sede (Santa Luzia),CRAS,"Rua Jose Silvino Teixeira de Melo, 200",São Geraldo,33010-260,(31) 36377890,cras.sede@santaluzia.mg.gov.br,,cras,MDS/SAGI/CadSUAS (extração 28/06/2026)
Santa Margarida,CRAS Santa Margarida,CRAS,Rua Silvino Barbosa,Centro,36913-000,(31) 38751752,crassantamargarida@gmail.com,,cras,MDS/SAGI/CadSUAS (extração 28/06/2026)
Santa Margarida,CRAS Jose Higino de Oliveira (Santa Margarida),CRAS,"Rua Cesário Bento Pereira, 56",São Domingos,36915-000,(31) 38752197,crasribeiraodesaodomingos@gmail.com,,cras,MDS/SAGI/CadSUAS (extração 28/06/2026)
Santa Maria de Itabira,CRAS Onofre Dias (Santa Maria de Itabira),CRAS,"Rua Nova Era, 45",Poção,35910-000,(31) 31913683,cras_smi@yahoo.com.br,,cras,MDS/SAGI/CadSUAS (extração 28/06/2026)
Santa Maria do Salto,CRAS Santa Maria do Salto,CRAS,"Rua José Dias Gonçalves, 92",Centro,39928-000,(33) 37271412,smscras@gmail.com,,cras,MDS/SAGI/CadSUAS (extração 28/06/2026)
Santa Maria do Suaçuí,CRAS Santa Maria do Suaçuí,CRAS,"avenida rodrigo lacerda, 117",Centro,39780-000,(33) 998776798,cras@smsuacui.mg.gov.br,,cras,MDS/SAGI/CadSUAS (extração 28/06/2026)
Santa Rita de Caldas,CRAS Santa Rita de Caldas,CRAS,"Praça 22 de Maio, 100",Centro,37775-000,(35) 37341043,crasprefeiturasrc@gmail.com,,cras,MDS/SAGI/CadSUAS (extração 28/06/2026)
Santa Rita de Jacutinga,CRAS Santa Rita de Jacutinga,CRAS,"Rua Padre Machado, 206",Centro,36135-000,(32) 32911778,social@srjacutinga.mg.gov.br,,cras,MDS/SAGI/CadSUAS (extração 28/06/2026)
Santa Rita de Minas,CRAS Casa da Família (Santa Rita de Minas),CRAS,"Rua Alvaro Correa de Faria, 80",Centro,35326-000,(33) 30381782,srmcras@outlook.com,,cras,MDS/SAGI/CadSUAS (extração 28/06/2026)
Santa Rita de Ibitipoca,CRAS Santa Rita de Ibitipoca,CRAS,"Rua Santa Cecilia, 15",Centro,36235-000,(32) 33421178,cras.santaritadeibitipoca@gmail.com,,cras,MDS/SAGI/CadSUAS (extração 28/06/2026)
Santa Rita do Itueto,CRAS Santa Rita do Itueto,CRAS,"Rua Hilarino Gomes, 205",Centro,35225-000,(33) 998411334,cras@santaritadoitueto.mg.gov.br,,cras,MDS/SAGI/CadSUAS (extração 28/06/2026)
Santa Rita do Sapucaí,CRAS Santa Rita (Santa Rita do Sapucaí),CRAS,"Rua Francisco Moreira da Costa, 183",Centro,37536-068,(35) 34711249,crassantarita@hotmail.com,,cras,MDS/SAGI/CadSUAS (extração 28/06/2026)
Santa Rosa da Serra,CRAS Familia Feliz (Santa Rosa da Serra),CRAS,"Rua Jose Ferreira de Souza, 120",Centro,38805-000,(34) 988620494,cras.santarosa@hotmail.com,,cras,MDS/SAGI/CadSUAS (extração 28/06/2026)
Santa Vitória,CRAS Geni Braga da Silva (Santa Vitória),CRAS,"Rua onze, 69",Dom Alexandre,38320-000,(34) 32510603,crasgenibragadasilva@santavitoria.mg.gov.br,,cras,MDS/SAGI/CadSUAS (extração 28/06/2026)
Santa Vitória,CRAS João Pinheiro da Silva (Santa Vitória),CRAS,"Avenida Brasil, 854",Vila Rica,38320-000,(34) 32518718,crasvilarica@santavitoria.mg.gov.br,,cras,MDS/SAGI/CadSUAS (extração 28/06/2026)
Santana da Vargem,CRAS Casa das Famílias (Santana da Vargem),CRAS,"Rua Leda Vas Tostes, 344",Centro,37195-000,(35) 38581424,cras@santanadavargem.mg.gov.br,,cras,MDS/SAGI/CadSUAS (extração 28/06/2026)
Santana de Cataguases,CRAS Santana de Cataguases,CRAS,"Rua Cristóvão de Abreu, 180",Centro,36795-000,(32) 34251479,crassantanadecataguases@gmail.com,,cras,MDS/SAGI/CadSUAS (extração 28/06/2026)
Santana de Pirapama,CRAS Casa da Família (Santana de Pirapama),CRAS,"Rua Jose Martins Braga, 183",Sao Sebastiao,35785-000,(31) 37171370,social@santanadepirapama.mg.gov.br,,cras,MDS/SAGI/CadSUAS (extração 28/06/2026)
Santana do Deserto,CRAS Santana do Deserto,CRAS,"Rua Benicio Chaves, 125",Centro,36620-000,(32) 31124046,assistenciasocial@santanadodeserto.mg.gov.br,,cras,MDS/SAGI/CadSUAS (extração 28/06/2026)
Santana do Garambéu,CRAS Santana do Garambéu,CRAS,"Rua Francisco Mendes, 102",Centro,36146-000,(32) 991050308,crasgarambeu@yahoo.com.br,,cras,MDS/SAGI/CadSUAS (extração 28/06/2026)
Santana do Jacaré,CRAS Santana do Jacaré,CRAS,"Rua Mandi, 12",Beira Rio,37278-000,(35) 38661303,crassantanadojacare@gmail.com,,cras,MDS/SAGI/CadSUAS (extração 28/06/2026)
Santana do Manhuaçu,CRAS Odete Baia (Santana do Manhuaçu),CRAS,"Praça Intendente José Domingos Pires, 161",Centro,36940-000,(33) 34630226,crassantana2021@gmail.com,,cras,MDS/SAGI/CadSUAS (extração 28/06/2026)
Santana do Paraíso,CRAS Santana do Paraíso,CRAS,"Rua Manoel Nero da Silva, 190",Industrial,35179-000,(31) 32517522,crast2@santanadoparaiso.mg.gov.br,,cras,MDS/SAGI/CadSUAS (extração 28/06/2026)
Santana do Paraíso,CRAS Santana do Paraíso - Josefino Anicio dos Reis,CRAS,"Avenida Minas Gerais, 584",Josefino Anicio dos Reis,35179-000,(31) 32517520,crast1@santanadoparaiso.mg.gov.br,,cras,MDS/SAGI/CadSUAS (extração 28/06/2026)
Santana do Riacho,CRAS Santana do Riacho,CRAS,"Praça Santo Antônio, 4",Centro,35845-000,(31) 37186104,cras@santanadoriacho.mg.gov.br,,cras,MDS/SAGI/CadSUAS (extração 28/06/2026)
Santana dos Montes,CRAS Santana dos Montes,CRAS,Rua Geraldo Pereira,São Joaquim,36430-000,(31) 37261127,cras@santanadosmontes.mg.gov.br,,cras,MDS/SAGI/CadSUAS (extração 28/06/2026)
Santo Antônio do Amparo,CRAS Casa das Famílias (Santo Antônio do Amparo),CRAS,"Avenida Santo Antônio, 261",Centro,37262-000,(35) 38632701,social@santoantoniodoamparo.mg.gov.br,,cras,MDS/SAGI/CadSUAS (extração 28/06/2026)
Santo Antônio do Aventureiro,CRAS Santo Antônio do Aventureiro,CRAS,"Rua Darcy Simplício Pacheco, 59",São Vicente,36670-000,(32) 32861293,cras@pmsaa.mg.gov.br,,cras,MDS/SAGI/CadSUAS (extração 28/06/2026)
Santo Antônio do Grama,CRAS Santo Antônio do Grama,CRAS,"Rua Santa Efigenia, 90",Centro,35388-000,(31) 38725060,crasgramasag@gmail.com,,cras,MDS/SAGI/CadSUAS (extração 28/06/2026)
Santo Antônio do Itambé,CRAS Santo Antônio do Itambé,CRAS,"Rua C, 47",Planalto,39160-000,(33) 34281429,crasitambe@yahoo.com.br,,cras,MDS/SAGI/CadSUAS (extração 28/06/2026)
Santo Antônio do Jacinto,CRAS Santo Antônio do Jacinto,CRAS,"Rua Beira Rio, 186",Centro,39935-000,(33) 988176035,crassaja2017@yahoo.com,,cras,MDS/SAGI/CadSUAS (extração 28/06/2026)
Santo Antônio do Monte,CRAS Dom Bosco (Santo Antônio do Monte),CRAS,"Rua DR. Alvaro Brandão, 103",Dom Bosco,35560-000,(37) 32813287,crasdombosco@samonte.mg.gov.br,,cras,MDS/SAGI/CadSUAS (extração 28/06/2026)
Santo Antônio do Monte,CRAS São José (Santo Antônio do Monte),CRAS,"Rua Xará Brasil, 400",São José,35560-000,(37) 32031205,crassaojose@samonte.mg.gov.br,,cras,MDS/SAGI/CadSUAS (extração 28/06/2026)
Santo Antônio do Retiro,CRAS Retiro (Santo Antônio do Retiro),CRAS,"Rua Anisio Pardinho, 255",Santos Reis,39538-000,(38) 38248212,cras@santoantoniodoretiro.mg.gov.br,,cras,MDS/SAGI/CadSUAS (extração 28/06/2026)
Santo Antônio do Rio Abaixo,CRAS Santo Antônio do Rio Abaixo,CRAS,"Rua Mestra Josefina Augusta dos Santos, 136",Centro,35880-000,(31) 82126340,social@santoantoniodorioabaixo.mg.gov.br,,cras,MDS/SAGI/CadSUAS (extração 28/06/2026)
Santo Hipólito,CRAS Santo Hipólito - Mg (Santo Hipólito),CRAS,"Rua Feliciano Sergio Fereira, 510",Planalto dos Coqueiros,39210-000,(38) 998934261,social@santohipolito.mg.gov.br,,cras,MDS/SAGI/CadSUAS (extração 28/06/2026)
Santos Dumont,CRAS Cesário Dulci (Santos Dumont),CRAS,"Rua Juscelino Kubitschek, 20",Glória,36242-148,(32) 39340656,cras.cd@santosdumont.mg.gov.br,,cras,MDS/SAGI/CadSUAS (extração 28/06/2026)
Santos Dumont,CRAS Edir Ramos de Faria (Santos Dumont),CRAS,"Rua Constantino Horta,, 2",Quarto Deposito,36246-320,(32) 39340604,cras.erf@santosdumont.mg.gov.br,,cras,MDS/SAGI/CadSUAS (extração 28/06/2026)
Santos Dumont,CRAS Helio Reis (Santos Dumont),CRAS,"Rua Dr Gustavo Luiz Abry, 495",Nossa Senhora Aparecida,36244-118,(32) 39340605,cras.hr@santosdumont.mg.gov.br,,cras,MDS/SAGI/CadSUAS (extração 28/06/2026)
São Bento Abade,CRAS São Bento Abade,CRAS,"Rua Delcides Ferreira, 317",Centro,37414-000,(35) 32361175,cras@saobentoabade.mg.gov.br,,cras,MDS/SAGI/CadSUAS (extração 28/06/2026)
São Brás do Suaçuí,CRAS Alto dos Alecrins (São Brás do Suaçuí),CRAS,"Rua Dona Maria Joana, 91",Alto dos Alecrins,35495-000,(31) 37381566,social@saobrasdosuacui.mg.gov.br,,cras,MDS/SAGI/CadSUAS (extração 28/06/2026)
São Domingos das Dores,CRAS São Domingos das Dores,CRAS,"Avenida João Barbosa dos Santos, 450",Centro,35335-000,(33) 998433895,crassdd@hotmail.com,,cras,MDS/SAGI/CadSUAS (extração 28/06/2026)
São Domingos do Prata,CRAS Casa da Família (São Domingos do Prata),CRAS,"Rua Gabriel Passos, 139",Centro,35995-000,(31) 38561579,crassdp@yahoo.com.br,,cras,MDS/SAGI/CadSUAS (extração 28/06/2026)
São Félix de Minas,CRAS São Félix de Minas,CRAS,"Rua Antero Jose Dias, 5",Centro,35275-000,(33) 32469075,cras@saofelixdeminas.mg.gov.br,,cras,MDS/SAGI/CadSUAS (extração 28/06/2026)
São Francisco,CRAS Aparecida (São Francisco),CRAS,"Rua Lucas Nascimento, 2260",Santo Antônio,39300-000,(38) 992310111,cras.00535@saofrancisco.mg.gov.br,,cras,MDS/SAGI/CadSUAS (extração 28/06/2026)
São Francisco,CRAS Sagrada Família (São Francisco),CRAS,"Rua Padre Peixoto, 1059",Sagrada Família,39300-000,(38) 992310113,cras.sagradafamilia@gmail.com,,cras,MDS/SAGI/CadSUAS (extração 28/06/2026)
São Francisco,CRAS Vila Vicentina (São Francisco),CRAS,"Rua Antõnio Ortiga, 1509",Bandeirantes,39300-000,(38) 992310075,cras.20542@saofrancisco.mg.gov.br,,cras,MDS/SAGI/CadSUAS (extração 28/06/2026)
São Francisco de Paula,CRAS São Francisco de Paula,CRAS,"Praça Deputado Jose Aldo dos Santos, 10",Centro,35543-000,(37) 33321097,cras@saofranciscodepaula.mg.gov.br,,cras,MDS/SAGI/CadSUAS (extração 28/06/2026)
São Francisco de Sales,CRAS São Francisco de Sales,CRAS,"Avenida Quatro, 2425",Centro,38260-000,(34) 34131486,cras@saofranciscodesales.mg.gov.br,,cras,MDS/SAGI/CadSUAS (extração 28/06/2026)
São Francisco do Glória,CRAS Roselvina Ricardo Laviola - D.rosinha (São Francisco do Glória),CRAS,"Rua Astrogilda Maria do Carmo, 38",Pinheiro,36810-000,(32) 999712885,cras2013@hotmail.com,,cras,MDS/SAGI/CadSUAS (extração 28/06/2026)
São Geraldo,CRAS São Geraldo,CRAS,"Rua 21 de abril, 19",Centro,36530-000,(32) 35561215,angelstampini@gmail.com,,cras,MDS/SAGI/CadSUAS (extração 28/06/2026)
São Geraldo da Piedade,CRAS Agostinho Pedro da Silva (São Geraldo da Piedade),CRAS,"Praça Raul Soares, 140",Centro,39723-000,(33) 32381155,social@saogeraldodapiedade.mg.gov.br,,cras,MDS/SAGI/CadSUAS (extração 28/06/2026)
São Geraldo do Baixio,CRAS Casa da Familia (São Geraldo do Baixio),CRAS,"Rua jose olimpio, 6",Centro,35258-000,(33) 998687624,cras@saogeraldodobaixio.mg.gov.br,,cras,MDS/SAGI/CadSUAS (extração 28/06/2026)
São Gonçalo do Abaeté,CRAS São Gonçalo do Abaeté,CRAS,"Rua Doze de Junho, 250",Centro,38790-000,(38) 35631600,social@saogoncalodoabaete.mg.gov.br,,cras,MDS/SAGI/CadSUAS (extração 28/06/2026)
São Gonçalo do Pará,CRAS Edgard Nogueira da Silva (São Gonçalo do Pará),CRAS,"Rua Augusto Gomes, 176",Centro,35544-000,(37) 32341640,cras@saogoncalodopara.mg.gov.br,,cras,MDS/SAGI/CadSUAS (extração 28/06/2026)
São Gonçalo do Rio Abaixo,CRAS São Gonçalo do Rio Abaixo,CRAS,"Rua José Domingos, 56",Niteroi,35935-000,(31) 38201884,cras@saogoncalo.mg.gov.br,,cras,MDS/SAGI/CadSUAS (extração 28/06/2026)
São Gonçalo do Rio Preto,CRAS Rio Preto (São Gonçalo do Rio Preto),CRAS,"Rua Tininha Rocha, 182",Bom Jesus,39185-000,(38) 35461293,crasriopreto@hotmail.com,,cras,MDS/SAGI/CadSUAS (extração 28/06/2026)
São Gonçalo do Sapucaí,CRAS São Gonçalo do Sapucaí,CRAS,"Rua Ildefonso Inacio Ramos, 45",Centro,37490-000,(35) 32411434,social@saogoncalodosapucai.mg.gov.br,,cras,MDS/SAGI/CadSUAS (extração 28/06/2026)
São Gotardo,CRAS São Gotardo,CRAS,"Rua Tabelião Antônio Melgaço, 45",Centro,38800-000,(34) 36718293,crassg2018@gmail.com,,cras,MDS/SAGI/CadSUAS (extração 28/06/2026)
São Gotardo,CRAS Guarda dos Ferreiros (São Gotardo),CRAS,"Rua Ibiá, 237",Guarda dos Ferreiros,38800-000,(34) 36717117,crasguardadosferreiros@gmail.com,,cras,MDS/SAGI/CadSUAS (extração 28/06/2026)
São João Batista do Glória,CRAS Sebastião Antônio dos Santos (São João Batista do Glória),CRAS,"Rua Francisco Macedo, 30",Maria Rosa,37920-000,(35) 36490461,cras@gloria.mg.gov.br,,cras,MDS/SAGI/CadSUAS (extração 28/06/2026)
São João da Lagoa,CRAS Comunidade Lagoense (São João da Lagoa),CRAS,"Rua São Jeronimo, 160",Centro,39355-000,(38) 32288276,craslagoense@yahoo.com.br,,cras,MDS/SAGI/CadSUAS (extração 28/06/2026)
São João da Mata,CRAS São João da Mata,CRAS,"Rua Maria José de Paiva, 644",Centro,37568-000,(35) 998450944,assistenciasocial@saojoaodamata.mg.gov.br,,cras,MDS/SAGI/CadSUAS (extração 28/06/2026)
São João da Ponte,CRAS Familias Unidas (São João da Ponte),CRAS,"Rua 31 de dezembro, 244",Centro,39430-000,(38) 32341781,crassocialsjp@yahoo.com.br,,cras,MDS/SAGI/CadSUAS (extração 28/06/2026)
São João das Missões,CRAS Indigena Xakriabá (São João das Missões),CRAS,Outros Aldeia Sumaré I - Reserva Indigena Xacriaba,Zona Rural,39475-000,(38) 999863166,crassumare7@gmail.com,,cras,MDS/SAGI/CadSUAS (extração 28/06/2026)
São João das Missões,CRAS São João das Missões,CRAS,"Rua Bruna Luz, 21",Centro,39470-000,(41) 991370431,crassaojoaodasmissoes@gmail.com,,cras,MDS/SAGI/CadSUAS (extração 28/06/2026)
São João del Rei,CRAS Matosinhos (São João del Rei),CRAS,"Rua Herculano Veloso, 4",Matosinhos,36307-970,(08) 006781000,crasmatozinhos@gmail.com,,cras,MDS/SAGI/CadSUAS (extração 28/06/2026)
São João del Rei,CRAS Sr. dos Montes/São Geraldo (São João del Rei),CRAS,"Rua Bastista de Andrade, 81",São Geraldo,36300-374,(08) 006781000,crassenhordosmontes@saojoaodelrei.mg.gov.br,,cras,MDS/SAGI/CadSUAS (extração 28/06/2026)
São João del Rei,CRAS S.Sebastião da Vitória (Rural) (São João del Rei),CRAS,"Distrito José Lopes da Silva, 222",Distrito de São Sebastião da Vitória,36316-970,(08) 006781000,crasruralsjdr@gmail.com,,cras,MDS/SAGI/CadSUAS (extração 28/06/2026)
São João del Rei,CRAS Tijuco (São João del Rei),CRAS,"Rua São João, 37",Tijuco,36309-346,(32) 33731447,crastijuco@saojoaodelrei.mg.gov.br,,cras,MDS/SAGI/CadSUAS (extração 28/06/2026)
São João do Manhuaçu,CRAS Casa da Familia (São João do Manhuaçu),CRAS,"Rua Raimundo Mageste Vieira, 40",Centro,36918-000,(33) 33771244,cras.assistenciasjm@gmail.com,,cras,MDS/SAGI/CadSUAS (extração 28/06/2026)
São João do Manteninha,CRAS São João do Manteninha,CRAS,"Avenida Reginaldo Alves dos Santos, 580",Centro,35277-000,(33) 32421398,smassaojoao@hotmail.com,,cras,MDS/SAGI/CadSUAS (extração 28/06/2026)
São João do Oriente,CRAS São João do Oriente,CRAS,"Rua Dom Silvério, 188",Centro,35146-000,(33) 91077607,crasdeoriente@gmail.com,,cras,MDS/SAGI/CadSUAS (extração 28/06/2026)
São João do Pacuí,CRAS Maria de Lourdes Oliveira (São João do Pacuí),CRAS,"Rua Antonio Ramos Lafetá, 230",Cidade Nova,39365-000,(38) 32289120,cras@saojoaodopacui.mg.gov.br,,cras,MDS/SAGI/CadSUAS (extração 28/06/2026)
São João do Paraíso,CRAS São Joãozinho (São João do Paraíso),CRAS,"Rua Angelo Pinheiro de Carvalho, 791",São Joãozinho,39540-000,(38) 933001890,crassjp2020@hotmail.com,,cras,MDS/SAGI/CadSUAS (extração 28/06/2026)
São João do Paraíso,CRAS Taboleiro Alto (São João do Paraíso),CRAS,"Rua Irineu Mendes Moutinho, 134",Tabuleiro Alto,39540-000,(38) 933001898,crastabuleiroalto@gmail.com,,cras,MDS/SAGI/CadSUAS (extração 28/06/2026)
São João Evangelista,"CRAS Antônio Borges de Queiroz ""zinho Borges"" (São João Evangelista)",CRAS,"Rua Monsenhor Pinheiro, 279",Centro,39705-000,(33) 998694478,smas@sje.mg.gov.br,,cras,MDS/SAGI/CadSUAS (extração 28/06/2026)
São João Nepomuceno,CRAS São João Nepomuceno,CRAS,"Rua Expedicionário Garcia Lopes, 230",Centro,36680-000,(32) 32618589,social@sjnepomuceno.mg.gov.br,,cras,MDS/SAGI/CadSUAS (extração 28/06/2026)
São Joaquim de Bicas,CRAS Marques Industrial (São Joaquim de Bicas),CRAS,"Rua França, 380",Marques Industrial,32920-000,(31) 35482417,crasmarques@socialsjbicas.com.br,,cras,MDS/SAGI/CadSUAS (extração 28/06/2026)
São Joaquim de Bicas,CRAS Central (São Joaquim de Bicas),CRAS,"Avenida Maria do Carmo, 465",Tereza Cristina,32920-000,(31) 35482418,crascentral@socialsjbicas.com.br,,cras,MDS/SAGI/CadSUAS (extração 28/06/2026)
São Joaquim de Bicas,CRAS Nazaré (São Joaquim de Bicas),CRAS,"Rua 15.0, 173",Nazaré,32920-000,(31) 993580068,crasnazare@socialsjbicas.com.br,,cras,MDS/SAGI/CadSUAS (extração 28/06/2026)
São José da Barra,"CRAS ""Dr. Odilon dos Reis Maia"" (São José da Barra)",CRAS,"Rua Cândido Braga, 7",Centro,37945-000,(35) 992390123,cras@saojosedabarra.mg.gov.br,,cras,MDS/SAGI/CadSUAS (extração 28/06/2026)
São José da Lapa,CRAS Gessi Lopes Loureiro Chalita (São José da Lapa),CRAS,"Avenida Brasília, 799",Cachoeira,33350-000,(31) 20101175,cras.saojosedalapa@hotmail.com,,cras,MDS/SAGI/CadSUAS (extração 28/06/2026)
São José da Safira,CRAS José J. Oliveira (São José da Safira),CRAS,"Praça Cônego Lafayete, 3",Centro,39785-000,(33) 998740591,cras@saojosedasafira.mg.gov.br,,cras,MDS/SAGI/CadSUAS (extração 28/06/2026)
São José da Varginha,CRAS Sagrada Família (São José da Varginha),CRAS,"Praça Salvador Dali, 30",Centro,35694-000,(37) 32751074,cras@saojosedavarginha.mg.gov.br,,cras,MDS/SAGI/CadSUAS (extração 28/06/2026)
São José do Alegre,CRAS São José do Alegre,CRAS,"Rua Sebastião Lopes da Silva, 61",Centro,37510-000,(35) 36451676,crassaojosedoalegre@gmail.com,,cras,MDS/SAGI/CadSUAS (extração 28/06/2026)
São José do Divino,CRAS São José do Divino,CRAS,"Pça. Prefeito Jurandir José Duarte, 79",Centro,39848-000,(33) 88267950,assistencia.saojosedodivino@yahoo.com.br,,cras,MDS/SAGI/CadSUAS (extração 28/06/2026)
São José do Goiabal,CRAS São José do Goiabal,CRAS,"Rua Mário Rolla, 146",José Faustino,35986-000,(31) 38585719,crassjgoiabal@hotmail.com,,cras,MDS/SAGI/CadSUAS (extração 28/06/2026)
São José do Jacuri,CRAS São José do Jacuri,CRAS,"Rua c, 12",Novo Progresso,39707-000,(33) 34331314,crasjacuri@yahoo.com.br,,cras,MDS/SAGI/CadSUAS (extração 28/06/2026)
São José do Mantimento,CRAS São José do Mantimento,CRAS,"Rua Virgílio Gonçalves, 64",Centro,36990-000,(33) 997340484,assistenciasocialsjm21@gmail.com,,cras,MDS/SAGI/CadSUAS (extração 28/06/2026)
São Lourenço,CRAS São Lourenço,CRAS,"Rua Dr. Mello Viana, 355",Centro,37470-000,(35) 997166682,cras3@saolourenco.mg.gov.br,,cras,MDS/SAGI/CadSUAS (extração 28/06/2026)
São Lourenço,CRAS São Lourenço - Estação,CRAS,"Rua Heitor Modesto, 433",Estação,37470-000,(35) 999086425,cras@saolourenco.mg.gov.br,,cras,MDS/SAGI/CadSUAS (extração 28/06/2026)
São Miguel do Anta,CRAS Casa das Familias (São Miguel do Anta),CRAS,"Rua São José, 726",Centro,36590-000,(31) 38971458,cras.sma@yahoo.com,,cras,MDS/SAGI/CadSUAS (extração 28/06/2026)
São Pedro da União,CRAS São Pedro da União,CRAS,"Rua José Jorge, 11",Centro,37855-000,(35) 35541435,servicosocial@saopedrodauniao.mg.gov.br,,cras,MDS/SAGI/CadSUAS (extração 28/06/2026)
São Pedro do Suaçuí,CRAS Cléria Alves Carvalho (São Pedro do Suaçuí),CRAS,"Rua Vinte e Um, 221",Humaita,39784-000,(33) 988593735,assistenciasocial@saopedrodosuacui.mg.gov.br,,cras,MDS/SAGI/CadSUAS (extração 28/06/2026)
São Pedro dos Ferros,CRAS São Pedro dos Ferros,CRAS,Rua Afonso Lisbos,Lagoa Seca,35360-000,(33) 999949080,cras@saopedrodosferros.mg.gov.br,,cras,MDS/SAGI/CadSUAS (extração 28/06/2026)
São Romão,CRAS São Romão,CRAS,"Rua Antonia Guedes da Rocha, 689",Renascer,39290-000,(38) 998280105,crassr@hotmail.com,,cras,MDS/SAGI/CadSUAS (extração 28/06/2026)
São Roque de Minas,CRAS Casa das Famílias (São Roque de Minas),CRAS,"Avenida Prefeito Nilzo de Faria, 20",Maria Rodart,37928-000,(37) 999371391,assistencia_srminas@yahoo.com.br,,cras,MDS/SAGI/CadSUAS (extração 28/06/2026)
São Sebastião da Bela Vista,CRAS São Sebastião da Bela Vista,CRAS,"Rua Belo Horizonte, 275",Centro,37567-000,(35) 34531502,cras@saosebastiaodabelavista.mg.gov.br,,cras,MDS/SAGI/CadSUAS (extração 28/06/2026)
São Sebastião da Vargem Alegre,CRAS São Sebastião da Vargem Alegre,CRAS,"Rua Emílio Carlos de Almeida, 60",Centro,36793-000,(32) 999656916,cras@saosebastiaodavargemalegre.mg.gov.br,,cras,MDS/SAGI/CadSUAS (extração 28/06/2026)
São Sebastião do Anta,CRAS São Sebastião do Anta,CRAS,"Rua Francisco Arcanjo de Souza, 34",Centro,35334-000,(33) 33157277,socialssa@yahoo.com.br,,cras,MDS/SAGI/CadSUAS (extração 28/06/2026)
São Sebastião do Maranhão,CRAS José Pinheiro dos Santos (São Sebastião do Maranhão),CRAS,"Avenida Vital Alves de Oliveira, 120",Bairro Salvador,39795-000,(33) 984124237,crasmaranhao@yahoo.com.br,,cras,MDS/SAGI/CadSUAS (extração 28/06/2026)
São Sebastião do Oeste,CRAS Dona Zaia Araújo (São Sebastião do Oeste),CRAS,"Rua Presidente Kennedy, 252",Nossa Senhora Aparecida,35567-000,(37) 999549401,crasdonazaia.sso@gmail.com,,cras,MDS/SAGI/CadSUAS (extração 28/06/2026)
São Sebastião do Paraíso,CRAS 1 Ana Paula de Souza (São Sebastião do Paraíso),CRAS,"Avenida Wenceslau Braz, 685",Lagoinha,37950-000,(35) 35395203,cras1.smds@ssparaiso.mg.gov.br,,cras,MDS/SAGI/CadSUAS (extração 28/06/2026)
São Sebastião do Paraíso,CRAS 2 - Regina Célia Nunes (São Sebastião do Paraíso),CRAS,"Rua Francisco Pimenta de Padua Junior, 125",Santa Tereza,37950-000,(35) 35391076,cras2.smds@ssparaiso.mg.gov.br,,cras,MDS/SAGI/CadSUAS (extração 28/06/2026)
São Sebastião do Paraíso,CRAS 3 Ronaldo de Carvalho (São Sebastião do Paraíso),CRAS,"Rua dos Antunes, 756",Centro,37950-000,(35) 35315203,crasvolante.smds@sspraiso.mg.gov.br,,cras,MDS/SAGI/CadSUAS (extração 28/06/2026)
São Sebastião do Rio Preto,CRAS São Sebastião do Rio Preto,CRAS,"Praça Cônego Manoel Madureira, 67",Centro,35815-000,(31) 38675126,socialseba@yahoo.com.br,,cras,MDS/SAGI/CadSUAS (extração 28/06/2026)
São Sebastião do Rio Verde,CRAS Casa das Famílias (São Sebastião do Rio Verde),CRAS,"Praça Dr. André Sarmento, 202",Centro,37467-000,(35) 33651188,crasssrv@hotmail.com,,cras,MDS/SAGI/CadSUAS (extração 28/06/2026)
São Tiago,CRAS São Tiago,CRAS,"Rua Dom Viçoso, 180",Cerrado,36350-000,(32) 33762816,cras@saotiago.mg.gov.br,,cras,MDS/SAGI/CadSUAS (extração 28/06/2026)
São Tomás de Aquino,"CRAS ""Jairo de Lima"" (São Tomás de Aquino)",CRAS,"Rua Miguel Matins, 775",Centro,37960-000,(35) 35351222,cras@staquino.mg.gov.br,,cras,MDS/SAGI/CadSUAS (extração 28/06/2026)
São Tomé das Letras,CRAS Espaço Amigo (São Tomé das Letras),CRAS,"Rua Joaquim José Mendes Peixoto, 230",Centro,37408-000,(35) 998967365,coordenacaocrasstlespacoamigo@gmail.com,,cras,MDS/SAGI/CadSUAS (extração 28/06/2026)
São Vicente de Minas,CRAS São Vicente de Minas,CRAS,"Rua São Vicente de Paulo, 113",Tijuco,37370-000,(35) 33231114,cras@saovicentedeminas.mg.gov.br,,cras,MDS/SAGI/CadSUAS (extração 28/06/2026)
Sapucaí-Mirim,CRAS Casa das Familias Sapucai Mirim (Sapucaí-Mirim),CRAS,"Rua Jose Antonio da Silva, 75",Centro,37690-000,(35) 36551358,social@sapucaimirim.mg.gov.br,,cras,MDS/SAGI/CadSUAS (extração 28/06/2026)
Sardoá,CRAS Sardoá,CRAS,"Rua Vereador Joaquim Firmino, 308",Centro,39728-000,(33) 32961475,crassardoa2015@hotmail.com,,cras,MDS/SAGI/CadSUAS (extração 28/06/2026)
Sarzedo,CRAS Aliete Marvila Pereira (Sarzedo),CRAS,"Alameda Ipê Branco, 476",Masterville,32450-000,(31) 35777736,crasbenjamim.apoiomasterville@sarzedo.mg.gov.br,,cras,MDS/SAGI/CadSUAS (extração 28/06/2026)
Sarzedo,CRAS Anna Martins de Siqueira - Planalto (Sarzedo),CRAS,"Rua Rio Comprido, 526",Jardim Planalto,32450-000,(31) 35778403,crasanna.apoioplanalto@sarzedo.mg.gov.br,,cras,MDS/SAGI/CadSUAS (extração 28/06/2026)
Sarzedo,CRAS Benjamin Gomes da Silva (Sarzedo),CRAS,"Rua Wenceslau Braz, 399",Brasilia,32450-000,(31) 35777420,cras.benjamimgomes@sarzedo.mg.gov.br,,cras,MDS/SAGI/CadSUAS (extração 28/06/2026)
Sarzedo,CRAS Geralda Silveira Barbosa (Sarzedo),CRAS,"Rua Eloi Candido de Melo, 210",Centro,32450-000,(31) 35777729,cras.annamartins@sarzedo.mg.gov.br,,cras,MDS/SAGI/CadSUAS (extração 28/06/2026)
Sem-Peixe,CRAS Sem-Peixe,CRAS,"Rua Jose Antonio do Nascimento, 262",Centro,35441-000,(31) 38575235,social@sempeixe.mg.gov.br,,cras,MDS/SAGI/CadSUAS (extração 28/06/2026)
Senador Amaral,CRAS Casa das Famílias (Senador Amaral),CRAS,"Rua Idalina Carolina de Rezende, 100",Centro,37615-000,(35) 998406331,secretaria.assistenciasocial@senadoramaral.mg.gov.br,,cras,MDS/SAGI/CadSUAS (extração 28/06/2026)
Senador Cortes,CRAS Casa da Familia (Senador Cortes),CRAS,"Avenida Antonio de Souza Rabelo, 304",Centro,36650-000,(32) 32871367,assistenciasocial.cmas@gmail.com,,cras,MDS/SAGI/CadSUAS (extração 28/06/2026)
Senador Firmino,CRAS Senador Firmino,CRAS,"Rua Manoel Oliveira Fernandes, 30 Centro, 30",Centro,36540-000,(32) 35361195,crassenador@gmail.com,,cras,MDS/SAGI/CadSUAS (extração 28/06/2026)
Senador José Bento,CRAS Dona Catarina Floriano de Souza (Senador José Bento),CRAS,"Rua Adelia Madson, 65",Centro,37586-000,(35) 34261212,assenador@gmail.com,,cras,MDS/SAGI/CadSUAS (extração 28/06/2026)
Senador Modestino Gonçalves,CRAS Senador Modestino Gonçalves,CRAS,"Rua José Araújo da Conceição, 256",Centro,39190-000,(38) 998755273,pmsmgasocial@yahoo.com.br,,cras,MDS/SAGI/CadSUAS (extração 28/06/2026)
Senhora de Oliveira,CRAS Centro (Senhora de Oliveira),CRAS,"Rua Isabel Miranda, 29",Centro,36470-000,(31) 972640943,cras-senhoradeoliveira@hotmail.com,,cras,MDS/SAGI/CadSUAS (extração 28/06/2026)
Senhora do Porto,CRAS Senhora do Porto,CRAS,"Praça Monsenhor José Coelho, 28",Centro,39745-000,(33) 34241270,asocial@senhoradoporto.mg.gov.br,,cras,MDS/SAGI/CadSUAS (extração 28/06/2026)
Senhora dos Remédios,CRAS Casa das Familias (Senhora dos Remédios),CRAS,"Rua Paulo Ferreira de Souza, 86",Centro,36275-000,(32) 98362630,cras@senhoradosremedios.mg.gov.br,,cras,MDS/SAGI/CadSUAS (extração 28/06/2026)
Sericita,CRAS Francisco de Assis Reis (Sericita),CRAS,"Rua José Ângelo Filho, 201",Gomes Cardoso,35368-000,(31) 38755432,assistenciasocial@sericita.mg.gov.br,,cras,MDS/SAGI/CadSUAS (extração 28/06/2026)
Seritinga,CRAS Casa das Familias (Seritinga),CRAS,"Rua Joaquim Moreira, 35",Centro,37454-000,(35) 997704687,cras@seritinga.mg.gov.br,,cras,MDS/SAGI/CadSUAS (extração 28/06/2026)
Serra Azul de Minas,CRAS Serra Azul de Minas,CRAS,"Rua Santa Luzia, 60",Centro,39165-000,(38) 35471377,cras@serraazuldeminas.mg.gov.br,,cras,MDS/SAGI/CadSUAS (extração 28/06/2026)
Serra da Saudade,CRAS Amigo das Famílias (Serra da Saudade),CRAS,"Praça Ademar Ribeiro de Oliveira, 130",Centro,35617-000,(37) 35551112,asserrasaudade@yahoo.com.br,,cras,MDS/SAGI/CadSUAS (extração 28/06/2026)
Serra do Salitre,CRAS Serra do Salitre,CRAS,"Rua Gardenia, 1521",Parque Santo Antônio,38760-000,(34) 992134679,cras_serradosalitre@hotmail.com,,cras,MDS/SAGI/CadSUAS (extração 28/06/2026)
Serra dos Aimorés,CRAS /serra dos Aimores-mg (Serra dos Aimorés),CRAS,"Rua Rio Solimões, 369",Centro,39868-000,(33) 36251150,crasserra@hotmail.com,,cras,MDS/SAGI/CadSUAS (extração 28/06/2026)
Serrania,CRAS Serrania,CRAS,"Rua Alexandre Ferreira Neto, 216",Vila Progresso,37143-000,(35) 37880247,dmsocialserrania@gmail.com,,cras,MDS/SAGI/CadSUAS (extração 28/06/2026)
Serranópolis de Minas,CRAS Serranópolis de Minas,CRAS,"Rua Mario Pereira dos Santos, 171",Santa Cruz Ii,39518-000,(38) 998615573,crasserranopolis@yahoo.com.br,,cras,MDS/SAGI/CadSUAS (extração 28/06/2026)
Serranos,CRAS Amigo da Família (Serranos),CRAS,"Rua Guimarães Rosa, 78",Centro,37452-000,(35) 999167937,crasserranos@hotmail.com,,cras,MDS/SAGI/CadSUAS (extração 28/06/2026)
Serro,CRAS Centro Serro (MG) (Serro),CRAS,"Rua Santa Rita, 56",Centro,39150-000,(38) 35412630,crasserro@serro.mg.gov.br,,cras,MDS/SAGI/CadSUAS (extração 28/06/2026)
Sete Lagoas,CRAS I (Sete Lagoas),CRAS,"Avenida Dalton, 914",Jk,35702-184,(31) 37752146,cras1.assistenciasocial@setelagoas.mg.gov.br,,cras,MDS/SAGI/CadSUAS (extração 28/06/2026)
Sete Lagoas,CRAS Ii (Sete Lagoas),CRAS,"Rua Sandro Bruno Ferreira, 87",Bernardo Valadares,35702-363,(31) 37753293,assistenciacras2@gmail.com,,cras,MDS/SAGI/CadSUAS (extração 28/06/2026)
Sete Lagoas,CRAS Setor Iii (Sete Lagoas),CRAS,"Rua Ulisses Alberto Araújo, 317",Brasília,35702-013,(31) 37769304,cras3setelagoas@gmail.com,,cras,MDS/SAGI/CadSUAS (extração 28/06/2026)
Sete Lagoas,CRAS Setor Iv (Sete Lagoas),CRAS,"Rua Perdro Ferreira Lopes, 25",Ondina de Vasconcelos Oliveira,35703-385,(31) 37765869,cras4.setelagoas@gmail.com,,cras,MDS/SAGI/CadSUAS (extração 28/06/2026)
Setubinha,CRAS Setubinha,CRAS,"Rua Inácio Esteves Lima, 159",Centro,39688-000,(33) 988576764,cras@setubinha.mg.gov.br,,cras,MDS/SAGI/CadSUAS (extração 28/06/2026)
Silveirânia,CRAS Paif/cras (Silveirânia),CRAS,Rua Professora Francisca Xavier Cabrini Alves Ferreira,Centro,36185-000,(32) 35721179,assistenciasocial2@silveirania.mg.gov.br,,cras,MDS/SAGI/CadSUAS (extração 28/06/2026)
Silvianópolis,CRAS Silvianópolis,CRAS,Travessa Vicente Benedito Nogueira,Centro,37589-000,(35) 34511878,crassantana@yahoo.com.br,,cras,MDS/SAGI/CadSUAS (extração 28/06/2026)
Simão Pereira,CRAS Simão Pereira,CRAS,"Rua José Luiz, 383",Centro,36123-000,(32) 32721449,cras@simaopereira.mg.gov.br,,cras,MDS/SAGI/CadSUAS (extração 28/06/2026)
Simonésia,CRAS Simonésia,CRAS,"Rua Ardelino de Carvalho, 115",Centro,36930-000,(33) 080003359,acaosocialsimonesia@gmail.com,,cras,MDS/SAGI/CadSUAS (extração 28/06/2026)
Sobrália,CRAS Sobrália,CRAS,"Rua Francisco Pereira Neves, 73",Centro,35145-000,(33) 997056943,cras-sobralia@gmail.com,,cras,MDS/SAGI/CadSUAS (extração 28/06/2026)
Soledade de Minas,CRAS Soledade (Soledade de Minas),CRAS,"Rua Manoel Guimarães, 478",Centro,37478-000,(35) 997195715,cras@soledadedeminas.mg.gov.br,,cras,MDS/SAGI/CadSUAS (extração 28/06/2026)
Tabuleiro,CRAS Hebert de Souza (Tabuleiro),CRAS,"Rua Valerio Correa Netto, 101",Centro,36165-000,(32) 984250378,assistenciasocial@tabuleiro.mg.gov.br,,cras,MDS/SAGI/CadSUAS (extração 28/06/2026)
Taiobeiras,CRAS Centro (Taiobeiras),CRAS,"Rua Santos Dumont, 336",Centro,39550-000,(38) 38452178,crascentrotaio22@gmail.com,,cras,MDS/SAGI/CadSUAS (extração 28/06/2026)
Taiobeiras,CRAS Lagoa Grande (Taiobeiras),CRAS,Rua Principal,Comunidade Lagoa Grande,39550-000,(38) 38452279,pmtaiobeirasassistenciasocial@gmail.com,,cras,MDS/SAGI/CadSUAS (extração 28/06/2026)
Taiobeiras,CRAS Mirandopolis (Taiobeiras),CRAS,Praça Santos Menezes,Distrito de Mirandopolis,39550-000,(38) 38452279,pmtaiobeirasassistenciasocial@gmail.com,,cras,MDS/SAGI/CadSUAS (extração 28/06/2026)
Taiobeiras,CRAS Planalto (Taiobeiras),CRAS,"Rua Paraíba, 140",Planalto,39550-000,(38) 38452954,crasplanaltotaiobeiras@gmail.com,,cras,MDS/SAGI/CadSUAS (extração 28/06/2026)
Taparuba,CRAS Casa da Familia (Taparuba),CRAS,"Rua Adalberto de Lima, 160",Centro,36953-000,(33) 33148120,cras@taparuba.mg.gov.br,,cras,MDS/SAGI/CadSUAS (extração 28/06/2026)
Tapira,CRAS Tapira,CRAS,Avenida Geraldo Tomaz de Aquino,Centro,38189-000,(34) 31992881,cras@tapira.mg.gov.br,,cras,MDS/SAGI/CadSUAS (extração 28/06/2026)
Tapiraí,"CRAS Antônio Eustaquio de Carvalho Junior ""juninho do Chaguinha"" (Tapiraí)",CRAS,"Rua Vicente Jose Lucas, 70",Centro,38980-000,(37) 34231174,cras@tapirai.mg.gov.br,,cras,MDS/SAGI/CadSUAS (extração 28/06/2026)
Taquaraçu de Minas,CRAS Ana Augusta de Jesus (Taquaraçu de Minas),CRAS,"Rua Cândido Ventura, 309",Centro,33980-000,(31) 36841112,cras@taquaracudeminas.mg.gov.br,,cras,MDS/SAGI/CadSUAS (extração 28/06/2026)
Tarumirim,CRAS Tarumirim,CRAS,"Avenida Cunha, 129",Centro,35140-000,(33) 32331424,secastaru@hotmail.com,,cras,MDS/SAGI/CadSUAS (extração 28/06/2026)
Teixeiras,CRAS Casa das Familias (Teixeiras),CRAS,"Rua Santa Tereza, 315",Centro,36580-000,(31) 38951757,cras@teixeiras.mg.gov.br,,cras,MDS/SAGI/CadSUAS (extração 28/06/2026)
Teófilo Otoni,CRAS Nordeste (Teófilo Otoni),CRAS,"Rua Antonio Rodrigues da Penha Filho, 70",Matinha,39801-292,(33) 35365914,crasnordeste@teofilootoni.mg.gov.br,,cras,MDS/SAGI/CadSUAS (extração 28/06/2026)
Teófilo Otoni,CRAS Noroeste (Teófilo Otoni),CRAS,"Rua Antonio Ribeiro Ramos, 48",Bela Vista,39800-247,(33) 35365915,crasnoroestepmto@gmail.com,,cras,MDS/SAGI/CadSUAS (extração 28/06/2026)
Teófilo Otoni,CRAS Oeste (Teófilo Otoni),CRAS,"Rua Jose Cirino, 589",Palmeiras,39804-088,(33) 35365974,crasoeste23@gmail.com,,cras,MDS/SAGI/CadSUAS (extração 28/06/2026)
Teófilo Otoni,CRAS Sudeste (Teófilo Otoni),CRAS,"Avenida Luiz Boali, 1290",Manoel Pimenta,39802-047,(33) 35365837,crassudeste@teofilootoni.mg.gov.br,,cras,MDS/SAGI/CadSUAS (extração 28/06/2026)
Teófilo Otoni,CRAS Sul (Teófilo Otoni),CRAS,"Rua Ribeirão Preto, 120",Jardim São Paulo,39803-355,(33) 35365833,crassulteofilootoni2020@gmail.com,,cras,MDS/SAGI/CadSUAS (extração 28/06/2026)
Teófilo Otoni,CRAS Topázio (Teófilo Otoni),CRAS,"Rua José Hermógenes, 177",Centro,39807-000,(33) 35365956,cras.topazio@teofilootoni.mg.gov.br,,cras,MDS/SAGI/CadSUAS (extração 28/06/2026)
Timóteo,CRAS Territorio Leste (Timóteo),CRAS,"Avenida Pinheiros, 486",Limoeiro,35181-402,(31) 38477645,cras.leste.limoeiro@gmail.com,,cras,MDS/SAGI/CadSUAS (extração 28/06/2026)
Timóteo,CRAS Territorio Oeste (Timóteo),CRAS,"Rua Guajajaras, 30",Cachoeira do Vale,35184-012,(31) 38493734,crasoestetimoteomg@gmail.com,,cras,MDS/SAGI/CadSUAS (extração 28/06/2026)
Timóteo,CRAS Territorio Sudoeste (Timóteo),CRAS,"Rua São Paulo, 2001",Vale Verde,35183-051,(31) 38478121,cras.sudoeste.timoteo@gmail.com,,cras,MDS/SAGI/CadSUAS (extração 28/06/2026)
Timóteo,CRAS Territorio Sul (Timóteo),CRAS,"Avenida Acesita, 3150",São José,35182-132,(31) 38477641,timoteocrassul@yahoo.com,,cras,MDS/SAGI/CadSUAS (extração 28/06/2026)
Tiradentes,CRAS Espaço Cidadania (Tiradentes),CRAS,"Rua Chafariz, 10",Centro,36325-000,(32) 33551998,cras@tiradentes.mg.gov.br,,cras,MDS/SAGI/CadSUAS (extração 28/06/2026)
Tiros,CRAS Tiros,CRAS,"Av. José Ferreira Capetinga, 1254",Nossa Senhora do Rosario,38880-000,(34) 998102823,semas.tiros@hotmail.com,,cras,MDS/SAGI/CadSUAS (extração 28/06/2026)
Tocantins,CRAS Patrimônio (Tocantins),CRAS,"Rua Antônio Damázio, 999",Patrimônio,36512-000,(32) 35741774,craspatrimonio@gmail.com,,cras,MDS/SAGI/CadSUAS (extração 28/06/2026)
Tocos do Moji,CRAS Zilda Maria da Silva (Tocos do Moji),CRAS,"Rua Miguel da Veiga Lima, 100",Centro,37563-000,(35) 34456179,cras.tocosdomoji@yahoo.com.br,,cras,MDS/SAGI/CadSUAS (extração 28/06/2026)
Toledo,CRAS Madre Tereza de Calcutá (Toledo),CRAS,"Rua Guilherme Pereira de Lima, 220",Jardim Nova Toledo,37630-000,(35) 999484178,crastoledomg@gmail.com,,cras,MDS/SAGI/CadSUAS (extração 28/06/2026)
Tombos,CRAS Casa da Família (Tombos),CRAS,"Rua Major Luiz Bravo, 123",Quebra Copo,36844-000,(32) 37512340,social@prefeituratombos.mg.gov.br,,cras,MDS/SAGI/CadSUAS (extração 28/06/2026)
Três Corações,CRAS Três Corações,CRAS,"Rua Iracema, 75",Jardim Paraíso,37410-000,(35) 32343015,psb.sedeso@gmail.com,,cras,MDS/SAGI/CadSUAS (extração 28/06/2026)
Três Corações,CRAS Três Corações - Parque Jussara,CRAS,"Avenida Marcelo Fredolim Estermam, 258",Parque Jussara,37410-000,(35) 988219467,psb.sedeso@gmail.com,,cras,MDS/SAGI/CadSUAS (extração 28/06/2026)
Três Corações,CRAS Três Corações - Rio do Peixe,CRAS,"Rua José dos Santos, 90",Rio do Peixe,37410-000,(35) 36911098,psb.sedeso@gmail.com,,cras,MDS/SAGI/CadSUAS (extração 28/06/2026)
Três Marias,CRAS Regional Lago (Três Marias),CRAS,"Rua Das Orquídeas, 178",Novo Horizonte,39205-000,(38) 37548845,cras@tresmarias.mg.gov.br,,cras,MDS/SAGI/CadSUAS (extração 28/06/2026)
Três Pontas,CRAS Três Pontas,CRAS,"Rua Godofredo Rangel, 187",Vila Marilena,37188-046,(35) 997307215,cras1@trespontas.mg.gov.br,,cras,MDS/SAGI/CadSUAS (extração 28/06/2026)
Três Pontas,CRAS Três Pontas - Padre Vitor,CRAS,"Rua Dr. Carvalho de Mendonça, 383",Padre Vitor,37190-000,(35) 997422602,cras2@trespontas.mg.gov.br,,cras,MDS/SAGI/CadSUAS (extração 28/06/2026)
Tumiritinga,CRAS Casa da Familia (Tumiritinga),CRAS,"Rua Sao Paulo, 577",Centro,35125-000,(33) 988534322,assistenciasocialtumiritinga@gmail.com,,cras,MDS/SAGI/CadSUAS (extração 28/06/2026)
Tupaciguara,CRAS Tupaciguara,CRAS,Avenida Teodomiro Martins Prudente,Nova Esperança,38480-000,(34) 32816374,cras_novaesperanca@outlook.com,,cras,MDS/SAGI/CadSUAS (extração 28/06/2026)
Tupaciguara,CRAS Dalva Maria Lopes (Tupaciguara),CRAS,"Rua Santana, 28",Bom Sucesso,38480-000,(34) 32813367,tupaciguaracrasgestao2021@gmail.com,,cras,MDS/SAGI/CadSUAS (extração 28/06/2026)
Turmalina,CRAS Florescer Manga da Roda (Turmalina),CRAS,"Rua Belo Horizonte, 118",Manga da Roda,39660-000,(38) 991434043,crasflorescermangas@gmail.com,,cras,MDS/SAGI/CadSUAS (extração 28/06/2026)
Turmalina,CRAS Fortalecer Vila Nova (Turmalina),CRAS,"Rua Dos Esportes, 217",Vila Nova,39660-000,(38) 993300520,crasturmalina@yahoo.com.br,,cras,MDS/SAGI/CadSUAS (extração 28/06/2026)
Turvolândia,CRAS Prefeito Jesus Sebastião de Lima (Turvolândia),CRAS,"Rua João Olimpio Domingues, 180",Centro,37496-000,(35) 32421184,crasturvolandia@outlook.com,,cras,MDS/SAGI/CadSUAS (extração 28/06/2026)
Ubá,CRAS Agroceres (Ubá),CRAS,"Rua Adão Quintão, 260",Agroceres,36504-232,(32) 35418538,crasagroceres.coord@uba.mg.gov.br,,cras,MDS/SAGI/CadSUAS (extração 28/06/2026)
Ubá,CRAS Cohab (Ubá),CRAS,Rua Otacílio Coutinho,Cohab,36506-212,(32) 35418547,craspiresdaluz.coord@uba.mg.gov.br,,cras,MDS/SAGI/CadSUAS (extração 28/06/2026)
Ubá,CRAS São Domingos (Ubá),CRAS,"Rua Coronel Otaviano da Rocha, 945",São Domingos,36504-042,(32) 35418543,crassaodomingos.coord@uba.mg.gov.br,,cras,MDS/SAGI/CadSUAS (extração 28/06/2026)
Ubá,CRAS São João (Ubá),CRAS,"Rua Francisco da Costa Barros, 245",São João,36507-090,(32) 35418542,crassaojoao.coord@uba.mg.gov.br,,cras,MDS/SAGI/CadSUAS (extração 28/06/2026)
Ubá,CRAS Vila Casal (Ubá),CRAS,"Avenida Marechal Floriano Peixoto, 433",Vila Casal,36501-082,(32) 35418552,crasvilacasal.coord@uba.mg.gov.br,,cras,MDS/SAGI/CadSUAS (extração 28/06/2026)
Ubaí,CRAS Dona Alice Mendes Almeida (Ubaí),CRAS,"Rua Alfredo Veloso, 97",Macambira,39320-000,(38) 999269867,josymacena@yahoo.com.br,,cras,MDS/SAGI/CadSUAS (extração 28/06/2026)
Ubaporanga,CRAS Ubaporanga,CRAS,"Praça Joao Ribeiro, 133",Centro,35338-000,(33) 33231200,crasubaporanga99@gmail.com,,cras,MDS/SAGI/CadSUAS (extração 28/06/2026)
Uberaba,CRAS Dr. Décio Moreira (Uberaba),CRAS,"Avenida Guilherme Capucci, 65",Elza Amui,38082-257,(34) 33143037,crasdeciomoreira@gmail.com,,cras,MDS/SAGI/CadSUAS (extração 28/06/2026)
Uberaba,CRAS BOA VISTA - João Wagner Ribeiro (Uberaba),CRAS,"Rua Trinidad, 125",Boa Vista,38072-110,(34) 33135207,crasboavista4@gmail.com,,cras,MDS/SAGI/CadSUAS (extração 28/06/2026)
Uberaba,CRAS Eleusa Helena Resende - CRAS Abadia (Uberaba),CRAS,"Rua São Mateus, 544",Abadia,38026-170,(34) 33225737,crasabadiauberaba@gmail.com,,cras,MDS/SAGI/CadSUAS (extração 28/06/2026)
Uberaba,CRAS Luci Caxeta da Silva - PÓLO I (Uberaba),CRAS,"Avenida José Vallim de Mello, 2635",Chica Ferreira,38037-070,(34) 33161012,craspolo01@gmail.com,,cras,MDS/SAGI/CadSUAS (extração 28/06/2026)
Uberaba,CRAS Maria Aparecida da Silva - VILA PAULISTA (Uberaba),CRAS,"Rua Rodolfo Machado Borges, 299",Sao Benedito,38022-050,(34) 33167115,crasvilapaulista@gmail.com,,cras,MDS/SAGI/CadSUAS (extração 28/06/2026)
Uberaba,CRAS Morumbi -MARIA HELENA SILVA REIS (Uberaba),CRAS,"Rua Zaida Facure Dib, 280",Morumbi,38051-112,(34) 33110630,crasmorumbi.seds@gmail.com,,cras,MDS/SAGI/CadSUAS (extração 28/06/2026)
Uberaba,CRAS Suzana da Graça C. Maia Stamato Bérgamo - Tutunas (Uberaba),CRAS,"Avenida Orlando Luiz Vieira, 298",Recanto da Terra,38057-760,(34) 33156193,crastutunas@gmail.com,,cras,MDS/SAGI/CadSUAS (extração 28/06/2026)
Uberaba,CRAS Viviane Ribeiro Fontes - Girassois (Uberaba),CRAS,"Rua Otaviano Francisco Silva, 145",Girassois Iv,38048-344,(34) 33229578,crasgirassois.seds@gmail.com,,cras,MDS/SAGI/CadSUAS (extração 28/06/2026)
Uberaba,CRAS Ione Aparecida da Silva - RESIDENCIAL 2000 (Uberaba),CRAS,"Rua Lourival Pedro de Couto (antiga Av. K), 80",Residencial 2000,38038-364,(34) 33165864,crasioneapdasilva@gmail.com,,cras,MDS/SAGI/CadSUAS (extração 28/06/2026)
Uberlândia,CRAS Casa da Familia Morumbi (Uberlândia),CRAS,"Avenida Felipe Calixto Milken, 157",Morumbi,38407-225,(34) 32277503,gestaosuas@uberlandia.mg.gov.br,,cras,MDS/SAGI/CadSUAS (extração 28/06/2026)
Uberlândia,CRAS Casa da Familia Campo Alegre (Uberlândia),CRAS,"Avenida Cordilheira dos Andes, 1015",Campo Alegre,38410-354,(34) 32108383,gestaosuas@uberlandia.mg.gov.br,,cras,MDS/SAGI/CadSUAS (extração 28/06/2026)
Uberlândia,CRAS Casa da Familia Custodio Pereira (Uberlândia),CRAS,"Rua Luiz Vieira Tavares, 1199",Custodio Pereira,38405-260,(34) 32139326,gestaosuas@uberlandia.mg.gov.br,,cras,MDS/SAGI/CadSUAS (extração 28/06/2026)
Uberlândia,CRAS Casa da Familia Distrito de Tapuirama (Uberlândia),CRAS,"Avenida Jose Pedro Abalém, 1122",Distrito de Tapuirama,38439-600,(34) 32441424,gestaosuas@uberlandia.mg.gov.br,,cras,MDS/SAGI/CadSUAS (extração 28/06/2026)
Uberlândia,CRAS Casa da Familia Jardim Brasilia (Uberlândia),CRAS,"Rua Globo, 515",Jardim Brasilia,38401-416,(34) 32556066,crasjdbrasilia@uberlandia.mg.gov.br,,cras,MDS/SAGI/CadSUAS (extração 28/06/2026)
Uberlândia,CRAS Casa da Familia Jardim Celia (Uberlândia),CRAS,"Rua Dos Sininhos, 35",Jardim Celia,38413-653,(34) 32253459,gestaosuas@uberlandia.mg.gov.br,,cras,MDS/SAGI/CadSUAS (extração 28/06/2026)
Uberlândia,CRAS Casa da Familia Mansour (Uberlândia),CRAS,"Rua Rio Uaupes, 36",Mansour,38414-446,(34) 32102426,gestaosuas@uberlandia.mg.gov.br,,cras,MDS/SAGI/CadSUAS (extração 28/06/2026)
Uberlândia,CRAS Casa da Familia Marta Helena (Uberlândia),CRAS,"Rua Republica do Piratini, 234",Marta Helena,38402-028,(34) 32118619,gestaosuas@uberlandia.mg.gov.br,,cras,MDS/SAGI/CadSUAS (extração 28/06/2026)
Uberlândia,CRAS Casa da Familia Pequis (Uberlândia),CRAS,"Avenida Wilson Rodrigues da Silva, 940",Res. Pequis,38400-000,(34) 32157550,gestaosuas@uberlandia.mg.gov.br,,cras,MDS/SAGI/CadSUAS (extração 28/06/2026)
Uberlândia,CRAS Casa da Familia São Jorge (Uberlândia),CRAS,"Rua Angelo Cunha, 387",São Jorge,38410-206,(34) 32140976,gestaosuas@uberlandia.mg.gov.br,,cras,MDS/SAGI/CadSUAS (extração 28/06/2026)
Uberlândia,CRAS Casa da Familia Shopping Park (Uberlândia),CRAS,"Avenida Juvenília Mota Leite, 700",Shopping Park,38411-534,(34) 32552488,gestaosuas@uberlandia.mg.gov.br,,cras,MDS/SAGI/CadSUAS (extração 28/06/2026)
Uberlândia,CRAS Tocantins (Uberlândia),CRAS,"Rua Renato José Luiz90, 90",Tocantins,38400-000,(34) 32392578,gestaosuas@uberlandia.mg.gov.br,,cras,MDS/SAGI/CadSUAS (extração 28/06/2026)
Uberlândia,CRAS Canaa (Uberlândia),CRAS,"Rua Calisto Felipe Milken, 485",Canaã,38400-000,(34) 32392578,gestaosuas@uberlandia.mg.gov.br,,cras,MDS/SAGI/CadSUAS (extração 28/06/2026)
Umburatiba,CRAS Umburatiba,CRAS,"Rua Primeiro de Janeiro, 220",Área,39878-000,(33) 36281257,social.umburatiba@hotmail.com,,cras,MDS/SAGI/CadSUAS (extração 28/06/2026)
Unaí,CRAS Unaí,CRAS,"Rua Presidente Bernardes, 470",Cachoeira,38610-262,(38) 36770136,cras1unai@gmail.com,,cras,MDS/SAGI/CadSUAS (extração 28/06/2026)
Unaí,CRAS Unaí - Iuna,CRAS,"Avenida Frei Estevão, 500",Iuna,38616-568,(38) 36775090,cras2unaimg@gmail.com,,cras,MDS/SAGI/CadSUAS (extração 28/06/2026)
Unaí,CRAS Unaí - Mamoeiro,CRAS,"Rua Elson Gabriel de Paulo, 307",Mamoeiro,38621-666,(38) 36775540,cras3@prefeituraunai.mg.gov.br,,cras,MDS/SAGI/CadSUAS (extração 28/06/2026)
União de Minas,CRAS União de Minas,CRAS,"Avenida Nove, 800",Centro,38288-000,(34) 34561918,cras@uniaodeminas.mg.gov.br,,cras,MDS/SAGI/CadSUAS (extração 28/06/2026)
Uruana de Minas,CRAS Uruana de Minas,CRAS,"Rua Urucuia, 490",Centro,38630-000,(38) 36789090,CRASSOCIALURUANA@GMAIL.COM,,cras,MDS/SAGI/CadSUAS (extração 28/06/2026)
Urucânia,CRAS Urucânia,CRAS,Rua Padre Efraim Solano Rocha,Centro,35380-000,(31) 38761676,social@urucania.mg.gov.br,,cras,MDS/SAGI/CadSUAS (extração 28/06/2026)
Urucuia,CRAS Ercilia Gomes de Souza (Urucuia),CRAS,"Rua Alipia Gonçalves, 106",Centro,38649-000,(38) 36349246,social@urucuia.mg.gov.br,,cras,MDS/SAGI/CadSUAS (extração 28/06/2026)
Vargem Alegre,CRAS Vargem Alegre,CRAS,"Rua Sebastiao Machado dos Reis, 474",Centro,35199-000,(33) 33241303,crasvargemalegre2014@hotmail.com,,cras,MDS/SAGI/CadSUAS (extração 28/06/2026)
Vargem Bonita,CRAS Vargem Bonita,CRAS,"Avenida Rio de Janeiro, 427",Centro,37922-000,(37) 343710309,assistenciasocial@vargembonita.mg.gov.br,,cras,MDS/SAGI/CadSUAS (extração 28/06/2026)
Vargem Grande do Rio Pardo,CRAS Vargem Grande do Rio Pardo,CRAS,"Rua Joaquim de Assis, 68",Centro,39535-000,(38) 999435656,crasvg@yahoo.com.br,,cras,MDS/SAGI/CadSUAS (extração 28/06/2026)
Varginha,CRAS I (Varginha),CRAS,"Avenida Celina Ferreira Ottoni, 3001",Sion,37048-580,(35) 36902113,sehad@varginha.mg.gov.br,,cras,MDS/SAGI/CadSUAS (extração 28/06/2026)
Varginha,CRAS Ii (Varginha),CRAS,"Avenida Doutor Módena, 261",Nossa Senhora de Fátima,37010-190,(35) 36902737,sehad@varginha.mg.gov.br,,cras,MDS/SAGI/CadSUAS (extração 28/06/2026)
Varginha,CRAS Iii (Varginha),CRAS,"Rua São Lucas, 155",Urupes,37062-610,(35) 32125727,sehad@varginha.mg.gov.br,,cras,MDS/SAGI/CadSUAS (extração 28/06/2026)
Varginha,CRAS Iv (Varginha),CRAS,"Rua Lazarina Clara da Silva, 13",Jardim Estrela 1,37100-000,(35) 32231351,sehad@varginha.mg.gov.br,,cras,MDS/SAGI/CadSUAS (extração 28/06/2026)
Varginha,CRAS V (Varginha),CRAS,"Rua Geraldo Andrade Resende, 305",Novo Tempo,37045-264,(35) 36902316,sehad@varginha.mg.gov.br,,cras,MDS/SAGI/CadSUAS (extração 28/06/2026)
Varginha,CRAS Vi (Varginha),CRAS,"Rua Maria Cristiano Piva, 50",São Miguel Arcanjo,37005-100,(35) 36902324,sehad@varginha.mg.gov.br,,cras,MDS/SAGI/CadSUAS (extração 28/06/2026)
Varjão de Minas,CRAS Manoel Moreira da Silva (Varjão de Minas),CRAS,"Rua Vasco Ribeiro, 351",Centro,38794-000,(34) 999925168,crasvarjaom@gmail.com,,cras,MDS/SAGI/CadSUAS (extração 28/06/2026)
Várzea da Palma,CRAS Princesa (Várzea da Palma),CRAS,"Rua Jose Fernandes Pereira, 10",Centro,39260-000,(38) 37311078,crasprincesavzp@gmail.com,,cras,MDS/SAGI/CadSUAS (extração 28/06/2026)
Várzea da Palma,CRAS Serrinha (Várzea da Palma),CRAS,"Rua Ype, 217",Serrinha,39200-000,(38) 37313519,crasserinhavzp@gmail.com,,cras,MDS/SAGI/CadSUAS (extração 28/06/2026)
Varzelândia,CRAS Padre Jose Silveira (Varzelândia),CRAS,"Rua Humberto Gomes, 630",Centro,39450-000,(38) 32207017,coordenacaovarz@gmail.com,,cras,MDS/SAGI/CadSUAS (extração 28/06/2026)
Vazante,CRAS Vazante,CRAS,"Avenida Geraldo Campos, 700",Vazante Sul,38780-000,(34) 38139730,cras_vazante@hotmail.com,,cras,MDS/SAGI/CadSUAS (extração 28/06/2026)
Verdelândia,CRAS Verdelândia,CRAS,"Rua Sete de Setembro, 340",Cachoeirinha,39458-000,(38) 998331632,crasverdelandia@hotmail.com,,cras,MDS/SAGI/CadSUAS (extração 28/06/2026)
Veredinha,CRAS Liberdade (Veredinha),CRAS,"Avenida Liberdade, 46",Campo,39663-000,(38) 35279105,cras@veredinha.mg.gov.br,,cras,MDS/SAGI/CadSUAS (extração 28/06/2026)
Veríssimo,CRAS Pedro Italo da Silva (Veríssimo),CRAS,"Avenida Padre Julio De Razz, 501",Centro,38150-000,(34) 33045641,cras.verissimo.mg@gmail.com,,cras,MDS/SAGI/CadSUAS (extração 28/06/2026)
Vermelho Novo,CRAS Vermelho Novo,CRAS,"Rua Paulo Lopes, 106",Centro,35359-000,(33) 33518007,crasvn2021@gmail.com,,cras,MDS/SAGI/CadSUAS (extração 28/06/2026)
Vespasiano,CRAS Célvia (Vespasiano),CRAS,"Rua Santa Catarina, 250",Célvia,33200-616,(31) 36217871,crascelvia@vespasiano.mg.gov.br,,cras,MDS/SAGI/CadSUAS (extração 28/06/2026)
Vespasiano,CRAS Bernardo de Souza/Serra Dourada (Vespasiano),CRAS,"Av Serra dos Aimorés, 193",Serra Dourada,33202-546,(31) 995114578,crasbernardodesouza@vespasiano.mg.gov.br,,cras,MDS/SAGI/CadSUAS (extração 28/06/2026)
Vespasiano,CRAS Morro Alto (Vespasiano),CRAS,"Avenida Existente, 1425",Morro Alto,33203-090,(31) 36295468,crasmorroalto@vespasiano.mg.gov.br,,cras,MDS/SAGI/CadSUAS (extração 28/06/2026)
Viçosa,CRAS Norte (Viçosa),CRAS,"Rua Santana, 150",Centro,36570-009,(31) 38749367,crasnortevicosamg@yahoo.com.br,,cras,MDS/SAGI/CadSUAS (extração 28/06/2026)
Viçosa,CRAS Sul (Viçosa),CRAS,"Rua Ana Koester, 82",Centro,36570-127,(31) 38749356,crassulvicosa@gmail.com,,cras,MDS/SAGI/CadSUAS (extração 28/06/2026)
Vieiras,CRAS Vieiras,CRAS,"Rua Doutor Olavo Tostes, 56",Centro,36895-000,(32) 37551029,cras@vieiras.mg.gov.br,,cras,MDS/SAGI/CadSUAS (extração 28/06/2026)
Virgem da Lapa,CRAS Casa das Familias (Virgem da Lapa),CRAS,"Rua Bonfim, 116",Ponte,39630-000,(33) 37361378,assistenciasocial@virgemdalapa.mg.gov.br,,cras,MDS/SAGI/CadSUAS (extração 28/06/2026)
Virgínia,CRAS Virgínia,CRAS,"Rua Antonio da Costa Pinto, 257",Centro,37465-000,(35) 33731437,socialvirginia@yahoo.com.br,,cras,MDS/SAGI/CadSUAS (extração 28/06/2026)
Virginópolis,CRAS Casa da Familia (Virginópolis),CRAS,"Travessa Nove de Março, 29",Centro,39730-000,(33) 34162113,crasvgp@hotmail.com,,cras,MDS/SAGI/CadSUAS (extração 28/06/2026)
Virgolândia,CRAS Virgolândia,CRAS,"Rua Cônego João Avelino, 35",Centro,39715-000,(33) 32951181,socialvirgolandia@yahoo.com.br,,cras,MDS/SAGI/CadSUAS (extração 28/06/2026)
Visconde do Rio Branco,CRAS Casa das Familias (Visconde do Rio Branco),CRAS,"Rua Zumbi dos Palmares, 205",Barreiro,36520-000,(32) 35517963,cras@viscondedoriobranco.mg.gov.br,,cras,MDS/SAGI/CadSUAS (extração 28/06/2026)
Volta Grande,CRAS Casa das Familias (Volta Grande),CRAS,"Praça José Villela Pedras, 130",Centro,36720-000,(32) 34631426,cras-voltagrande@hotmail.com,,cras,MDS/SAGI/CadSUAS (extração 28/06/2026)
Wenceslau Braz,CRAS Wenceslau Braz,CRAS,"Praça Joaquim Francisco da Costa, 153",Centro,37512-000,(35) 999853064,social@wenceslaubraz.mg.gov.br,,cras,MDS/SAGI/CadSUAS (extração 28/06/2026)
Abaeté,CREAS Abaeté,CREAS,"Rua Frei Orlando, 281",Central,35620-000,(37) 35413379,creasabaete@hotmail.com,,creas,MDS/SAGI/CadSUAS (extração 28/06/2026)
Águas Formosas,CREAS Municipal de Águas Formosas (Águas Formosas),CREAS,"Rua Joaíma, 619",Centro,39880-000,(33) 998235233,pseaguasformosas@hotmail.com,,creas,MDS/SAGI/CadSUAS (extração 28/06/2026)
Aimorés,CREAS Aimorés,CREAS,"Rua Florisvaldo Dias de Oliveira, 2805",Igrejinha,35200-000,(33) 32671831,creas@aimores.mg.gov.br,,creas,MDS/SAGI/CadSUAS (extração 28/06/2026)
Além Paraíba,CREAS Além Paraíba,CREAS,"Rua Paulo Vieira de Carvalho, 20",Ilha do Lazareto,36660-000,(32) 34665150,creas@alemparaiba.mg.gov.br,,creas,MDS/SAGI/CadSUAS (extração 28/06/2026)
Alfenas,CREAS Alfenas,CREAS,"Rua Governador Valadares, 166",Centro,37130-000,(35) 32921822,creas@alfenas.mg.gov.br,,creas,MDS/SAGI/CadSUAS (extração 28/06/2026)
Almenara,CREAS Almenara,CREAS,"Rua João Soares Lisboa, 95",Centro,39900-000,(33) 9862-6470,creasalmenara@gmail.com,,creas,MDS/SAGI/CadSUAS (extração 28/06/2026)
Alpercata,CREAS Alpercata,CREAS,"Rua João Massariol, 55",Vila Eugênio Franklin,35138-000,(33) 32361876,creas@alpercata.mg.gov.br,,creas,MDS/SAGI/CadSUAS (extração 28/06/2026)
Alpinópolis,CREAS Joel Cardoso da Cruz (Alpinópolis),CREAS,"Rua Belo Horizonte, 767",Centro,37940-000,(35) 97441677,creas@alpinopolis.mg.gov.br,,creas,MDS/SAGI/CadSUAS (extração 28/06/2026)
Alvarenga,CREAS Alvarenga,CREAS,"Rua Silvério Ribeiro Portes, 1",Centro,35249-000,(32) 998228518,creas@alvarenga.mg.gov.br,,creas,MDS/SAGI/CadSUAS (extração 28/06/2026)
Andradas,CREAS Ermelinda Scanavachi Longhi (Andradas),CREAS,"Rua Capitão Luiz Ruef de Camargo, 8",Vila Santa Cecilia,37795-000,(35) 37392598,creas.supervisao@andradas.mg.gov.br,,creas,MDS/SAGI/CadSUAS (extração 28/06/2026)
Angelândia,CREAS Angelândia,CREAS,"Rua Padre José Batista, 36",Planalto,39685-000,(33) 40421575,pse@hotmail.com,,creas,MDS/SAGI/CadSUAS (extração 28/06/2026)
Araçuaí,CREAS Araçuaí,CREAS,"Rua São Geraldo, 775",Planalto,39600-000,(33) 37311768,creas@aracuai.mg.gov.br,,creas,MDS/SAGI/CadSUAS (extração 28/06/2026)
Araguari,CREAS Araguari,CREAS,"Rua Jaime Gomes, 741",Centro,38440-244,(34) 998075878,creas.mulher.araguari@gmail.com,,creas,MDS/SAGI/CadSUAS (extração 28/06/2026)
Araguari,CREAS Araguari - Bosque,CREAS,"Rua Felício dos Santos, 411",Bosque,38440-270,(34) 984033669,creas-araguari@hotmail.com,,creas,MDS/SAGI/CadSUAS (extração 28/06/2026)
Araporã,CREAS Tereza Maria de Jesus (Araporã),CREAS,"Rua Antônio Franceschi, 70",Alvorada,38465-000,(34) 32841965,creas@arapora.mg.gov.br,,creas,MDS/SAGI/CadSUAS (extração 28/06/2026)
Araxá,CREAS Araxá,CREAS,"Rua Calimério Guimarães, 221",Centro,38180-000,(34) 36680592,creas@araxa.mg.gov.br,,creas,MDS/SAGI/CadSUAS (extração 28/06/2026)
Arcos,CREAS Arcos,CREAS,"Rua Messias Macedo, 818",Centro,35588-000,(37) 33514462,creas@arcos.mg.gov.br,,creas,MDS/SAGI/CadSUAS (extração 28/06/2026)
Aricanduva,CREAS Aricanduva,CREAS,"Praça da Matriz, 194",Centro,39678-000,(33) 999720983,creas@aricanduva.mg.gov.br,,creas,MDS/SAGI/CadSUAS (extração 28/06/2026)
Arinos,CREAS Arinos,CREAS,"Rua: João Rodrigues da Silva, 129",Centro,38680-000,(38) 36352584,creasarinos2017@gmail.com,,creas,MDS/SAGI/CadSUAS (extração 28/06/2026)
Astolfo Dutra,CREAS Astolfo Dutra,CREAS,"Rua Liberato Antônio da Cunha, 190",Nossa Senhora de Fátima,36780-000,(32) 34511830,creasad.22@gmail.com,,creas,MDS/SAGI/CadSUAS (extração 28/06/2026)
Bambuí,CREAS Bambuí,CREAS,"Rua Antero Tôrres, 215",Centro,38900-000,(37) 34310873,creas@bambui.mg.gov.br,,creas,MDS/SAGI/CadSUAS (extração 28/06/2026)
Barão de Cocais,CREAS D. Otilia Malta de Almeida (Barão de Cocais),CREAS,"Rua Joaquim do Carmo Gonçalves, 674",São Miguel,35970-000,(31) 38377612,creas@baraodecocais.mg.gov.br,,creas,MDS/SAGI/CadSUAS (extração 28/06/2026)
Barbacena,CREAS Barbacena,CREAS,"Rua Arthur Bernardes, 266",Centro,36200-066,(32) 33310287,creas@barbacena.mg.gov.br,,creas,MDS/SAGI/CadSUAS (extração 28/06/2026)
Barroso,CREAS Barroso,CREAS,"Rua Joaquim Meireles, 20",Centro,36212-000,(32) 33511383,creas@barroso.mg.gov.br,,creas,MDS/SAGI/CadSUAS (extração 28/06/2026)
Belo Horizonte,CREAS Barreiro (Belo Horizonte),CREAS,"Rua David Fonseca, 1147",Milionários,30620-230,(31) 32462070,creasb@pbh.gov.br,,creas,MDS/SAGI/CadSUAS (extração 28/06/2026)
Belo Horizonte,CREAS Centro-sul (Belo Horizonte),CREAS,"Rua Rio de Janeiro, 1187",Centro,30160-043,(31) 8270-4312,creascs@pbh.gov.br,,creas,MDS/SAGI/CadSUAS (extração 28/06/2026)
Belo Horizonte,CREAS Leste (Belo Horizonte),CREAS,"Rua Anhanguera, 79",Santa Tereza,31015-090,(31) 32771421,creasl@pbh.gov.br,,creas,MDS/SAGI/CadSUAS (extração 28/06/2026)
Belo Horizonte,CREAS Nordeste (Belo Horizonte),CREAS,"Rua Alberto Cintra, 71",União,31160-370,(31) 32467504,creasne@pbh.gov.br,,creas,MDS/SAGI/CadSUAS (extração 28/06/2026)
Belo Horizonte,CREAS Noroeste (Belo Horizonte),CREAS,"Rua Peçanha, 144",Carlos Prates,30710-040,(31) 32467016,creas-no@pbh.gov.br,,creas,MDS/SAGI/CadSUAS (extração 28/06/2026)
Belo Horizonte,CREAS Norte (Belo Horizonte),CREAS,"Rua Pastor Muryllo Cassete, 20",São Bernardo,31741-405,(31) 32777377,creasn@pbh.gov.br,,creas,MDS/SAGI/CadSUAS (extração 28/06/2026)
Belo Horizonte,CREAS Oeste (Belo Horizonte),CREAS,"Avenida Barão Homem de Melo, 282",Nova Suíça,30421-284,(31) 32776561,creaso@pbh.gov.br,,creas,MDS/SAGI/CadSUAS (extração 28/06/2026)
Belo Horizonte,CREAS Pampulha (Belo Horizonte),CREAS,"Avenida Presidente Antonio Carlos, 7596",São Luiz,31270-672,(31) 327771558,creasp@pbh.gov.br,,creas,MDS/SAGI/CadSUAS (extração 28/06/2026)
Belo Horizonte,CREAS Venda Nova (Belo Horizonte),CREAS,"Rua Padre Pedro Pinto, 1055",Venda Nova,31510-000,(31) 984799644,creasvn@pbh.gov.br,,creas,MDS/SAGI/CadSUAS (extração 28/06/2026)
Belo Oriente,CREAS Professor Jose Geraldo Rodrigues (Belo Oriente),CREAS,"Rua Primeiro de Março, 32",Villa Assis,35195-000,(31) 996835332,creas@belooriente.mg.gov.br,,creas,MDS/SAGI/CadSUAS (extração 28/06/2026)
Betim,CREAS I (Betim),CREAS,"Rua Santa Cruz, 17",Brasileia,32600-255,(31) 35939619,semas.creasi@betim.mg.gov.br,,creas,MDS/SAGI/CadSUAS (extração 28/06/2026)
Betim,CREAS Ii (Betim),CREAS,"Rua Quintino Bocaiuva, 95",Chacara,32670-332,(31) 35321182,semas.creas2@betim.mg.gov.br,,creas,MDS/SAGI/CadSUAS (extração 28/06/2026)
Bicas,CREAS Bicas,CREAS,Rua Dona Ana,Centro,36600-000,(32) 32711021,creas@bicas.mg.gov.br,,creas,MDS/SAGI/CadSUAS (extração 28/06/2026)
Biquinhas,CREAS Biquinhas,CREAS,"Rua Gustavo Capanema, 22",Centro,35621-000,(37) 35461153,creasbiquinhas@gmail.com,,creas,MDS/SAGI/CadSUAS (extração 28/06/2026)
Boa Esperança,"CREAS ""Paulo Rodrigues Paiva"" (Boa Esperança)",CREAS,"Rua Tonico Rodrigues, 380",Santa Terezinha,37170-000,(35) 22150100,creas@boaesperanca.mg.gov.br,,creas,MDS/SAGI/CadSUAS (extração 28/06/2026)
Bocaiúva,CREAS Bocaiúva,CREAS,"Rua Helio Carneiro, 56",Centro,39390-000,(38) 32515213,creasboc@gmail.com,,creas,MDS/SAGI/CadSUAS (extração 28/06/2026)
Bom Despacho,CREAS Bom Despacho,CREAS,"Rua Doutor Manoel Alves Pereira, 35",Centro,35630-032,(37) 35227782,creas@pmbd.mg.gov.br,,creas,MDS/SAGI/CadSUAS (extração 28/06/2026)
Bom Jesus do Galho,CREAS Bom Jesus do Galho,CREAS,"Rua Abrao Jose Simao, 70",Santa Terezinha,35340-000,(33) 988955952,smas.bjg@gmail.com,,creas,MDS/SAGI/CadSUAS (extração 28/06/2026)
Brasília de Minas,CREAS Brasília de Minas,CREAS,"Rua Juca Mendes, 120",Santa Rita,39330-000,(38) 32313025,creas@brasiliademinas.mg.gov.br,,creas,MDS/SAGI/CadSUAS (extração 28/06/2026)
Brumadinho,CREAS Brumadinho,CREAS,"Rua Luiz Aristides, 48",Estela Passos,32480-060,(31) 997609721,creas@brumadinho.mg.gov.br,,creas,MDS/SAGI/CadSUAS (extração 28/06/2026)
Buritis,CREAS Adolescer e Recomeçar (Buritis),CREAS,"Rua Belo Horizonte, 174",Centro,38660-000,(38) 36625247,creasadolescerburitis@gmail.com,,creas,MDS/SAGI/CadSUAS (extração 28/06/2026)
Buritis,CREAS Buritis,CREAS,"Avenida Nossa Senhora da Pena, 500",Taboquinha,38660-000,(38) 36625239,creas@buritis.mg.gov.br,,creas,MDS/SAGI/CadSUAS (extração 28/06/2026)
Buritizeiro,CREAS Buritizeiro,CREAS,"Rua Caio Martins, 310",Vila Maria,39280-000,(38) 37402269,creas@buritizeiro.mg.gov.br,,creas,MDS/SAGI/CadSUAS (extração 28/06/2026)
Cachoeira de Minas,CREAS Cachoeira de Minas,CREAS,"Rua Coronel Portugal, 96",Centro,37545-000,(35) 34721561,creas@cachoeirademinas.mg.gov.br,,creas,MDS/SAGI/CadSUAS (extração 28/06/2026)
Caeté,CREAS Caeté,CREAS,"Rua Beijamim de Oliveira, 21",Centro,34800-000,(31) 36516847,creascaete@gmail.com,,creas,MDS/SAGI/CadSUAS (extração 28/06/2026)
Caiana,CREAS Caiana,CREAS,"Rua Otaviano Joao da Silveira, 141",Centro,36832-000,(32) 31960023,creascaiana@gmail.com,,creas,MDS/SAGI/CadSUAS (extração 28/06/2026)
Camanducaia,CREAS Camanducaia,CREAS,"Praça Benjamim Guilherme de Macedo, 56",Centro,37650-000,(35) 34332996,ISABELLA.CREAS@CAMANDUCAIA.MG.GOV.BR,,creas,MDS/SAGI/CadSUAS (extração 28/06/2026)
Cambuí,CREAS Cambuí,CREAS,"Rua Capitão Soares, 803",Centro,37600-000,(35) 987074563,creas@prefeituradecambui.mg.gov.br,,creas,MDS/SAGI/CadSUAS (extração 28/06/2026)
Cambuquira,CREAS Equipe de Media e Alta Complexidade (Cambuquira),CREAS,"Avenida Alvares Cabral, 178",Regina Colei,37420-000,(35) 984779659,cras@cambuquira.mg.gov.br,,creas,MDS/SAGI/CadSUAS (extração 28/06/2026)
Campestre,CREAS Campestre,CREAS,"Av. Campestre, 275",Jardim Progresso,37730-000,(35) 37432771,creascampestremg@yahoo.com.br,,creas,MDS/SAGI/CadSUAS (extração 28/06/2026)
Campina Verde,CREAS Campina Verde,CREAS,"Rua Quatorze, 1380",Centro,38270-000,(34) 34121203,creas01@campinaverde.mg.gov.br,,creas,MDS/SAGI/CadSUAS (extração 28/06/2026)
Campo Belo,CREAS Campo Belo,CREAS,"Avenida Prefeito Wanderlei Luiz Maia, 570",Vila Senhor Bom Jesus,37270-000,(35) 38312006,creas@campobelo.mg.gov.br,,creas,MDS/SAGI/CadSUAS (extração 28/06/2026)
Campos Altos,CREAS Campos Altos,CREAS,"Rua Maria Rita Franco, 159",Centro,38970-000,(37) 34269174,creascamposaltos@hotmail.com,,creas,MDS/SAGI/CadSUAS (extração 28/06/2026)
Campos Gerais,CREAS Campos Gerais,CREAS,"Rua Men de Sá, 149",Vila Nova,37160-000,(35) 38532967,dascamposgerais@yahoo.com.br,,creas,MDS/SAGI/CadSUAS (extração 28/06/2026)
Canápolis,CREAS Canápolis,CREAS,"Rua Nove, 139",Centro,38380-000,(34) 32663556,creas.canapolis21@gmail.com,,creas,MDS/SAGI/CadSUAS (extração 28/06/2026)
Cantagalo,"CREAS ""ser"" Feliz (Cantagalo)",CREAS,"Rua Josafá Carvalho, 15",Centro,39703-000,(33) 999981594,assistenciasocial@cantagalo.mg.gov.br,,creas,MDS/SAGI/CadSUAS (extração 28/06/2026)
Capelinha,CREAS Capelinha,CREAS,"Rua Matilde de Souza, 40",Agua Santa,39681-126,(33) 35161334,creas.capelinha@hotmail.com,,creas,MDS/SAGI/CadSUAS (extração 28/06/2026)
Capitão Andrade,CREAS Capitão Andrade,CREAS,"Avenida Levindo Dias, 171",Centro,35123-000,(33) 998512677,creascapitaoandrade@gmail.com,,creas,MDS/SAGI/CadSUAS (extração 28/06/2026)
Capitão Enéas,CREAS Capitão Enéas,CREAS,"Avenida Alencastro Guimarães, 1126",Centro,39472-000,(38) 999005342,creas.capitaoeneas@gmail.com,,creas,MDS/SAGI/CadSUAS (extração 28/06/2026)
Caraí,CREAS Caraí,CREAS,"Rua Guilherme Ribeiro, 91",Centro,39810-000,(33) 99191670,creascarai@gmail.com,,creas,MDS/SAGI/CadSUAS (extração 28/06/2026)
Carandaí,CREAS Carandaí,CREAS,"Rua Ari Castilho, 375",Centro,36284-088,(32) 33613341,creas@carandai.mg.gov.br,,creas,MDS/SAGI/CadSUAS (extração 28/06/2026)
Carangola,CREAS Refazendo Laços (Carangola),CREAS,"Rua Barão de São Francisco, 170",Centro,36800-000,(32) 37411930,creas.carangola@yahoo.com.br,,creas,MDS/SAGI/CadSUAS (extração 28/06/2026)
Caratinga,CREAS Caratinga,CREAS,"Rua Princesa Isabel, 151",Centro,35300-000,(33) 33298098,creas@social.caratinga.mg.gov.br,,creas,MDS/SAGI/CadSUAS (extração 28/06/2026)
Carbonita,CREAS Carbonita,CREAS,Avenida Diamantina,Leites,39665-000,(38) 35261525,social@carbonita.mg.gov.br,,creas,MDS/SAGI/CadSUAS (extração 28/06/2026)
Carlos Chagas,CREAS Carlos Chagas,CREAS,"Rua Martins Prates, 84",Centro,39864-000,(33) 336241550,assistencia@carloschagas.mg.gov.br,,creas,MDS/SAGI/CadSUAS (extração 28/06/2026)
Carmo da Mata,CREAS Carmo da Mata,CREAS,"Rua Antonio Correia Vaz, 20",Centro,35547-000,(37) 33831320,ceaf.cmata@gmail.com,,creas,MDS/SAGI/CadSUAS (extração 28/06/2026)
Carmo do Cajuru,CREAS Carmo do Cajuru,CREAS,"Praça Presidente Getúlio Vargas, 6",Centro,35557-000,(37) 34290061,creas@carmodocajuru.mg.gov.br,,creas,MDS/SAGI/CadSUAS (extração 28/06/2026)
Carmo do Paranaíba,CREAS Carmo do Paranaíba,CREAS,"Alameda Norte/sul, 570",Morro Grande,38846-271,(34) 38510039,creas@carmodoparanaiba.mg.gov.br,,creas,MDS/SAGI/CadSUAS (extração 28/06/2026)
Carmo do Rio Claro,CREAS Carmo do Rio Claro,CREAS,"Rua Irmãs da Providencia, 81",Centro,37150-000,(35) 35612040,creas@carmodorioclaro.mg.gov.br,,creas,MDS/SAGI/CadSUAS (extração 28/06/2026)
Cássia,CREAS Sarah Lemos Silveira (Cássia),CREAS,"Avenida Idelfonso Del Bianco, 540",Jardim Planalto,37980-000,(35) 997216506,creascassia@cassia.mg.gov.br,,creas,MDS/SAGI/CadSUAS (extração 28/06/2026)
Cataguases,CREAS Cataguases,CREAS,"Avenida Astolfo Dutra, 751",Centro,36774-001,(32) 34213133,creascataguases@gmail.com,,creas,MDS/SAGI/CadSUAS (extração 28/06/2026)
Catuji,CREAS Catuji,CREAS,Avenida Emilia Lopes,Cidade Nova,39816-000,(33) 000000000,social@catuji.mg.gov.br,,creas,MDS/SAGI/CadSUAS (extração 28/06/2026)
Caxambu,CREAS Robson Esterque de Menezes (Caxambu),CREAS,"Avenida Barão do Rio Branco, s/n",Centro,37440-000,(35) 33410745,creas@caxambu.mg.gov.br,,creas,MDS/SAGI/CadSUAS (extração 28/06/2026)
Cedro do Abaeté,CREAS Cedro do Abaeté,CREAS,"Avenida Coronel Francisco Guimaraes, 8",Centro,35624-000,(37) 998433468,creas@cedrodoabaete.mg.gov.br,,creas,MDS/SAGI/CadSUAS (extração 28/06/2026)
Chapada Gaúcha,CREAS Chapada Gaúcha,CREAS,"Rua Idearte Alves de Souza, 525",Centro,38689-000,(38) 998981404,protecaoespecialcg@gmail.com,,creas,MDS/SAGI/CadSUAS (extração 28/06/2026)
Cláudio,CREAS Maria Rosária Prado Gregório (Cláudio),CREAS,"Rua Goias, 671",Rosário,35530-000,(37) 33811318,creas@claudio.mg.gov.br,,creas,MDS/SAGI/CadSUAS (extração 28/06/2026)
Conceição das Alagoas,"CREAS ""monica Maria Silva Sousa"" (Conceição das Alagoas)",CREAS,"Praça Jazinho Vieira de Souza, 70",Dr. Jose Borges de Sene,38120-000,(34) 33210605,protecaosocialespecial@conceicaodasalagoas.mg.gov.br,,creas,MDS/SAGI/CadSUAS (extração 28/06/2026)
Conceição do Mato Dentro,CREAS Conceição do Mato Dentro,CREAS,"Rua Dr.basilio Santiago, 86",Centro,35860-000,(31) 38681335,creas@cmd.mg.gov.br,,creas,MDS/SAGI/CadSUAS (extração 28/06/2026)
Conceição do Rio Verde,CREAS Conceição do Rio Verde,CREAS,"Avenida Prefeito Dilermando de Oliveira, 280",Centro,37430-000,(35) 920017643,creascrv2025@gmail.com,,creas,MDS/SAGI/CadSUAS (extração 28/06/2026)
Confins,CREAS Confins,CREAS,"Rua São José, 287",Centro,33500-000,(31) 36656528,creas@confins.mg.gov.br,,creas,MDS/SAGI/CadSUAS (extração 28/06/2026)
Congonhas,CREAS Congonhas,CREAS,"Rua José Pedro de Freitas, 132",Zé Arigó,36410-306,(31) 37320628,creas@congonhas.mg.gov.br,,creas,MDS/SAGI/CadSUAS (extração 28/06/2026)
Conselheiro Lafaiete,CREAS Conselheiro Lafaiete,CREAS,"Rua Barão de Suassuí, 359",Santa Efigênia,36400-130,(31) 37649805,creas@conselheirolafaiete.mg.gov.br,,creas,MDS/SAGI/CadSUAS (extração 28/06/2026)
Conselheiro Pena,CREAS Conselheiro Pena,CREAS,"Rua Antonio Aprígio, 709",Centro,35240-000,(33) 984008595,creasconselheiropena@hotmail.com,,creas,MDS/SAGI/CadSUAS (extração 28/06/2026)
Contagem,CREAS Contagem,CREAS,"Avenida José Faria da Rocha, 4687",Eldorado,32310-210,(31) 33525687,creas.eldorado@contagem.mg.gov.br,,creas,MDS/SAGI/CadSUAS (extração 28/06/2026)
Contagem,CREAS Contagem - Fonte Grande,CREAS,"Rua Benjamin Constant de Oliveira, 77",Fonte Grande,32013-560,(31) 33916472,creas.sedecontagem@gmail.com,,creas,MDS/SAGI/CadSUAS (extração 28/06/2026)
Contagem,CREAS Contagem - Retiro,CREAS,"Avenida Retiro dos Imigrantes, 680",Retiro,32050-710,(31) 33922830,coordenacaocreasvf@yahoo.com.br,,creas,MDS/SAGI/CadSUAS (extração 28/06/2026)
Contagem,CREAS Contagem - Arvoredo,CREAS,"Rua Magnólia, 100",Arvoredo,32113-170,(31) 39138018,creasressacanacional@gmail.com,,creas,MDS/SAGI/CadSUAS (extração 28/06/2026)
Coração de Jesus,CREAS Coração de Jesus,CREAS,"Rua Nozinho Prates, 1203",Sagrada Família,39340-000,(38) 32282124,ccreas@yahoo.com,,creas,MDS/SAGI/CadSUAS (extração 28/06/2026)
Cordisburgo,CREAS Cordisburgo,CREAS,"Rua Prefeito José Maquiné, 687",Centro,35780-000,(31) 37151387,assistenciasocial@cordisburgo.mg.gov.br,,creas,MDS/SAGI/CadSUAS (extração 28/06/2026)
Corinto,CREAS Corinto,CREAS,"Rua Coronel Ricardo Gregorio, 589",Centro,39200-000,(38) 999157860,creascorinto@gmail.com,,creas,MDS/SAGI/CadSUAS (extração 28/06/2026)
Coroaci,CREAS Coroaci,CREAS,"Rua Oscar Vieira, 80",Centro,39710-000,(33) 988560989,creas@coroaci.mg.gov.br,,creas,MDS/SAGI/CadSUAS (extração 28/06/2026)
Coromandel,CREAS Coromandel,CREAS,"Rua Egidio Machado, 1486",Vila Branca,38550-000,(34) 38411990,creas@coromandel.mg.gov.br,,creas,MDS/SAGI/CadSUAS (extração 28/06/2026)
Coronel Fabriciano,CREAS Coronel Fabriciano,CREAS,"Avenida Julita Pires Bretas, 20",Santa Helena,35170-026,(31) 34067399,creas@fabriciano.mg.gov.br,,creas,MDS/SAGI/CadSUAS (extração 28/06/2026)
Coronel Murta,CREAS José Rodrigues Sousa (Coronel Murta),CREAS,"Avenida Celso Murta, 222",Centro,39635-000,(33) 37351246,acaosocialcm@yahoo.com.br,,creas,MDS/SAGI/CadSUAS (extração 28/06/2026)
Crisólita,CREAS Crisólita,CREAS,"Praça José Quaresma da Costa, 8",Centro,39885-000,(33) 988372151,pse@crisolita.mg.gov.br,,creas,MDS/SAGI/CadSUAS (extração 28/06/2026)
Cristina,CREAS Cristina,CREAS,"Rua Governador Valadares, 12",Centro,37476-000,(35) 32811520,smaps@cristina.mg.gov.br,,creas,MDS/SAGI/CadSUAS (extração 28/06/2026)
Cruzília,CREAS Cruzília,CREAS,"Rua Professor Pedro Ferreira de Souza, 25",Centro,37445-000,(35) 991561243,creas@cruzilia.mg.gov.br,,creas,MDS/SAGI/CadSUAS (extração 28/06/2026)
Cuparaque,CREAS Cuparaque,CREAS,"Rua Joaquim Ribeiro de Castro, 106",Centro,35246-000,(33) 998784558,creascuparaue@gmail.com,,creas,MDS/SAGI/CadSUAS (extração 28/06/2026)
Curvelo,CREAS Curvelo,CREAS,"Rua Desembargador Barata, 100",Centro,35790-303,(38) 37228837,creascvo@yahoo.com.br,,creas,MDS/SAGI/CadSUAS (extração 28/06/2026)
Diamantina,CREAS Diamantina,CREAS,"Avenida Sílvio Felício dos Santos, 170",Largo Dom João,39100-000,(38) 998849260,creas@diamantina.mg.gov.br,,creas,MDS/SAGI/CadSUAS (extração 28/06/2026)
Divino,CREAS Antonio de Souza Viana (Divino),CREAS,"Rua Atratino Victor de Oliveira, 390",Givisiez,36820-000,(32) 37430624,creasdivino13@gmail.com,,creas,MDS/SAGI/CadSUAS (extração 28/06/2026)
Divino das Laranjeiras,CREAS Divino das Laranjeiras,CREAS,"Rua Euzebio Miranda, 133",Centro,35265-000,(33) 398232703,divinolaranjeiras@hotmail.com,,creas,MDS/SAGI/CadSUAS (extração 28/06/2026)
Divinópolis,CREAS Kassiane Rodrigues Maia (Divinópolis),CREAS,"Rua Sergipe, 1179",Centro,35500-000,(37) 32299790,creasdivinopolis@gmail.com,,creas,MDS/SAGI/CadSUAS (extração 28/06/2026)
Divisa Alegre,CREAS Divisa Alegre,CREAS,"Avenida Dona Teca, 598",Centro,39995-000,(33) 999864027,creasda2017@gmail.com,,creas,MDS/SAGI/CadSUAS (extração 28/06/2026)
Divisópolis,CREAS Divisópolis,CREAS,"Praça Pra Manfredo Ferreira de Souza, 210",Centro,39912-000,(33) 984159630,creas@divisopolis.mg.gov.br,,creas,MDS/SAGI/CadSUAS (extração 28/06/2026)
Dom Cavati,CREAS Dom Cavati,CREAS,"Rua Oswaldo Cruz, 134",Centro,35148-000,(33) 988275286,creas@domcavati.mg.gov.br,,creas,MDS/SAGI/CadSUAS (extração 28/06/2026)
Dom Joaquim,CREAS Dom Joaquim,CREAS,"Rua Bento de Almeida Costa, 116",Centro,35865-000,(31) 38661212,ASSISTENCIASOCIAL@DOMJOAQUIM.MG.GOV.BR,,creas,MDS/SAGI/CadSUAS (extração 28/06/2026)
Dores do Indaiá,CREAS Dores do Indaiá,CREAS,"Rua São Paulo, 279",Centro,35610-000,(37) 35516252,psedoresdoindaia@gmail.com,,creas,MDS/SAGI/CadSUAS (extração 28/06/2026)
Elói Mendes,CREAS Elói Mendes,CREAS,"Rua Benjamin Constant, 460",Centro,37110-000,(35) 32642614,creasadm@gmail.com,,creas,MDS/SAGI/CadSUAS (extração 28/06/2026)
Engenheiro Caldas,CREAS Engenheiro Caldas,CREAS,"Avenida Padre João Pina do Amaral, 384",Centro,35130-000,(33) 99160681,social@engenheirocaldas.mg.gov.br,,creas,MDS/SAGI/CadSUAS (extração 28/06/2026)
Engenheiro Navarro,CREAS Neli Terezinha Prates Silva (Engenheiro Navarro),CREAS,"Praça João Paulo Segundo, 106",Centro,39363-000,(38) 997222840,creas@engenheironavarro.mg.gov.br,,creas,MDS/SAGI/CadSUAS (extração 28/06/2026)
Entre Folhas,CREAS Entre Folhas,CREAS,"Avenida Paulo Guerra, 95",Barreira,35324-000,(33) 33246162,crasfolhas.mg@gmail.com,,creas,MDS/SAGI/CadSUAS (extração 28/06/2026)
Esmeraldas,CREAS Esmeraldas,CREAS,"Rua Francisco de Assis Vieira do Carmo, 180",Belvedere,32800-173,(31) 21186241,creasesmeraldas@yahoo.com.br,,creas,MDS/SAGI/CadSUAS (extração 28/06/2026)
Espera Feliz,CREAS Paulo Lopes Braga (Espera Feliz),CREAS,"Rua Ananias Rodrigues Ferreira, 105",Centro,36830-000,(32) 984863570,creasef19@gmail.com,,creas,MDS/SAGI/CadSUAS (extração 28/06/2026)
Espinosa,CREAS Panorama (Espinosa),CREAS,"Rua Verissimo Cruz, 371",Panorama,39510-000,(38) 992577997,creasespinosa@yahoo.com.br,,creas,MDS/SAGI/CadSUAS (extração 28/06/2026)
Estiva,CREAS Estiva,CREAS,"Rua Professora Daria Bueno, 320",Centro,37542-000,(35) 34621178,acaosocial@estiva.mg.gov.br,,creas,MDS/SAGI/CadSUAS (extração 28/06/2026)
Extrema,CREAS Extrema,CREAS,"Estrada Municipal Fazenda Fabiano, 139",Ponte Nova,37640-000,(35) 34356009,creas@extrema.mg.gov.br,,creas,MDS/SAGI/CadSUAS (extração 28/06/2026)
Felício dos Santos,CREAS Municipal Felício dos Santos (Felício dos Santos),CREAS,"Rua Antonio Jorge, 18",Centro,39180-000,(38) 35231301,psefelicio.18@gmail.com,,creas,MDS/SAGI/CadSUAS (extração 28/06/2026)
Fervedouro,CREAS Fervedouro,CREAS,"Avenida Maria Amelia de Souza Pedrosa, 478",Centro,36815-000,(32) 37421103,creasfervedouro@yahoo.com.br,,creas,MDS/SAGI/CadSUAS (extração 28/06/2026)
Florestal,CREAS Florestal,CREAS,"Rua Alfredo Andrade, 326",Centro,35690-000,(31) 35363089,assistenciasocial@florestal.mg.gov.br,,creas,MDS/SAGI/CadSUAS (extração 28/06/2026)
Formiga,CREAS Formiga,CREAS,"Rua Antonio Joaquim Rangel, 75",São Geraldo,35576-212,(37) 33291806,creasformiga@gmail.com,,creas,MDS/SAGI/CadSUAS (extração 28/06/2026)
Francisco Dumont,CREAS Francisco Dumont,CREAS,"Rua Escrivães de Paz, 82",Centro,39387-000,(38) 998933386,psefranciscodumont@gmail.com,,creas,MDS/SAGI/CadSUAS (extração 28/06/2026)
Francisco Sá,CREAS Francisco Sá,CREAS,"Avenida Getúlio Vargas, 999",Centro,39580-000,(38) 999894775,creasfranciscosa2013@yahoo.com.br,,creas,MDS/SAGI/CadSUAS (extração 28/06/2026)
Frei Inocêncio,CREAS Frei Inocêncio,CREAS,"Avenida Prefeito Pedro Lima de Almeida, 520",Centro,35112-000,(33) 984199849,assistenciasocialfi@gmail.com,,creas,MDS/SAGI/CadSUAS (extração 28/06/2026)
Frei Lagonegro,CREAS Municipal de Frei Lagonegro (Frei Lagonegro),CREAS,"Rua da Quadra, 30",Centro,39708-000,(33) 999094659,creasmunicipalfrei@gmail.com,,creas,MDS/SAGI/CadSUAS (extração 28/06/2026)
Frutal,CREAS Frutal,CREAS,"Rua Prefeito Joao Carlos Ribeiro, 650",Jardim das Laranjeiras,38204-132,(34) 34238056,creas@frutal.mg.gov.br,,creas,MDS/SAGI/CadSUAS (extração 28/06/2026)
Gameleiras,CREAS Cezaria Francisca do Rosario (Gameleiras),CREAS,"Av. Nicolau Antunes, 9",Centro,39505-000,(38) 38119143,smasgameleiras@yahoo.com,,creas,MDS/SAGI/CadSUAS (extração 28/06/2026)
Goiabeira,CREAS Goiabeira,CREAS,"Rua Francisca de Souza Garcia, 92",Centro,35248-000,(33) 999356528,creas@goiabeira.mg.gov.br,,creas,MDS/SAGI/CadSUAS (extração 28/06/2026)
Gonzaga,CREAS Gonzaga,CREAS,"Rua Antônio Perpétuo, 461",Centro,39720-000,(33) 984214711,creasgonzagamg@gmail.com,,creas,MDS/SAGI/CadSUAS (extração 28/06/2026)
Governador Valadares,CREAS Governador Valadares,CREAS,"Rua Afonso Pena, 2343",Centro,35010-000,(33) 32219551,smas.creas@valadares.mg.gov.br,,creas,MDS/SAGI/CadSUAS (extração 28/06/2026)
Grão Mogol,CREAS Grão Mogol,CREAS,"Rua Nelson Evaristo Santana, 100",Bom Gosto,39570-000,(38) 997333361,creas@graomogol.mg.gov.br,,creas,MDS/SAGI/CadSUAS (extração 28/06/2026)
Guanhães,CREAS Guanhães,CREAS,"Rua Benjanim Constant, 15",Expansão,39740-000,(33) 34211408,creasguanhaes@gmail.com,,creas,MDS/SAGI/CadSUAS (extração 28/06/2026)
Guaraciama,CREAS Guaraciama,CREAS,"Rua Manoel Gonçalves do Nascimento, 22",Francisco da Silva Maia,39397-000,(38) 32518334,creasguaraciama@gmail.com,,creas,MDS/SAGI/CadSUAS (extração 28/06/2026)
Guarda-Mor,CREAS Guarda-Mor,CREAS,"Rua Uberaba, 105",Centro,38570-000,(38) 999674303,epsemc@guardamor.mg.gov.br,,creas,MDS/SAGI/CadSUAS (extração 28/06/2026)
Guaxupé,CREAS Guaxupé,CREAS,"Travessa Alvaro Toledo, 23",Centro,37800-000,(35) 35591138,creas@guaxupe.mg.gov.br,,creas,MDS/SAGI/CadSUAS (extração 28/06/2026)
Guiricema,CREAS Guiricema,CREAS,"Rua Doutor Celso Machado, 50",Centro,36525-000,(32) 99861360,creas@guiricema.mg.gov.br,,creas,MDS/SAGI/CadSUAS (extração 28/06/2026)
Ibiá,CREAS Ibiá,CREAS,"Rua 237.0, 130",Jardim,38950-000,(34) 36314999,creas@ibia.mg.gov.br,,creas,MDS/SAGI/CadSUAS (extração 28/06/2026)
Ibiaí,CREAS Ibiaí,CREAS,"Rua Floresta, 439",Centro,39350-000,(38) 998682636,creasibiai@gmail.com,,creas,MDS/SAGI/CadSUAS (extração 28/06/2026)
Ibirité,CREAS I (Ibirité),CREAS,"Rua João Carvalho Drumond, 97",Vila Nova Esperança,32400-000,(31) 20103600,creasibirite@gmail.com,,creas,MDS/SAGI/CadSUAS (extração 28/06/2026)
Ibirité,CREAS Ii (Ibirité),CREAS,"Rua Décio Cardoso, 111",Bela Vista,32421-000,(31) 20103609,creas@ibirite.mg.gov.br,,creas,MDS/SAGI/CadSUAS (extração 28/06/2026)
Ibituruna,CREAS Ibituruna,CREAS,"Praça dos Bandeirantes, 164",Centro,37223-000,(35) 997307802,acaosocial@ibituruna.mg.gov.br,,creas,MDS/SAGI/CadSUAS (extração 28/06/2026)
Igarapé,CREAS Igarapé,CREAS,"Rua Primeiro de Maio, 251",Centro,32510-028,(31) 35345561,creas@social.igarape.mg.gov.br,,creas,MDS/SAGI/CadSUAS (extração 28/06/2026)
Inhapim,CREAS Inhapim,CREAS,"Rua Coronel Guilherme, 17",Centro,35330-000,(33) 33152646,creas_inhapim@gmail.com,,creas,MDS/SAGI/CadSUAS (extração 28/06/2026)
Ipanema,CREAS Ipanema,CREAS,"Rua Eugênio Nicolato Neto, 120",Morada do Sol,36950-000,(33) 33141216,creas@ipanema.mg.gov.br,,creas,MDS/SAGI/CadSUAS (extração 28/06/2026)
Ipatinga,CREAS Ipatinga,CREAS,"Rua Pouso Alegre, 34",Centro,35160-036,(31) 38298453,creas.pmi@ipatinga.mg.gov.br,,creas,MDS/SAGI/CadSUAS (extração 28/06/2026)
Ipuiúna,CREAS Luiz de Carvalho (Ipuiúna),CREAS,"Rua Clotildes Alves Santana, 43",Centro,37588-000,(35) 984287076,creasipuiuna@gmail.com,,creas,MDS/SAGI/CadSUAS (extração 28/06/2026)
Itabira,CREAS Itabira,CREAS,"Rua da Cultura, 100",Centro,35900-522,(31) 38392000,creas.smas@itabira.mg.gov.br,,creas,MDS/SAGI/CadSUAS (extração 28/06/2026)
Itabirito,CREAS Itabirito,CREAS,"Rua Anita de Carvalho Sans, 121",Praia,35450-222,(31) 35614080,creasatendimento@pmi.mg.gov.br,,creas,MDS/SAGI/CadSUAS (extração 28/06/2026)
Itacarambi,CREAS Itacarambi,CREAS,"Rua 31 de Dezembro, 177",Centro,39470-000,(38) 36131588,creasitac@hotmail.com,,creas,MDS/SAGI/CadSUAS (extração 28/06/2026)
Itaguara,CREAS Irene Maria Pereira (Itaguara),CREAS,"Rua Francisco Hilário, 27",Caiapó de Almeida,35488-000,(31) 31916134,creas@itaguara.mg.gov.br,,creas,MDS/SAGI/CadSUAS (extração 28/06/2026)
Itaipé,CREAS Itaipé,CREAS,"Rua Joao Batista, 81",Centro,39815-000,(33) 999220364,creasitaipe@gmail.com,,creas,MDS/SAGI/CadSUAS (extração 28/06/2026)
Itajubá,CREAS Vereador Geraldo José Canha (Itajubá),CREAS,"Rua Carlos Fernando Masseli, 9",Nossa Sra. da Agonia,37500-187,(35) 999308572,creas@itajuba.mg.gov.br,,creas,MDS/SAGI/CadSUAS (extração 28/06/2026)
Itamarandiba,CREAS Itamarandiba,CREAS,"Rua Nossa Senhora de Lourdes, 49",Centro,39670-000,(38) 35211580,creasitamarandiba@yahoo.com.br,,creas,MDS/SAGI/CadSUAS (extração 28/06/2026)
Itamarati de Minas,CREAS Itamarati de Minas,CREAS,"Avenida Coronel Araujo Porto, 10",Centro,36788-000,(32) 999973603,isabelaita@hotmail.com,,creas,MDS/SAGI/CadSUAS (extração 28/06/2026)
Itambacuri,CREAS Itambacuri,CREAS,"Praça doutor celso borges cordeiro, 22",Centro,39830-000,(33) 35112611,assistenciasocial2017@outlook.com,,creas,MDS/SAGI/CadSUAS (extração 28/06/2026)
Itamogi,CREAS Itamogi,CREAS,"Rua Adolfo Jose de Campos, s/n",Centro,37973-000,(35) 998592623,creas@itamogi.mg.gov.br,,creas,MDS/SAGI/CadSUAS (extração 28/06/2026)
Itaobim,CREAS 1 (Itaobim),CREAS,"Rua Piaui, 231",Centro,39625-000,(33) 37343652,creas@itaobim.mg.gov.br,,creas,MDS/SAGI/CadSUAS (extração 28/06/2026)
Itapecerica,CREAS Irmã Carolina da Silva (Itapecerica),CREAS,"Rua Coronel Leopoldo, 162",Centro,35550-000,(37) 998283026,diretoriacreas@itapecerica.mg.gov.br,,creas,MDS/SAGI/CadSUAS (extração 28/06/2026)
Itatiaiuçu,CREAS Itatiaiuçu,CREAS,"Praça Antonio Quirino da Silva, 330",Centro,35685-000,(31) 971880175,coordenacaocreas@itatiaiucu.mg.gov.br,,creas,MDS/SAGI/CadSUAS (extração 28/06/2026)
Itaú de Minas,CREAS Itaú de Minas,CREAS,"Avenida Engenheiro Manoel Batista, 353",Centro,37975-000,(35) 999240297,creas@itaudeminas.mg.gov.br,,creas,MDS/SAGI/CadSUAS (extração 28/06/2026)
Itaúna,CREAS Itaúna,CREAS,"Rua José Lara de Oliveira, 20",Lourdes,35680-898,(37) 32499231,creas@itauna.mg.gov.br,,creas,MDS/SAGI/CadSUAS (extração 28/06/2026)
Itinga,CREAS Laços de Esperança (Itinga),CREAS,"Avenida Brasil, 355",Planalto,39610-000,(33) 37331616,creas@itinga.mg.gov.br,,creas,MDS/SAGI/CadSUAS (extração 28/06/2026)
Ituiutaba,CREAS Ituiutaba,CREAS,"Avenida 15 c 24 e 26, 720",Centro,38300-134,(34) 32718214,creasituiutaba@yahoo.com.br,,creas,MDS/SAGI/CadSUAS (extração 28/06/2026)
Iturama,CREAS Dr. Gabriel Pereira Lopes (Iturama),CREAS,"Rua Ituiutaba, 1056",Centro,38280-000,(34) 998754512,creas@iturama.mg.gov.br,,creas,MDS/SAGI/CadSUAS (extração 28/06/2026)
Jacuí,CREAS Alvina Baquião dos Reis (Jacuí),CREAS,"Praça São Carlos, 461",São Carlos,37965-000,(35) 98081732,social@jacui.mg.gov.br,,creas,MDS/SAGI/CadSUAS (extração 28/06/2026)
Jacutinga,CREAS Amadeu Benedito Sales (Jacutinga),CREAS,"Praça dos Andradas, 131",Centro,37590-000,(35) 34434020,jacutinga.creas@gmail.com,,creas,MDS/SAGI/CadSUAS (extração 28/06/2026)
Jaíba,CREAS Jaíba,CREAS,"Rua Brasília, 281",Centro,39508-000,(38) 998700152,creas@jaiba.mg.gov.br,,creas,MDS/SAGI/CadSUAS (extração 28/06/2026)
Jampruca,CREAS Jampruca,CREAS,"Rua Emilia Duarte, 97",Centro,39837-000,(33) 998053756,creas@jampruca.mg.gov.br,,creas,MDS/SAGI/CadSUAS (extração 28/06/2026)
Janaúba,CREAS Janaúba,CREAS,"Rua Genésio Cangussu, 585",Veredas,39440-000,(38) 991612642,creas@janauba.mg.gov.br,,creas,MDS/SAGI/CadSUAS (extração 28/06/2026)
Januária,CREAS Januaria/MG (Januária),CREAS,"Rua Marcolina M. Batista Nunes da Costa, 50",Joventina Mesquita,39480-000,(38) 998526488,creasjanuaria@yahoo.com.br,,creas,MDS/SAGI/CadSUAS (extração 28/06/2026)
Japaraíba,CREAS Japaraíba,CREAS,"Rua José Evangelista Sobrinho, 64",Centro,35580-000,(37) 33541442,psejaparaiba@gmail.com,,creas,MDS/SAGI/CadSUAS (extração 28/06/2026)
Japonvar,CREAS Japonvar,CREAS,"Rua dos Militares, 77",Centro,39335-000,(38) 32319112,sdeassistenciasocial@yahoo.com.br,,creas,MDS/SAGI/CadSUAS (extração 28/06/2026)
Jequitinhonha,CREAS Jequitinhonha,CREAS,"Rua Felipe dos Santos, 310",Unicampo,39960-000,(33) 37411826,creas@jequitinhonha.mg.gov.br,,creas,MDS/SAGI/CadSUAS (extração 28/06/2026)
João Monlevade,CREAS João Monlevade,CREAS,"Rua kennedy, 110",Nossa Senhora da Conceição,35930-034,(31) 38590627,pmjm.creas@hotmail.com,,creas,MDS/SAGI/CadSUAS (extração 28/06/2026)
João Pinheiro,CREAS / Peti (João Pinheiro),CREAS,"Rua Paulo Afonso, 340",Esplanada,38770-000,(38) 33611969,creasjoaopinheiro@yahoo.com.br,,creas,MDS/SAGI/CadSUAS (extração 28/06/2026)
Juatuba,CREAS Juatuba,CREAS,"Rua wenzel huber, 63",Varginha,35675-000,(31) 35355359,creasjuatuba@gmail.com,,creas,MDS/SAGI/CadSUAS (extração 28/06/2026)
Juiz de Fora,CREAS Centro 1 (Juiz de Fora),CREAS,"Avenida Barão do Rio Branco, 1843",Centro,36013-020,(32) 984492069,creascentro1@pjf.mg.gov.br,,creas,MDS/SAGI/CadSUAS (extração 28/06/2026)
Juiz de Fora,CREAS Centro 2 (Juiz de Fora),CREAS,"Avenida Barão do Rio Branco, 1843",Centro,36013-020,(32) 36908275,creascentro2@pjf.mg.gov.br,,creas,MDS/SAGI/CadSUAS (extração 28/06/2026)
Juiz de Fora,CREAS Norte (Juiz de Fora),CREAS,"Rua Antônio Lagrota, 46",Mariano Procópio,36035-020,(32) 32233491,creasnorte@pjf.mg.gov.br,,creas,MDS/SAGI/CadSUAS (extração 28/06/2026)
Ladainha,CREAS Ladainha,CREAS,"Rua Monsenhor Otaviano, 147",Centro,39825-000,(33) 999318260,creasladainha1@gmail.com,,creas,MDS/SAGI/CadSUAS (extração 28/06/2026)
Lagoa da Prata,CREAS Lagoa da Prata,CREAS,"Rua Alagoas, 353",Marília,35592-198,(37) 32614761,creaslagoadaprata@gmail.com,,creas,MDS/SAGI/CadSUAS (extração 28/06/2026)
Lagoa dos Patos,CREAS Lagoa dos Patos,CREAS,"Rua Sao Jose, 190",Centro,39360-000,(38) 34260401,lagoadospatoscreas@gmail.com,,creas,MDS/SAGI/CadSUAS (extração 28/06/2026)
Lagoa Santa,CREAS Centro (Lagoa Santa),CREAS,"Rua Nossa Senhora da Saúde, 40",Centro,33230-130,(31) 36881492,creas@lagoasanta.mg.gov.br,,creas,MDS/SAGI/CadSUAS (extração 28/06/2026)
Laranjal,CREAS Antonio Manoel de Souza (Laranjal),CREAS,"Rua João Cassimiro de Souza, 214",Centro,36760-000,(32) 34241388,creaslaranjal@gmail.com,,creas,MDS/SAGI/CadSUAS (extração 28/06/2026)
Lavras,CREAS Lavras,CREAS,"Avenida Padre Dehon, 477",Centenário,37203-602,(35) 36944152,creas.docs@gmail.com,,creas,MDS/SAGI/CadSUAS (extração 28/06/2026)
Leopoldina,CREAS Carmélia Pires de Carvalho (Leopoldina),CREAS,Rua Lindolfo Pinheiro,Chácara Dona Euzébia,36700-000,(32) 34415563,creasleopoldina@yahoo.com.br,,creas,MDS/SAGI/CadSUAS (extração 28/06/2026)
Lima Duarte,CREAS Lima Duarte,CREAS,"Rua Tancredo Alves, 111",Centro,36140-000,(32) 32811936,creaslimaduarte@yahoo.com,,creas,MDS/SAGI/CadSUAS (extração 28/06/2026)
Luisburgo,CREAS Gilberto Ramos Faria (Luisburgo),CREAS,"Rua Abilio de Souza Portes, 72",Centro,36923-000,(33) 988799853,creasluisburgo@gmail.com,,creas,MDS/SAGI/CadSUAS (extração 28/06/2026)
Luislândia,CREAS Luislândia,CREAS,"Avenida Anesio Botelho, 112",Centro,39336-000,(38) 32316148,creas@luislandia.mg.gov.br,,creas,MDS/SAGI/CadSUAS (extração 28/06/2026)
Luz,CREAS Luz,CREAS,"Rua Moema, 963",Monsenhor Parreiras,35595-000,(37) 34212252,creasluz@gmail.com,,creas,MDS/SAGI/CadSUAS (extração 28/06/2026)
Machacalis,CREAS Machacalis,CREAS,"Rua Salvador, 305",Centro,39873-000,(33) 999859763,maxakacreas@gmail.com,,creas,MDS/SAGI/CadSUAS (extração 28/06/2026)
Machado,CREAS Machado,CREAS,"Rua Major Feliciano, 849",Centro,37750-000,(35) 32952487,creas_protecao@machado.mg.gov.br,,creas,MDS/SAGI/CadSUAS (extração 28/06/2026)
Malacacheta,CREAS Malacacheta - Espaço Aliança (Malacacheta),CREAS,"Rua Tristão Aarão Couy, 351",Centro,39690-000,(33) 35141716,creas.malacacheta@gmail.com,,creas,MDS/SAGI/CadSUAS (extração 28/06/2026)
Manhuaçu,CREAS Manhuaçu,CREAS,"Rua Reverendo Antonio Godoy, 38",Centro,36900-094,(33) 33394754,creasmanhuacu@hotmail.com,,creas,MDS/SAGI/CadSUAS (extração 28/06/2026)
Manhumirim,CREAS Manhumirim,CREAS,"Rua Antônio Carlos, 41",Isidoro,36970-000,(33) 33412049,manhumirimcreas@yahoo.com,,creas,MDS/SAGI/CadSUAS (extração 28/06/2026)
Mantena,CREAS Mantena,CREAS,"Rua Santa Luzia, 262",Centro,35290-000,(33) 988289748,smasmantena@gmail.com,,creas,MDS/SAGI/CadSUAS (extração 28/06/2026)
Mariana,CREAS Mariana,CREAS,"Travessa Wenceslau Braz, 62",Centro,35424-143,(31) 35572913,creas@mariana.mg.gov.br,,creas,MDS/SAGI/CadSUAS (extração 28/06/2026)
Marilac,CREAS Marilac,CREAS,"Rua Governador Valadares, 230",Centro,35115-000,(33) 32921481,creasmarilac@hotmail.com,,creas,MDS/SAGI/CadSUAS (extração 28/06/2026)
Materlândia,CREAS Materlândia,CREAS,"Rua Padre Gusmão, 15",Centro,39755-000,(33) 998644089,creasatendimentomater@gmail.com,,creas,MDS/SAGI/CadSUAS (extração 28/06/2026)
Mateus Leme,CREAS Mateus Leme,CREAS,"Rua Guaraciaba Passos, 1293",Centro,35670-000,(31) 32082037,creas.pmml@gmail.com,,creas,MDS/SAGI/CadSUAS (extração 28/06/2026)
Matipó,CREAS Matipó,CREAS,"Rua C, 9",Exposição,35367-000,(31) 38731162,as.creasmatipo@gmail.com,,creas,MDS/SAGI/CadSUAS (extração 28/06/2026)
Matozinhos,CREAS Matozinhos,CREAS,"Avenida Bento Gonçalves, 235",Centro,35720-000,(31) 20108542,smds@matozinhos.mg.gov.br,,creas,MDS/SAGI/CadSUAS (extração 28/06/2026)
Medina,CREAS Emilly Daniele Marques Lima (Medina),CREAS,"Rua Valdivio Antunes Guimaraes, 50",Cidade Jardim,39620-000,(33) 37514743,creas@medina.mg.gov.br,,creas,MDS/SAGI/CadSUAS (extração 28/06/2026)
Minas Novas,CREAS Minas Novas,CREAS,"Rua Manoel Fulgêncio, 21",Centro,39650-000,(33) 37642754,socpmmn@hotmail.com,,creas,MDS/SAGI/CadSUAS (extração 28/06/2026)
Mirabela,CREAS Mirabela,CREAS,"Rua Dos Xavier, 136",Centro,39373-000,(38) 999665017,creasmirabela@gmail.com,,creas,MDS/SAGI/CadSUAS (extração 28/06/2026)
Monsenhor Paulo,CREAS Monsenhor Paulo,CREAS,"Rua Jose Martins dos Santos Filho, 10",Centro,37405-000,(35) 36631141,creas@monsenhorpaulo.mg.gov.br,,creas,MDS/SAGI/CadSUAS (extração 28/06/2026)
Montalvânia,CREAS Montalvânia,CREAS,"Rua Madame Curie, 77",Centro,39495-000,(38) 998363820,psemediacomplexidademtv@gmail.com,,creas,MDS/SAGI/CadSUAS (extração 28/06/2026)
Monte Alegre de Minas,CREAS Monte Alegre de Minas,CREAS,Praça Vereador Jose de Oliveira Arantes,Centro,38475-000,(34) 32830564,creasmam@hotmail.com,,creas,MDS/SAGI/CadSUAS (extração 28/06/2026)
Monte Azul,CREAS Monte Azul,CREAS,"Rua Governador Valadares, 191",Centro,39500-000,(38) 38111499,moacreas@gmail.com,,creas,MDS/SAGI/CadSUAS (extração 28/06/2026)
Monte Carmelo,CREAS Maria Zélia Fernandes (Monte Carmelo),CREAS,"Avenida Três, 9",Carmo,38500-000,(34) 38191238,creas@montecarmelo.mg.gov.br,,creas,MDS/SAGI/CadSUAS (extração 28/06/2026)
Monte Formoso,CREAS Monte Formoso,CREAS,"Rua Alvaro Moura, 81",Centro,39893-000,(33) 000000000,assistenciasocial.pmmf@gmail.com,,creas,MDS/SAGI/CadSUAS (extração 28/06/2026)
Monte Santo de Minas,CREAS Monte Santo de Minas,CREAS,"Rua Arístides Cunha, 315",Centro,37968-000,(35) 35915158,creas@montesantodeminas.mg.gov.br,,creas,MDS/SAGI/CadSUAS (extração 28/06/2026)
Monte Sião,CREAS Narciso da Costa (Monte Sião),CREAS,"Rua José Guireli, 86",Pq. Antonieta,37580-000,(35) 34656883,creas@montesiao.mg.gov.br,,creas,MDS/SAGI/CadSUAS (extração 28/06/2026)
Montes Claros,CREAS I (Montes Claros),CREAS,"Rua Tiradentes, 465",Centro,39400-076,(38) 22113430,creas1mocmg@gmail.com,,creas,MDS/SAGI/CadSUAS (extração 28/06/2026)
Montes Claros,CREAS Ii (Montes Claros),CREAS,"Avenida Viriato Ribeiro de Aquino, 80",Canelas Ii,39402-665,(38) 22113432,creas2.mocmg@gmail.com,,creas,MDS/SAGI/CadSUAS (extração 28/06/2026)
Morada Nova de Minas,CREAS Morada Nova de Minas,CREAS,"Rua Inácia Maria do Rosário, 350",Centro,35628-000,(37) 99495903,creasmoradanova@yahoo.com.br,,creas,MDS/SAGI/CadSUAS (extração 28/06/2026)
Muriaé,CREAS Muriaé,CREAS,"Rua Itagiba de Oliveira, 410",Barra,36880-000,(32) 37223659,creasmuriae@yahoo.com,,creas,MDS/SAGI/CadSUAS (extração 28/06/2026)
Mutum,CREAS Casa da Esperança (Mutum),CREAS,"Rua Inconfidência, 9",Centro,36955-000,(33) 936182112,acaosocialmutummg23@gmail.com,,creas,MDS/SAGI/CadSUAS (extração 28/06/2026)
Muzambinho,CREAS Muzambinho,CREAS,"Rua Sete de Setembro, 735",Centro,37890-000,(35) 35712046,creasmuzambinho@gmail.com,,creas,MDS/SAGI/CadSUAS (extração 28/06/2026)
Nanuque,CREAS Nanuque,CREAS,"Avenida Antonio Barroso, 120",Industrial,39860-000,(33) 999354791,creasnanuque@gmail.com,,creas,MDS/SAGI/CadSUAS (extração 28/06/2026)
Nazareno,CREAS Proteção Social Especial Nazareno (Nazareno),CREAS,"Rua José Venancio de Paula, 2",N.s. de Nazaré,36370-000,(35) 38421666,social@nazareno.mg.gov.br,,creas,MDS/SAGI/CadSUAS (extração 28/06/2026)
Nepomuceno,CREAS Centro (Nepomuceno),CREAS,"Rua Capitao Francisco Lima, 647",Centro,37250-000,(35) 984454203,creasnepomuceno@gmail.com,,creas,MDS/SAGI/CadSUAS (extração 28/06/2026)
Ninheira,CREAS Municipal de Ninheira (Ninheira),CREAS,"Rua Ugulino Rocha de Almeida, 48",Centro,39553-000,(38) 999573853,complexidademedianinheira@gmail.com,,creas,MDS/SAGI/CadSUAS (extração 28/06/2026)
Nova Lima,CREAS Nova Lima,CREAS,"Rua Dr. Cássio Magnani, 525",Centro,34000-045,(31) 31805950,creas.semds@pnl.mg.gov.br,,creas,MDS/SAGI/CadSUAS (extração 28/06/2026)
Nova Lima,CREAS Nova Lima - Jardim Canadá,CREAS,"Rua Natal, 344",Jardim Canadá,34007-764,(31) 987261206,creasnoroeste.coordenacao@pnl.mg.gov.br,,creas,MDS/SAGI/CadSUAS (extração 28/06/2026)
Nova Módica,CREAS Nova Módica,CREAS,"Travessa Lourival Esteves, 12",Centro,35113-000,(33) 91258206,protecaoespecial@outlook.com.br,,creas,MDS/SAGI/CadSUAS (extração 28/06/2026)
Nova Serrana,CREAS Dona Dolores Bretas de Lima (Nova Serrana),CREAS,"Rua Da Saudade, 623",Adalberto Ferreira do Amaral,35520-052,(37) 32262261,creas@novaserrana.mg.gov.br,,creas,MDS/SAGI/CadSUAS (extração 28/06/2026)
Novo Cruzeiro,CREAS Nc (Novo Cruzeiro),CREAS,"Rua Jorge Chaim, 53",São Bento,39820-000,(33) 35331348,creasnc@hotmail.com,,creas,MDS/SAGI/CadSUAS (extração 28/06/2026)
Oliveira,CREAS Irmão Raimundo Mesquita (Oliveira),CREAS,"Rua Francisco Cambraia campos, 302",Centro,35540-000,(37) 33319844,creas@oliveira.mg.gov.br,,creas,MDS/SAGI/CadSUAS (extração 28/06/2026)
Ouro Branco,CREAS Ouro Branco,CREAS,"Rua Eduardo Nicomedes, 556",Centro,36490-116,(31) 39381066,creas@ourobranco.mg.gov.br,,creas,MDS/SAGI/CadSUAS (extração 28/06/2026)
Ouro Fino,CREAS Dolores Volpini Ribeiro Silva (Ouro Fino),CREAS,"Rua Senador Júlio Brandão, 42",Centro,37570-000,(35) 34414333,creasof2013@gmail.com,,creas,MDS/SAGI/CadSUAS (extração 28/06/2026)
Ouro Preto,CREAS Ouro Preto,CREAS,"Avenida Juscelino Kubitscheck, 150",Bauxita,35402-179,(31) 992312356,creas@ouropreto.mg.gov.br,,creas,MDS/SAGI/CadSUAS (extração 28/06/2026)
Padre Paraíso,CREAS Padre Paraíso,CREAS,"Rua Aracuai, 259",Centro,39818-000,(33) 35341152,creas@padreparaiso.mg.gov.br,,creas,MDS/SAGI/CadSUAS (extração 28/06/2026)
Pai Pedro,CREAS Pai Pedro,CREAS,"Rua Ayrton Senna, 778",Vila Nova,39517-000,(38) 38318164,creaspaipedro@gmail.com,,creas,MDS/SAGI/CadSUAS (extração 28/06/2026)
Paineiras,CREAS Paineiras,CREAS,"Rua Antonio Pinto da Fonseca, 602",Centro,35622-000,(37) 99625118,paineirascreas@gmail.com,,creas,MDS/SAGI/CadSUAS (extração 28/06/2026)
Pains,CREAS Pains,CREAS,"Rua Bela Vista, 925",Dona Ziza,35582-000,(37) 999074989,social@pains.mg.gov.br,,creas,MDS/SAGI/CadSUAS (extração 28/06/2026)
Palmópolis,CREAS Palmópolis,CREAS,"Avenida Antônio Esteves Viana, 189",Centro,39945-000,(33) 998605292,creas@palmopolis.mg.gov.br,,creas,MDS/SAGI/CadSUAS (extração 28/06/2026)
Pará de Minas,CREAS João Batista de Souza (Pará de Minas),CREAS,"Rua Tamóios, 190",Providência,35661-157,(37) 32335921,creaspm@parademinas.mg.gov.br,,creas,MDS/SAGI/CadSUAS (extração 28/06/2026)
Paracatu,CREAS Paracatu,CREAS,"Avenida Bias Forte, 920",Bandeirantes,38600-000,(38) 36711894,creasptu@gmail.com,,creas,MDS/SAGI/CadSUAS (extração 28/06/2026)
Paraguaçu,CREAS Paraguaçu-MG (Paraguaçu),CREAS,"Rua Ana Rosa, 25",Centro,37120-000,(35) 32673141,creasparaguacu@gmail.com,,creas,MDS/SAGI/CadSUAS (extração 28/06/2026)
Paraisópolis,CREAS Paraisópolis/MG (Paraisópolis),CREAS,"Avenida Rio Branco, 603",Centro,37660-000,(35) 36514380,creasparaisopolismg@yahoo.com,,creas,MDS/SAGI/CadSUAS (extração 28/06/2026)
Paraopeba,CREAS Paraopeba,CREAS,"Rua Curvelo, 191",Nossa Senhora do Carmo,35774-000,(31) 37143699,creas3699@yahoo.com.br,,creas,MDS/SAGI/CadSUAS (extração 28/06/2026)
Passos,CREAS Novo Caminho (Passos),CREAS,"Rua Coronel João de Barros, 970",Centro,37900-010,(35) 984024341,creas@passos.mg.gov.br,,creas,MDS/SAGI/CadSUAS (extração 28/06/2026)
Patos de Minas,CREAS Patos de Minas,CREAS,"Rua Vereador João Pacheco, 632",Várzea,38700-551,(34) 38229804,creas@patosdeminas.mg.gov.br,,creas,MDS/SAGI/CadSUAS (extração 28/06/2026)
Patrocínio,CREAS Patrocínio,CREAS,"Avenida Joao Furtado de Oliveira, 2200",Santa Terezinha,38740-000,(34) 30992493,creas@patrocinio.mg.gov.br,,creas,MDS/SAGI/CadSUAS (extração 28/06/2026)
Pavão,CREAS Pavão,CREAS,"Praça lourival barbosa, 200",Centro,39814-000,(33) 35351764,creaspavao@gmail.com,,creas,MDS/SAGI/CadSUAS (extração 28/06/2026)
Pedra Azul,CREAS Pedra Azul,CREAS,"Praça Theopompo de Almeida, 14",Centro,39970-000,(33) 37513374,creaspedrazul@hotmail.com,,creas,MDS/SAGI/CadSUAS (extração 28/06/2026)
Pedra do Anta,CREAS Pedra do Anta,CREAS,"Rua Sao Vicente, 10",Centro,36585-000,(08) 000311130,assistenciasocial@pedradoanta.mg.gov.br,,creas,MDS/SAGI/CadSUAS (extração 28/06/2026)
Pedra do Indaiá,CREAS Pedra do Indaiá,CREAS,"Rua Nova, 80",Centro,35565-000,(37) 999661487,creas@pedradoindaia.mg.gov.br,,creas,MDS/SAGI/CadSUAS (extração 28/06/2026)
Pedralva,CREAS Pedralva,CREAS,"Rua Poeta Joao Carneiro de Rezende, 190",Centro,37520-000,(35) 997660103,pse@pedralva.mg.gov.br,,creas,MDS/SAGI/CadSUAS (extração 28/06/2026)
Pedro Leopoldo,CREAS Pedro Leopoldo,CREAS,"Rua Dr. Roberto Belisário Viana, 236, 236",Centro,33600-000,(31) 36623859,creaspl@pedroleopoldo.mg.gov.br,,creas,MDS/SAGI/CadSUAS (extração 28/06/2026)
Perdões,CREAS Perdões,CREAS,"Rua Dr.José de Magalhães Pinto, 31",João Xxiii,37260-000,(35) 35180348,creasperdoes@hotmail.com,,creas,MDS/SAGI/CadSUAS (extração 28/06/2026)
Piedade de Caratinga,CREAS Piedade de Caratinga,CREAS,Praça Adriano Sabino,Centro,35325-000,(33) 30386215,creaspiedade861@gmail.com,,creas,MDS/SAGI/CadSUAS (extração 28/06/2026)
Piranga,CREAS Piranga,CREAS,"Rua Vereadora Maria Anselmo, 78",Centro,36480-000,(31) 37461665,creaspiranga@gmail.com,,creas,MDS/SAGI/CadSUAS (extração 28/06/2026)
Pirapetinga,CREAS Pirapetinga,CREAS,"Rua Osorio Vieira da Fonseca, 100, 100",Centro,36730-000,(32) 34651500,creaspira@yahoo.com.br,,creas,MDS/SAGI/CadSUAS (extração 28/06/2026)
Pirapora,CREAS Pirapora,CREAS,"Rua Teófilo Barbosa, 353",Centro,39270-102,(38) 37406011,sefam.creas@pirapora.mg.gov.br,,creas,MDS/SAGI/CadSUAS (extração 28/06/2026)
Pitangui,"CREAS João Pedro Sobrinho - ""Joãozinho do Pasto"" (Pitangui)",CREAS,"Rua Treze de Maio, 320",Centro,35650-000,(37) 996605523,creas@pitangui.mg.gov.br,,creas,MDS/SAGI/CadSUAS (extração 28/06/2026)
Piumhi,CREAS Oscarina Brito Mota (Piumhi),CREAS,"Rua Tabelião Ovidio Arantes, 226",Centro,37925-000,(37) 33719271,creas@prefeiturapiumhi.mg.gov.br,,creas,MDS/SAGI/CadSUAS (extração 28/06/2026)
Poços de Caldas,CREAS Poços de Caldas,CREAS,"Rua Laguna, 820",Jardim dos Estados,37701-074,(35) 36972626,recepcaocreas@gmail.com,,creas,MDS/SAGI/CadSUAS (extração 28/06/2026)
Pompéu,CREAS Pompéu,CREAS,"Rua São Pedro, 358",São José,35640-000,(37) 35232203,creas@pompeu.mg.gov.br,,creas,MDS/SAGI/CadSUAS (extração 28/06/2026)
Ponte Nova,CREAS Ponte Nova,CREAS,"Avenida Caetano Marinho, 147",Centro,35430-001,(31) 38172870,creas@pontenova.mg.gov.br,,creas,MDS/SAGI/CadSUAS (extração 28/06/2026)
Ponto dos Volantes,CREAS Ponto dos Volantes,CREAS,Rua Nova,Centro,39615-000,(33) 37338010,creas.pvolantes@gmail.com,,creas,MDS/SAGI/CadSUAS (extração 28/06/2026)
Porteirinha,CREAS Portas Abertas (Porteirinha),CREAS,"Rua Belo Horizonte, 602",Centro,39520-000,(38) 38311070,creasporteirinha@yahoo.com.br,,creas,MDS/SAGI/CadSUAS (extração 28/06/2026)
Poté,CREAS Poté,CREAS,"Rua Domiciano Ferreira, 309",Maristela,39827-000,(33) 98634257,creas@pote.mg.gov.br,,creas,MDS/SAGI/CadSUAS (extração 28/06/2026)
Pouso Alegre,CREAS Cristóvão Cruz (Pouso Alegre),CREAS,"Avenida Pinto Cobra Rua Projetada, 2085",Centro,37554-290,(35) 31123817,creas_tecnicos@hotmail.com,,creas,MDS/SAGI/CadSUAS (extração 28/06/2026)
Prata,CREAS Prata,CREAS,"Rua Dom Eduardo, 826",Centro,38140-000,(34) 999786962,creas@prata.mg.gov.br,,creas,MDS/SAGI/CadSUAS (extração 28/06/2026)
Presidente Kubitschek,CREAS Presidente Kubitschek - Ivone Engrácia de Melo Almeida (Presidente Kubitschek),CREAS,"Avenida Nossa Senhora das Dores, 259",Centro,39135-000,(38) 35451217,creas@pk.mg.gov.br,,creas,MDS/SAGI/CadSUAS (extração 28/06/2026)
Raposos,CREAS Raposos,CREAS,"Rua Ernesto Cassilhas Silva, 20",Centro,34400-000,(31) 35432108,creasraposos2018@gmail.com,,creas,MDS/SAGI/CadSUAS (extração 28/06/2026)
Raul Soares,CREAS Raul Soares,CREAS,"Rua São Sebastião, 248",Centro,35350-000,(33) 33511415,creas@raulsoares.mg.gov.br,,creas,MDS/SAGI/CadSUAS (extração 28/06/2026)
Reduto,CREAS Reduto,CREAS,"Rua Fernando Maurilio Lopes, 71",Centro,36920-000,(33) 33784234,assistenciasocial@reduto.mg.gov.br,,creas,MDS/SAGI/CadSUAS (extração 28/06/2026)
Ressaquinha,CREAS Mãos que Acolhem (Ressaquinha),CREAS,"Rua dos Sagrados Corações de Jesus e Maria, 47",Costa da Mina,36270-000,(32) 33411350,creas@ressaquinha.mg.gov.br,,creas,MDS/SAGI/CadSUAS (extração 28/06/2026)
Ribeirão das Neves,CREAS Ribeirão das Neves,CREAS,"Rua João de Deus Gomes, 30",São Januário,33943-720,(31) 36382741,creasrn@ribeiraodasneves.mg.gov.br,,creas,MDS/SAGI/CadSUAS (extração 28/06/2026)
Rio Acima,CREAS Rio Acima,CREAS,"Rua Antônio Carlos, 88",Centro,34300-000,(31) 35452252,creas@prefeiturarioacima.mg.gov.br,,creas,MDS/SAGI/CadSUAS (extração 28/06/2026)
Rio Casca,CREAS Rio Casca,CREAS,"Rua Coronel José Vieria, 535",Centro,35370-000,(31) 997285263,creasriocasca@yahoo.com.br,,creas,MDS/SAGI/CadSUAS (extração 28/06/2026)
Rio Pardo de Minas,CREAS Rio Pardo de Minas,CREAS,"Rua Mateus Carmo, 95",Jardim Florestal,39530-000,(38) 38241824,creasrpmmg.direitos@yahoo.com.br,,creas,MDS/SAGI/CadSUAS (extração 28/06/2026)
Rio Piracicaba,CREAS Municipal de Rio Piracicaba (Rio Piracicaba),CREAS,"Rua Brasil, 49",Centro,35940-000,(31) 971043381,pse@riopiracicaba.mg.gov.br,,creas,MDS/SAGI/CadSUAS (extração 28/06/2026)
Rio Vermelho,CREAS Rio Vermelho,CREAS,"Rua João Antônio Carvalhais, 352",Centro,39170-000,(33) 34361879,smas@riovermelho.mg.gov.br,,creas,MDS/SAGI/CadSUAS (extração 28/06/2026)
Sabará,CREAS Sede (Sabará),CREAS,"Praça Joao Antero Lopes, 112",Centro,34505-410,(31) 36727696,creas@sabara.mg.gov.br,,creas,MDS/SAGI/CadSUAS (extração 28/06/2026)
Sabinópolis,CREAS Sabinópolis,CREAS,"Praça Monsenhor José Amantino dos Santos, 22",Centro,39750-000,(33) 34231325,proespecial@sabinopolis.mg.gov.br,,creas,MDS/SAGI/CadSUAS (extração 28/06/2026)
Sacramento,CREAS Sacramento,CREAS,"Rua Silva Jardim, 8",Centro,38190-000,(34) 33514807,creas@sacramento.mg.gov.br,,creas,MDS/SAGI/CadSUAS (extração 28/06/2026)
Salinas,CREAS Salinas,CREAS,"Rua Nilson Gonçalves das Neves, 1",Floresta,39560-000,(38) 38411451,creas@salinas.mg.gov.br,,creas,MDS/SAGI/CadSUAS (extração 28/06/2026)
Santa Bárbara,CREAS Santa Bárbara,CREAS,"Rua Boa Esperança, 70",Tenente Carlos,35960-000,(31) 38324528,creas@santabarbara.mg.gov.br,,creas,MDS/SAGI/CadSUAS (extração 28/06/2026)
Santa Luzia,CREAS Santa Luzia,CREAS,"Rua Parana, 520",São Benedito,33125-200,(31) 36371824,creas.saobenedito@santaluzia.mg.gov.br,,creas,MDS/SAGI/CadSUAS (extração 28/06/2026)
Santa Rita de Caldas,CREAS Santa Rita de Caldas,CREAS,"Praça 22 de Maio, 162",Centro,37775-000,(35) 37342124,creas.srcaldas@gmail.com,,creas,MDS/SAGI/CadSUAS (extração 28/06/2026)
Santa Rita do Sapucaí,CREAS Cidadania em Ação (Santa Rita do Sapucaí),CREAS,"Avenida Antonio Paulino, 3",Centro,37536-018,(35) 34710718,creassantarita@hotmail.com,,creas,MDS/SAGI/CadSUAS (extração 28/06/2026)
Santana do Jacaré,CREAS Santana do Jacaré,CREAS,"Praça joao Alves Duca, 89",Centro,37278-000,(35) 38661300,social.sj@gmail.com,,creas,MDS/SAGI/CadSUAS (extração 28/06/2026)
Santana do Paraíso,CREAS Santana do Paraíso,CREAS,"Rua Sao Jose, 232",Centro,35179-000,(31) 32517527,creas@santanadoparaiso.mg.gov.br,,creas,MDS/SAGI/CadSUAS (extração 28/06/2026)
Santo Antônio do Itambé,CREAS Santo Antônio do Itambé,CREAS,"Rua Aristides Alves, 126",Centro,39160-000,(33) 34211301,creasitambe@yahoo.com.br,,creas,MDS/SAGI/CadSUAS (extração 28/06/2026)
Santo Antônio do Monte,CREAS Gildo Antônio dos Santos (Santo Antônio do Monte),CREAS,"Rua Francisco Joaquim de Oliveira, 1750",Planalto,35560-000,(37) 32817324,creas@samonte.mg.gov.br,,creas,MDS/SAGI/CadSUAS (extração 28/06/2026)
Santos Dumont,CREAS Antonio Pereira Pontes (Santos Dumont),CREAS,"Rua Carvalho Leite, 54",Graminha,36242-264,(32) 39340608,creas@santosdumont.mg.gov.br,,creas,MDS/SAGI/CadSUAS (extração 28/06/2026)
São Francisco,CREAS São Francisco,CREAS,"Rua Euclides Mendonça, 841",Santo Antônio,39300-000,(38) 992310103,creas@saofrancisco.mg.gov.br,,creas,MDS/SAGI/CadSUAS (extração 28/06/2026)
São Francisco do Glória,CREAS São Francisco do Glória,CREAS,"Rua Azarias Varela Azevedo, 46",Centro,36810-000,(32) 984861980,creassfg@hotmail.com,,creas,MDS/SAGI/CadSUAS (extração 28/06/2026)
São Gonçalo do Pará,CREAS Padre Agostinho Ferreira Gomes (São Gonçalo do Pará),CREAS,"Avenida Presidente Tancredo Neves, 388",Centro,35544-000,(37) 32342187,assistenciasocial@saogoncalodopara.mg.gov.br,,creas,MDS/SAGI/CadSUAS (extração 28/06/2026)
São Gonçalo do Rio Abaixo,CREAS São Gonçalo do Rio Abaixo,CREAS,"Rua Monsenhor Torres, 31",Centro,35935-000,(31) 38201887,creas@saogoncalo.mg.gov.br,,creas,MDS/SAGI/CadSUAS (extração 28/06/2026)
São Gonçalo do Sapucaí,CREAS São Gonçalo do Sapucaí,CREAS,"Rua Ildefonso Inacio Ramos, 45",Centro,37490-000,(35) 32413117,creas@saogoncalodosapucai.mg.gov.br,,creas,MDS/SAGI/CadSUAS (extração 28/06/2026)
São Gotardo,CREAS São Gotardo,CREAS,"Rua Dr. Joaquim dos Santos Siqueira, 521",Nossa Senhora de Fátima,38800-000,(34) 36718214,creassg@gmail.com,,creas,MDS/SAGI/CadSUAS (extração 28/06/2026)
São João da Lagoa,CREAS Sevaescca (São João da Lagoa),CREAS,"Rua Joaquim Ferreira, 59",Centro,39355-000,(38) 999555172,creassjl@gmail.com,,creas,MDS/SAGI/CadSUAS (extração 28/06/2026)
São João da Ponte,CREAS Serviço Especializado (São João da Ponte),CREAS,"Rua trinta e um de dezembro, 254",Centro,39430-000,(38) 32341345,creasponte@yahoo.com.br,,creas,MDS/SAGI/CadSUAS (extração 28/06/2026)
São João del Rei,CREAS Reconstruindo Vínculos (São João del Rei),CREAS,"Rua Gonçalves Coelho, 82",Centro,36307-362,(32) 3379-1526,creas.sjdr@gmail.com,,creas,MDS/SAGI/CadSUAS (extração 28/06/2026)
São João do Oriente,CREAS São João do Oriente,CREAS,"Rua São João Del Rey, 91",Centro,35146-000,(33) 33561230,creassjo@gmail.com,,creas,MDS/SAGI/CadSUAS (extração 28/06/2026)
São João do Pacuí,CREAS São João do Pacuí,CREAS,"Praça Joao Dias de Castro, 86",Centro,39365-000,(38) 998970463,creas@saojoaodopacui.mg.gov.br,,creas,MDS/SAGI/CadSUAS (extração 28/06/2026)
São João do Paraíso,CREAS São João do Paraíso,CREAS,"Rua Alcides Batista, 47",Morada do Sol,39540-000,(38) 933001886,creassjpmg@gmail.com,,creas,MDS/SAGI/CadSUAS (extração 28/06/2026)
São João Evangelista,CREAS São João Evangelista,CREAS,"Rua Heitor José Pimenta, 57",Rosário,39705-000,(33) 998692709,smas@sje.mg.gov.br,,creas,MDS/SAGI/CadSUAS (extração 28/06/2026)
São João Nepomuceno,CREAS São João Nepomuceno,CREAS,"Rua Comendador João Medina, 284",Centro,36682-239,(32) 32618588,creas.sjn@gmail.com,,creas,MDS/SAGI/CadSUAS (extração 28/06/2026)
São Joaquim de Bicas,CREAS São Joaquim de Bicas,CREAS,"Rua Rio de Janeiro, 342",Tereza Cristina,32920-000,(31) 35482419,coordenador.creas@socialsjbicas.com.br,,creas,MDS/SAGI/CadSUAS (extração 28/06/2026)
São José da Lapa,CREAS Centro (São José da Lapa),CREAS,"Rua São Vicente de Paulo, 28",Centro,33350-000,(31) 20101255,creas@saojosedalapa.mg.gov.br,,creas,MDS/SAGI/CadSUAS (extração 28/06/2026)
São Lourenço,CREAS São Lourenço,CREAS,"Avenida Antônio Junqueira de Souza, 433",Centro,37470-000,(35) 999019520,creas@saolourenco.mg.gov.br,,creas,MDS/SAGI/CadSUAS (extração 28/06/2026)
São Romão,CREAS Novo Tempo (São Romão),CREAS,"Rua Nossa Senhora da Abadia, 146",Centro,39290-000,(38) 98709850,creassaoromao18@gmail.com,,creas,MDS/SAGI/CadSUAS (extração 28/06/2026)
São Sebastião da Vargem Alegre,CREAS Maria Cristina Pires Alves de Souza (São Sebastião da Vargem Alegre),CREAS,"Rua Emílio Carlos de Almeida, 30",Centro,36793-000,(32) 999659243,creas@saosebastiaodavargemalegre.mg.gov.br,,creas,MDS/SAGI/CadSUAS (extração 28/06/2026)
São Sebastião do Maranhão,CREAS São Sebastião do Maranhão,CREAS,"Rua Clovis Franco, 54",Centro,39795-000,(33) 984226059,creasssm@gmail.com,,creas,MDS/SAGI/CadSUAS (extração 28/06/2026)
São Sebastião do Oeste,CREAS Vitor Manoel dos Santos (São Sebastião do Oeste),CREAS,"Rua Bonfim, 670",Centro,35567-000,(37) 998232319,sso.creas@gmail.com,,creas,MDS/SAGI/CadSUAS (extração 28/06/2026)
São Sebastião do Paraíso,CREAS São Sebastião do Paraíso,CREAS,"Rua Pimenta de Pádua, 1865",Centro,37950-000,(35) 35315069,creas.smds@ssparaiso.mg.gov.br,,creas,MDS/SAGI/CadSUAS (extração 28/06/2026)
São Tiago,CREAS São Tiago,CREAS,"Rua Antônio Para de Resende, 88",Centro,36350-000,(32) 33762812,assistenciasocial@saotiago.mg.gov.br,,creas,MDS/SAGI/CadSUAS (extração 28/06/2026)
São Tomé das Letras,CREAS Direito de Recomeçar (São Tomé das Letras),CREAS,"Rua Vicente Ferreira Pompeu, 55",Centro,37408-000,(35) 32371219,creas@saotomedasletras.mg.gov.br,,creas,MDS/SAGI/CadSUAS (extração 28/06/2026)
Sarzedo,CREAS Sarzedo,CREAS,"Rua José Batista Filho, 27",Centro,32450-000,(31) 35776087,creas@sarzedo.mg.gov.br,,creas,MDS/SAGI/CadSUAS (extração 28/06/2026)
Senador Modestino Gonçalves,CREAS Senador Modestino Gonçalves,CREAS,"Rua Diamantina, 64",Centro,39190-000,(38) 998755273,pmsmgasocial@yahoo.com.br,,creas,MDS/SAGI/CadSUAS (extração 28/06/2026)
Serra Azul de Minas,CREAS Serra Azul de Minas,CREAS,"Rua Jose Lacorderio, 72",Centro,39165-000,(38) 35471222,creas@serraazuldeminas.mg.gov.br,,creas,MDS/SAGI/CadSUAS (extração 28/06/2026)
Serro,CREAS Centro Serro (MG) (Serro),CREAS,"Rua Tiradentes, 89",Centro,39150-000,(38) 35411067,creas@serro.mg.gov.br,,creas,MDS/SAGI/CadSUAS (extração 28/06/2026)
Sete Lagoas,CREAS Sete Lagoas,CREAS,"Rua Claudionor Olinto Martins, 30",Bandeirantes,35700-761,(31) 37747585,creas.assistenciasocioal@setelagoas.mg.gov.br,,creas,MDS/SAGI/CadSUAS (extração 28/06/2026)
Simonésia,CREAS Simonésia,CREAS,"Rua Coronel Ardelino de Carvalho, 115",Centro,36930-000,(33) 984477297,creassimonesia@gmail.com,,creas,MDS/SAGI/CadSUAS (extração 28/06/2026)
Taiobeiras,CREAS Taiobeiras,CREAS,"Rua Bonfim, 146",Centro,39550-000,(38) 38452377,creas@taiobeiras.mg.gov.br,,creas,MDS/SAGI/CadSUAS (extração 28/06/2026)
Taparuba,CREAS Lizete Maria (Taparuba),CREAS,"Rua Flanklin Rodrigues, 7",Centro,36953-000,(33) 33148000,assistenciasocial@taparuba.mg.gov.br,,creas,MDS/SAGI/CadSUAS (extração 28/06/2026)
Teófilo Otoni,CREAS Teófilo Otoni,CREAS,"Rua José Boali, 18",Centro,39800-067,(33) 35365931,creas@teofilootoni.mg.gov.br,,creas,MDS/SAGI/CadSUAS (extração 28/06/2026)
Timóteo,CREAS Timóteo,CREAS,"Rua Seis de Janeiro, 207",Centro Norte,35180-030,(31) 38496716,creastimoteo@yahoo.com.br,,creas,MDS/SAGI/CadSUAS (extração 28/06/2026)
Tombos,CREAS Tombos,CREAS,"Rua Coronel Bento Machado, 275",Centro,36844-000,(32) 37512340,smastombos21@gmail.com,,creas,MDS/SAGI/CadSUAS (extração 28/06/2026)
Três Corações,CREAS Três Corações,CREAS,"Rua Vereador Abrahão Melchior Gonçalves, 65",Jardim Rio Verde,37410-000,(35) 32328351,creas@trescoracoes.mg.gov.br,,creas,MDS/SAGI/CadSUAS (extração 28/06/2026)
Três Marias,CREAS Três Marias,CREAS,"Avenida Felinto Muller, 216",Jk,39205-000,(38) 37548846,creas@tresmarias.mg.gov.br,,creas,MDS/SAGI/CadSUAS (extração 28/06/2026)
Três Pontas,CREAS Silvio Antônio de Souza Santos (Três Pontas),CREAS,"Avenida barão da Boa Esperança, 1116",Ouro Verde,37191-144,(35) 36613181,creas@trespontas.mg.gov.br,,creas,MDS/SAGI/CadSUAS (extração 28/06/2026)
Tupaciguara,CREAS Tupaciguara,CREAS,"Avenida Lindolfo Ferreira Borges, 245",Tiradentes,38480-000,(34) 32810058,creastupaciguara@hotmail.com,,creas,MDS/SAGI/CadSUAS (extração 28/06/2026)
Turmalina,CREAS Turmalina,CREAS,"Rua Minas Novas, 240",Rosário,39660-000,(38) 991892981,creasturmalina@yahoo.com.br,,creas,MDS/SAGI/CadSUAS (extração 28/06/2026)
Ubá,CREAS Ubá - Minas Gerais (Ubá),CREAS,"Rua Padre Gailhac, 65",Centro,36500-101,(32) 35418541,creascoord@uba.mg.gov.br,,creas,MDS/SAGI/CadSUAS (extração 28/06/2026)
Uberaba,CREAS Uberaba,CREAS,"Rua Lauro Borges, 139",Centro,38015-020,(34) 33171500,creasuberaba1@gmail.com,,creas,MDS/SAGI/CadSUAS (extração 28/06/2026)
Uberlândia,CREAS Uberlândia,CREAS,"Rua Varginha, 149",Daniel Fonseca,38400-000,(34) 32123992,creas.idoso@gmail.com,,creas,MDS/SAGI/CadSUAS (extração 28/06/2026)
Uberlândia,CREAS Uberlândia - Lidice,CREAS,"Avenida Rondon Pacheco, 1501",Lidice,38400-050,(34) 32392767,gestaosuas@uberlandia.mg.gov.br,,creas,MDS/SAGI/CadSUAS (extração 28/06/2026)
Uberlândia,CREAS Uberlândia (2),CREAS,"Avenida Rondon Pacheco, 1501",Lidice,38408-050,(34) 32392629,gestaosuas@uberlandia.mg.gov.br,,creas,MDS/SAGI/CadSUAS (extração 28/06/2026)
Unaí,CREAS Unaí,CREAS,"Avenida Lisboa, 27",Vila São Sebastião,38613-449,(38) 36770135,creas@prefeituraunai.mg.gov.br,,creas,MDS/SAGI/CadSUAS (extração 28/06/2026)
Urucuia,CREAS Urucuia,CREAS,"Rua São Geraldo, 31",Urucuia Velha,39315-000,(61) 996120377,social@urucuia.mg.gov.br,,creas,MDS/SAGI/CadSUAS (extração 28/06/2026)
Varginha,CREAS Varginha,CREAS,"Rua Irmão Mário Esdras, 306",Vila Pinto,37010-660,(35) 36902084,sehad@varginha.mg.gov.br,,creas,MDS/SAGI/CadSUAS (extração 28/06/2026)
Varjão de Minas,CREAS Varjão de Minas,CREAS,"Rua Vasco Ribeiro, 350",Centro,38794-000,(55) 999925168,crasvarjaom@gmail.com,,creas,MDS/SAGI/CadSUAS (extração 28/06/2026)
Várzea da Palma,CREAS Várzea da Palma,CREAS,"Rua Jose Fernandes Pereira, 5",Centro,39260-000,(38) 37312736,smdsvzp@gmail.com,,creas,MDS/SAGI/CadSUAS (extração 28/06/2026)
Vazante,CREAS Vazante,CREAS,"Avenida Castelo Branco, 500",Independencia,38780-000,(34) 38139731,creasvazante@hotmail.com,,creas,MDS/SAGI/CadSUAS (extração 28/06/2026)
Vespasiano,CREAS Vespasiano,CREAS,"Avenida Prefeito Sebastião Fernandes, 56",Centro,33200-318,(31) 36213018,acaosocial@vespasiano.mg.gov.br,,creas,MDS/SAGI/CadSUAS (extração 28/06/2026)
Viçosa,CREAS Viçosa,CREAS,"Rua Conceição, 156",Fatima,36570-000,(31) 38749358,creasvicosa@yhoo.com.br,,creas,MDS/SAGI/CadSUAS (extração 28/06/2026)
Vieiras,CREAS Vieiras,CREAS,"Avenida Alcino Bicalho, 379",Fava,36895-000,(32) 37551000,creas@vieiras.mg.gov.br,,creas,MDS/SAGI/CadSUAS (extração 28/06/2026)
Virgolândia,CREAS Virgolândia,CREAS,"Rua Prefeito Quim Julio, 63",Centro,39715-000,(33) 998155176,socialvirgolandia@yahoo.com.br,,creas,MDS/SAGI/CadSUAS (extração 28/06/2026)
Visconde do Rio Branco,CREAS Visconde do Rio Branco,CREAS,"Rua Jayme Silva, 42",Alto da Boa Vista,36520-000,(32) 35591926,creas@viscondedoriobranco.mg.gov.br,,creas,MDS/SAGI/CadSUAS (extração 28/06/2026)
